cenario,d,P(d<x)_teorico,P(d<x)_medido
baixa,1,0.38575,0.38600
baixa,2,0.52213,0.52194
baixa,3,0.59637,0.59627
baixa,4,0.64458,0.64426
baixa,5,0.67909,0.67890
baixa,7,0.72616,0.72570
baixa,9,0.75750,0.75694
baixa,13,0.79778,0.79713
baixa,18,0.82836,0.82769
baixa,25,0.85494,0.85444
baixa,34,0.87637,0.87599
baixa,47,0.89578,0.89540
baixa,65,0.91239,0.91199
baixa,90,0.92662,0.92616
baixa,124,0.93857,0.93841
baixa,171,0.94880,0.94888
baixa,236,0.95755,0.95767
baixa,325,0.96495,0.96499
baixa,448,0.97129,0.97130
baixa,618,0.97669,0.97655
baixa,852,0.98129,0.98110
baixa,1174,0.98520,0.98509
baixa,1619,0.98854,0.98844
baixa,2233,0.99139,0.99129
baixa,3079,0.99381,0.99377
baixa,4245,0.99587,0.99585
baixa,5854,0.99763,0.99768
baixa,8072,0.99913,0.99919
baixa,10000,1.00000,1.00000
baixa,11130,1.00000,1.00000
baixa,15348,1.00000,1.00000
baixa,21163,1.00000,1.00000
baixa,29182,1.00000,1.00000
baixa,40239,1.00000,1.00000
baixa,55486,1.00000,1.00000
baixa,76510,1.00000,1.00000
baixa,105501,1.00000,1.00000
baixa,145476,1.00000,1.00000
baixa,200598,1.00000,1.00000
baixa,276605,1.00000,1.00000
baixa,381413,1.00000,1.00000
baixa,525933,1.00000,1.00000
baixa,725212,1.00000,1.00000
baixa,1000000,1.00000,1.00000
media,1,0.10217,0.10224
media,2,0.15326,0.15387
media,3,0.18731,0.18791
media,4,0.21285,0.21327
media,5,0.23329,0.23377
media,7,0.26491,0.26535
media,9,0.28904,0.28958
media,13,0.32491,0.32553
media,18,0.35710,0.35762
media,25,0.38988,0.39009
media,34,0.42076,0.42108
media,47,0.45343,0.45345
media,65,0.48626,0.48620
media,90,0.51929,0.51917
media,124,0.55187,0.55158
media,171,0.58460,0.58463
media,236,0.61743,0.61700
media,325,0.65006,0.64970
media,448,0.68282,0.68256
media,618,0.71565,0.71533
media,852,0.74844,0.74775
media,1174,0.78117,0.78079
media,1619,0.81400,0.81327
media,2233,0.84684,0.84624
media,3079,0.87966,0.87926
media,4245,0.91246,0.91207
media,5854,0.94530,0.94536
media,8072,0.97812,0.97794
media,10000,1.00000,1.00000
media,11130,1.00000,1.00000
media,15348,1.00000,1.00000
media,21163,1.00000,1.00000
media,29182,1.00000,1.00000
media,40239,1.00000,1.00000
media,55486,1.00000,1.00000
media,76510,1.00000,1.00000
media,105501,1.00000,1.00000
media,145476,1.00000,1.00000
media,200598,1.00000,1.00000
media,276605,1.00000,1.00000
media,381413,1.00000,1.00000
media,525933,1.00000,1.00000
media,725212,1.00000,1.00000
media,1000000,1.00000,1.00000
alta,1,0.00504,0.00514
alta,2,0.00860,0.00867
alta,3,0.01151,0.01167
alta,4,0.01402,0.01423
alta,5,0.01628,0.01643
alta,7,0.02024,0.02025
alta,9,0.02370,0.02377
alta,13,0.02966,0.02962
alta,18,0.03597,0.03603
alta,25,0.04351,0.04361
alta,34,0.05181,0.05179
alta,47,0.06207,0.06220
alta,65,0.07417,0.07430
alta,90,0.08847,0.08854
alta,124,0.10504,0.10522
alta,171,0.12456,0.12490
alta,236,0.14756,0.14806
alta,325,0.17438,0.17501
alta,448,0.20598,0.20638
alta,618,0.24316,0.24373
alta,852,0.28676,0.28730
alta,1174,0.33787,0.33848
alta,1619,0.39802,0.39825
alta,2233,0.46871,0.46862
alta,3079,0.55164,0.55133
alta,4245,0.64900,0.64863
alta,5854,0.76340,0.76306
alta,8072,0.89770,0.89736
alta,10000,1.00000,1.00000
alta,11130,1.00000,1.00000
alta,15348,1.00000,1.00000
alta,21163,1.00000,1.00000
alta,29182,1.00000,1.00000
alta,40239,1.00000,1.00000
alta,55486,1.00000,1.00000
alta,76510,1.00000,1.00000
alta,105501,1.00000,1.00000
alta,145476,1.00000,1.00000
alta,200598,1.00000,1.00000
alta,276605,1.00000,1.00000
alta,381413,1.00000,1.00000
alta,525933,1.00000,1.00000
alta,725212,1.00000,1.00000
alta,1000000,1.00000,1.00000
