cenario,de,ate,objetos,fracao_dos_objetos
sd01,1,1,2457,0.04962
sd01,2,3,4509,0.09106
sd01,4,7,7808,0.15768
sd01,8,15,11620,0.23466
sd01,16,31,12911,0.26073
sd01,32,63,8124,0.16406
sd01,64,127,2008,0.04055
sd01,128,251,81,0.00164
sd02,1,1,2488,0.05024
sd02,2,3,4612,0.09312
sd02,4,7,7689,0.15525
sd02,8,15,11509,0.23239
sd02,16,31,12877,0.26001
sd02,32,63,8366,0.16892
sd02,64,127,1922,0.03881
sd02,128,209,62,0.00125
sd03,1,1,2389,0.04819
sd03,2,3,4541,0.09160
sd03,4,7,7734,0.15600
sd03,8,15,11707,0.23614
sd03,16,31,13025,0.26273
sd03,32,63,8182,0.16504
sd03,64,127,1914,0.03861
sd03,128,246,84,0.00169
sd04,1,1,2419,0.04862
sd04,2,3,4664,0.09374
sd04,4,7,7842,0.15762
sd04,8,15,11695,0.23507
sd04,16,31,12957,0.26043
sd04,32,63,8154,0.16389
sd04,64,127,1954,0.03927
sd04,128,211,67,0.00135
sd05,1,1,2546,0.05043
sd05,2,3,4832,0.09570
sd05,4,7,8108,0.16059
sd05,8,15,11959,0.23686
sd05,16,31,12909,0.25568
sd05,32,63,8146,0.16134
sd05,64,127,1926,0.03815
sd05,128,242,63,0.00125
sd06,1,1,2751,0.05249
sd06,2,3,5014,0.09567
sd06,4,7,8629,0.16464
sd06,8,15,12594,0.24029
sd06,16,31,13592,0.25933
sd06,32,63,8115,0.15483
sd06,64,127,1656,0.03160
sd06,128,207,61,0.00116
sd07,1,1,2910,0.05305
sd07,2,3,5508,0.10042
sd07,4,7,9321,0.16993
sd07,8,15,13312,0.24269
sd07,16,31,14260,0.25997
sd07,32,63,8024,0.14628
sd07,64,127,1490,0.02716
sd07,128,176,27,0.00049
sd08,1,1,3133,0.05549
sd08,2,3,5680,0.10060
sd08,4,7,9780,0.17322
sd08,8,15,14085,0.24947
sd08,16,31,14472,0.25633
sd08,32,63,7938,0.14060
sd08,64,127,1355,0.02400
sd08,128,155,16,0.00028
sd09,1,1,3245,0.05667
sd09,2,3,5889,0.10284
sd09,4,7,10062,0.17571
sd09,8,15,14129,0.24673
sd09,16,31,14593,0.25484
sd09,32,63,8070,0.14093
sd09,64,127,1274,0.02225
sd09,128,130,2,0.00003
sd10,1,1,3269,0.05667
sd10,2,3,5954,0.10322
sd10,4,7,10144,0.17587
sd10,8,15,14354,0.24886
sd10,16,31,14698,0.25482
sd10,32,63,7987,0.13847
sd10,64,127,1273,0.02207
sd10,128,139,1,0.00002
sd11,1,1,3315,0.05723
sd11,2,3,5988,0.10337
sd11,4,7,10284,0.17753
sd11,8,15,14319,0.24718
sd11,16,31,14870,0.25669
sd11,32,63,7896,0.13630
sd11,64,123,1257,0.02170
