cenario,rotulo,beta,dmax,p_inf_alvo,requisicoes,aquecimento,reusos,p_inf_medido,sd_p25,sd_p50,sd_p75,sd_p90,sd_p99,objetos_distintos,footprint_1000req,req_por_objeto_media,req_por_objeto_maxima,fracao_objetos_1_req,fracao_req_top1pct,fracao_req_top10pct,erro_max_hrc_curva,erro_max_hrc_caches,limite,confere
sd01,"β = 3,0",3.0,10000,0.05,1000000,10000,950484,0.04952,0,0,0,1,5,49518,53.7,20.19,251,0.04962,0.05489,0.32592,0.00057,0.00049,0.00250,sim
sd02,"β = 2,5",2.5,10000,0.05,1000000,10000,950484,0.04952,0,0,1,2,13,49525,57.8,20.19,209,0.05024,0.05353,0.32115,0.00058,0.00052,0.00250,sim
sd03,"β = 2,0",2.0,10000,0.05,1000000,10000,950484,0.04952,0,0,1,5,60,49576,72.6,20.17,246,0.04819,0.05499,0.32411,0.00058,0.00053,0.00250,sim
sd04,"β = 1,75",1.75,10000,0.05,1000000,10000,950484,0.04952,0,0,3,12,256,49752,93.1,20.10,211,0.04862,0.05455,0.32505,0.00058,0.00049,0.00250,sim
sd05,"β = 1,5",1.5,10000,0.05,1000000,10000,950484,0.04952,0,1,8,51,1916,50489,139.6,19.81,242,0.05043,0.05527,0.32689,0.00058,0.00048,0.00250,sim
sd06,"β = 1,25",1.25,10000,0.05,1000000,10000,950484,0.04952,1,6,58,571,6733,52412,244.0,19.08,207,0.05249,0.05483,0.32396,0.00071,0.00063,0.00250,sim
sd07,"β = 1,0",1.0,10000,0.05,1000000,10000,950484,0.04952,5,74,870,3769,9075,54852,435.3,18.23,176,0.05305,0.05300,0.31936,0.00074,0.00074,0.00250,sim
sd08,"β = 0,75",0.75,10000,0.05,1000000,10000,950484,0.04952,96,869,3553,6824,9642,56459,657.8,17.71,155,0.05549,0.05255,0.31978,0.00074,0.00069,0.00250,sim
sd09,"β = 0,5",0.5,10000,0.05,1000000,10000,950484,0.04952,649,2536,5661,8119,9804,57264,819.0,17.46,130,0.05667,0.05143,0.31618,0.00075,0.00069,0.00250,sim
sd10,"β = 0,25",0.25,10000,0.05,1000000,10000,950484,0.04952,1573,3971,6823,8694,9868,57680,908.4,17.34,139,0.05667,0.05106,0.31708,0.00073,0.00068,0.00250,sim
sd11,"β = 0,0",0.0,10000,0.05,1000000,10000,950484,0.04952,2493,5000,7506,9003,9900,57929,953.9,17.26,123,0.05723,0.05044,0.31703,0.00071,0.00048,0.00250,sim
