cenario,janela_requisicoes,objetos_distintos_media,fracao_da_janela
baixa,1,1.0,1.0000
baixa,2,1.6,0.8165
baixa,3,2.2,0.7282
baixa,5,3.1,0.6291
baixa,9,4.8,0.5299
baixa,10,5.1,0.5136
baixa,15,6.8,0.4555
baixa,27,10.3,0.3826
baixa,46,15.0,0.3270
baixa,79,22.1,0.2793
baixa,100,26.1,0.2609
baixa,137,32.7,0.2385
baixa,237,48.5,0.2045
baixa,409,72.1,0.1762
baixa,707,107.9,0.1527
baixa,1000,139.8,0.1398
baixa,1222,162.4,0.1329
baixa,2111,245.7,0.1164
baixa,3646,374.5,0.1027
baixa,6300,575.8,0.0914
baixa,10000,834.3,0.0834
baixa,10884,893.7,0.0821
baixa,18803,1399.7,0.0744
baixa,32485,2214.3,0.0682
baixa,56123,3537.7,0.0630
baixa,96961,5696.0,0.0587
baixa,100000,5852.7,0.0585
baixa,167516,9249.8,0.0552
baixa,289410,15232.4,0.0526
baixa,500000,25596.0,0.0512
media,1,1.0,1.0000
media,2,1.9,0.9513
media,3,2.8,0.9204
media,5,4.4,0.8796
media,9,7.5,0.8310
media,10,8.2,0.8221
media,15,11.8,0.7878
media,27,19.9,0.7378
media,46,31.9,0.6924
media,79,51.1,0.6465
media,100,62.7,0.6265
media,137,82.2,0.5999
media,237,131.3,0.5539
media,409,208.0,0.5085
media,707,327.7,0.4636
media,1000,435.3,0.4353
media,1222,512.1,0.4191
media,2111,792.3,0.3753
media,3646,1212.0,0.3324
media,6300,1830.2,0.2905
media,10000,2559.9,0.2560
media,10884,2718.3,0.2498
media,18803,3956.4,0.2104
media,32485,5617.0,0.1729
media,56123,7712.8,0.1374
media,96961,10155.8,0.1047
media,100000,10305.0,0.1031
media,167516,13617.5,0.0813
media,289410,19589.0,0.0677
media,500000,29959.0,0.0599
alta,1,1.0,1.0000
alta,2,2.0,0.9976
alta,3,3.0,0.9957
alta,5,5.0,0.9926
alta,9,8.9,0.9879
alta,10,9.9,0.9868
alta,15,14.7,0.9824
alta,27,26.3,0.9742
alta,46,44.4,0.9643
alta,79,75.2,0.9513
alta,100,94.4,0.9445
alta,137,128.0,0.9341
alta,237,216.1,0.9117
alta,409,361.3,0.8833
alta,707,598.8,0.8470
alta,1000,819.0,0.8190
alta,1222,978.7,0.8009
alta,2111,1569.6,0.7435
alta,3646,2455.4,0.6734
alta,6300,3713.9,0.5895
alta,10000,5085.5,0.5086
alta,10884,5364.1,0.4928
alta,18803,7282.9,0.3873
alta,32485,9126.9,0.2810
alta,56123,10538.5,0.1878
alta,96961,12550.0,0.1294
alta,100000,12699.4,0.1270
alta,167516,16013.9,0.0956
alta,289410,21983.5,0.0760
alta,500000,32371.0,0.0647
