cenario,rank,requisicoes_ao_objeto,fracao_acumulada_das_requisicoes
baixa,1,123,0.00246
baixa,2,111,0.00468
baixa,3,106,0.00680
baixa,4,104,0.00888
baixa,5,102,0.01092
baixa,7,97,0.01484
baixa,9,90,0.01848
baixa,12,88,0.02380
baixa,16,80,0.03042
baixa,21,78,0.03830
baixa,28,73,0.04874
baixa,37,68,0.06132
baixa,49,63,0.07716
baixa,64,60,0.09572
baixa,85,57,0.12036
baixa,112,52,0.14950
baixa,147,47,0.18386
baixa,195,43,0.22690
baixa,257,39,0.27724
baixa,339,36,0.33886
baixa,447,30,0.40956
baixa,590,27,0.49110
baixa,779,22,0.58304
baixa,1028,18,0.68206
baixa,1357,14,0.78536
baixa,1790,9,0.88378
baixa,2363,5,0.96224
baixa,3118,1,1.00000
media,1,49,0.00098
media,2,44,0.00186
media,3,43,0.00272
media,5,39,0.00430
media,6,37,0.00504
media,9,36,0.00722
media,12,35,0.00934
media,16,33,0.01204
media,21,33,0.01534
media,29,31,0.02040
media,39,29,0.02636
media,53,28,0.03434
media,72,27,0.04476
media,98,25,0.05822
media,134,23,0.07570
media,181,22,0.09682
media,246,21,0.12446
media,334,19,0.15916
media,454,17,0.20242
media,617,16,0.25582
media,837,14,0.32030
media,1137,12,0.39888
media,1544,11,0.49188
media,2096,9,0.59770
media,2846,7,0.71334
media,3864,5,0.83084
media,5247,3,0.93682
media,7125,1,1.00000
alta,1,26,0.00052
alta,2,19,0.00090
alta,3,19,0.00128
alta,4,19,0.00166
alta,5,19,0.00204
alta,7,18,0.00276
alta,9,18,0.00348
alta,13,17,0.00488
alta,18,17,0.00658
alta,24,16,0.00856
alta,33,16,0.01144
alta,46,15,0.01538
alta,63,15,0.02048
alta,86,14,0.02692
alta,118,13,0.03584
alta,163,13,0.04754
alta,223,12,0.06262
alta,307,12,0.08278
alta,422,11,0.10818
alta,580,10,0.14176
alta,798,10,0.18536
alta,1097,9,0.23950
alta,1507,8,0.30824
alta,2072,7,0.39492
alta,2848,6,0.50048
alta,3915,5,0.62528
alta,5382,4,0.76398
alta,7398,3,0.90380
alta,10170,1,1.00000
