arquivo,cenario,beta,metodo,taxa_pct,janela,take,tipo_cache_sampling,linhas_entrada,linhas,fracao,distintos,blocos,ts_primeiro,ts_ultimo
amostra_a02_sd01-b300_sis-p01.csv,sd01-b300,3.0,sistematica,1,,,systematic_one,1000000,10001,0.010001,9295,10001,0,999999
amostra_a02_sd01-b300_sis-p10.csv,sd01-b300,3.0,sistematica,10,,,systematic_ten,1000000,100001,0.100001,37987,100001,0,999999
amostra_a02_sd01-b300_sis-p20.csv,sd01-b300,3.0,sistematica,20,,,systematic_twenty,1000000,200001,0.200001,44192,200001,0,999999
amostra_a02_sd01-b300_jan-p01-t1k.csv,sd01-b300,3.0,janela-1k,1,100000,1000,window_one_1k,1000000,10000,0.010000,547,10,99000,999999
amostra_a02_sd01-b300_jan-p10-t1k.csv,sd01-b300,3.0,janela-1k,10,10000,1000,window_ten_1k,1000000,100000,0.100000,5342,100,9000,999999
amostra_a02_sd01-b300_jan-p20-t1k.csv,sd01-b300,3.0,janela-1k,20,5000,1000,window_twenty_1k,1000000,200000,0.200000,10725,200,4000,999999
amostra_a02_sd01-b300_jan-p01-t10k.csv,sd01-b300,3.0,janela-10k,1,1000000,10000,window_one_10k,1000000,10000,0.010000,528,1,990000,999999
amostra_a02_sd01-b300_jan-p10-t10k.csv,sd01-b300,3.0,janela-10k,10,100000,10000,window_ten_10k,1000000,100000,0.100000,5098,10,90000,999999
amostra_a02_sd01-b300_jan-p20-t10k.csv,sd01-b300,3.0,janela-10k,20,50000,10000,window_twenty_10k,1000000,200000,0.200000,10069,20,40000,999999
amostra_a02_sd02-b250_sis-p01.csv,sd02-b250,2.5,sistematica,1,,,systematic_one,1000000,10001,0.010001,9078,10001,0,999999
amostra_a02_sd02-b250_sis-p10.csv,sd02-b250,2.5,sistematica,10,,,systematic_ten,1000000,100001,0.100001,37267,100001,0,999999
amostra_a02_sd02-b250_sis-p20.csv,sd02-b250,2.5,sistematica,20,,,systematic_twenty,1000000,200001,0.200001,43739,200001,0,999999
amostra_a02_sd02-b250_jan-p01-t1k.csv,sd02-b250,2.5,janela-1k,1,100000,1000,window_one_1k,1000000,10000,0.010000,583,10,99000,999999
amostra_a02_sd02-b250_jan-p10-t1k.csv,sd02-b250,2.5,janela-1k,10,10000,1000,window_ten_1k,1000000,100000,0.100000,5751,100,9000,999999
amostra_a02_sd02-b250_jan-p20-t1k.csv,sd02-b250,2.5,janela-1k,20,5000,1000,window_twenty_1k,1000000,200000,0.200000,11539,200,4000,999999
amostra_a02_sd02-b250_jan-p01-t10k.csv,sd02-b250,2.5,janela-10k,1,1000000,10000,window_one_10k,1000000,10000,0.010000,533,1,990000,999999
amostra_a02_sd02-b250_jan-p10-t10k.csv,sd02-b250,2.5,janela-10k,10,100000,10000,window_ten_10k,1000000,100000,0.100000,5152,10,90000,999999
amostra_a02_sd02-b250_jan-p20-t10k.csv,sd02-b250,2.5,janela-10k,20,50000,10000,window_twenty_10k,1000000,200000,0.200000,10185,20,40000,999999
amostra_a02_sd03-b200_sis-p01.csv,sd03-b200,2.0,sistematica,1,,,systematic_one,1000000,10001,0.010001,8801,10001,0,999999
amostra_a02_sd03-b200_sis-p10.csv,sd03-b200,2.0,sistematica,10,,,systematic_ten,1000000,100001,0.100001,36580,100001,0,999999
amostra_a02_sd03-b200_sis-p20.csv,sd03-b200,2.0,sistematica,20,,,systematic_twenty,1000000,200001,0.200001,43394,200001,0,999999
amostra_a02_sd03-b200_jan-p01-t1k.csv,sd03-b200,2.0,janela-1k,1,100000,1000,window_one_1k,1000000,10000,0.010000,725,10,99000,999999
amostra_a02_sd03-b200_jan-p10-t1k.csv,sd03-b200,2.0,janela-1k,10,10000,1000,window_ten_1k,1000000,100000,0.100000,7208,100,9000,999999
amostra_a02_sd03-b200_jan-p20-t1k.csv,sd03-b200,2.0,janela-1k,20,5000,1000,window_twenty_1k,1000000,200000,0.200000,14167,200,4000,999999
amostra_a02_sd03-b200_jan-p01-t10k.csv,sd03-b200,2.0,janela-10k,1,1000000,10000,window_one_10k,1000000,10000,0.010000,565,1,990000,999999
amostra_a02_sd03-b200_jan-p10-t10k.csv,sd03-b200,2.0,janela-10k,10,100000,10000,window_ten_10k,1000000,100000,0.100000,5479,10,90000,999999
amostra_a02_sd03-b200_jan-p20-t10k.csv,sd03-b200,2.0,janela-10k,20,50000,10000,window_twenty_10k,1000000,200000,0.200000,10853,20,40000,999999
amostra_a02_sd04-b175_sis-p01.csv,sd04-b175,1.75,sistematica,1,,,systematic_one,1000000,10001,0.010001,8735,10001,0,999999
amostra_a02_sd04-b175_sis-p10.csv,sd04-b175,1.75,sistematica,10,,,systematic_ten,1000000,100001,0.100001,36079,100001,0,999999
amostra_a02_sd04-b175_sis-p20.csv,sd04-b175,1.75,sistematica,20,,,systematic_twenty,1000000,200001,0.200001,43003,200001,0,999999
amostra_a02_sd04-b175_jan-p01-t1k.csv,sd04-b175,1.75,janela-1k,1,100000,1000,window_one_1k,1000000,10000,0.010000,929,10,99000,999999
amostra_a02_sd04-b175_jan-p10-t1k.csv,sd04-b175,1.75,janela-1k,10,10000,1000,window_ten_1k,1000000,100000,0.100000,9072,100,9000,999999
amostra_a02_sd04-b175_jan-p20-t1k.csv,sd04-b175,1.75,janela-1k,20,5000,1000,window_twenty_1k,1000000,200000,0.200000,17266,200,4000,999999
amostra_a02_sd04-b175_jan-p01-t10k.csv,sd04-b175,1.75,janela-10k,1,1000000,10000,window_one_10k,1000000,10000,0.010000,636,1,990000,999999
amostra_a02_sd04-b175_jan-p10-t10k.csv,sd04-b175,1.75,janela-10k,10,100000,10000,window_ten_10k,1000000,100000,0.100000,6236,10,90000,999999
amostra_a02_sd04-b175_jan-p20-t10k.csv,sd04-b175,1.75,janela-10k,20,50000,10000,window_twenty_10k,1000000,200000,0.200000,12219,20,40000,999999
amostra_a02_sd05-b150_sis-p01.csv,sd05-b150,1.5,sistematica,1,,,systematic_one,1000000,10001,0.010001,8609,10001,0,999999
amostra_a02_sd05-b150_sis-p10.csv,sd05-b150,1.5,sistematica,10,,,systematic_ten,1000000,100001,0.100001,35810,100001,0,999999
amostra_a02_sd05-b150_sis-p20.csv,sd05-b150,1.5,sistematica,20,,,systematic_twenty,1000000,200001,0.200001,43140,200001,0,999999
amostra_a02_sd05-b150_jan-p01-t1k.csv,sd05-b150,1.5,janela-1k,1,100000,1000,window_one_1k,1000000,10000,0.010000,1400,10,99000,999999
amostra_a02_sd05-b150_jan-p10-t1k.csv,sd05-b150,1.5,janela-1k,10,10000,1000,window_ten_1k,1000000,100000,0.100000,12689,100,9000,999999
amostra_a02_sd05-b150_jan-p20-t1k.csv,sd05-b150,1.5,janela-1k,20,5000,1000,window_twenty_1k,1000000,200000,0.200000,22391,200,4000,999999
amostra_a02_sd05-b150_jan-p01-t10k.csv,sd05-b150,1.5,janela-10k,1,1000000,10000,window_one_10k,1000000,10000,0.010000,859,1,990000,999999
amostra_a02_sd05-b150_jan-p10-t10k.csv,sd05-b150,1.5,janela-10k,10,100000,10000,window_ten_10k,1000000,100000,0.100000,8306,10,90000,999999
amostra_a02_sd05-b150_jan-p20-t10k.csv,sd05-b150,1.5,janela-10k,20,50000,10000,window_twenty_10k,1000000,200000,0.200000,15806,20,40000,999999
amostra_a02_sd06-b125_sis-p01.csv,sd06-b125,1.25,sistematica,1,,,systematic_one,1000000,10001,0.010001,8549,10001,0,999999
amostra_a02_sd06-b125_sis-p10.csv,sd06-b125,1.25,sistematica,10,,,systematic_ten,1000000,100001,0.100001,36322,100001,0,999999
amostra_a02_sd06-b125_sis-p20.csv,sd06-b125,1.25,sistematica,20,,,systematic_twenty,1000000,200001,0.200001,44044,200001,0,999999
amostra_a02_sd06-b125_jan-p01-t1k.csv,sd06-b125,1.25,janela-1k,1,100000,1000,window_one_1k,1000000,10000,0.010000,2434,10,99000,999999
amostra_a02_sd06-b125_jan-p10-t1k.csv,sd06-b125,1.25,janela-1k,10,10000,1000,window_ten_1k,1000000,100000,0.100000,18919,100,9000,999999
amostra_a02_sd06-b125_jan-p20-t1k.csv,sd06-b125,1.25,janela-1k,20,5000,1000,window_twenty_1k,1000000,200000,0.200000,29938,200,4000,999999
amostra_a02_sd06-b125_jan-p01-t10k.csv,sd06-b125,1.25,janela-10k,1,1000000,10000,window_one_10k,1000000,10000,0.010000,1455,1,990000,999999
amostra_a02_sd06-b125_jan-p10-t10k.csv,sd06-b125,1.25,janela-10k,10,100000,10000,window_ten_10k,1000000,100000,0.100000,13209,10,90000,999999
amostra_a02_sd06-b125_jan-p20-t10k.csv,sd06-b125,1.25,janela-10k,20,50000,10000,window_twenty_10k,1000000,200000,0.200000,23188,20,40000,999999
amostra_a02_sd07-b100_sis-p01.csv,sd07-b100,1.0,sistematica,1,,,systematic_one,1000000,10001,0.010001,8594,10001,0,999999
amostra_a02_sd07-b100_sis-p10.csv,sd07-b100,1.0,sistematica,10,,,systematic_ten,1000000,100001,0.100001,37243,100001,0,999999
amostra_a02_sd07-b100_sis-p20.csv,sd07-b100,1.0,sistematica,20,,,systematic_twenty,1000000,200001,0.200001,45444,200001,0,999999
amostra_a02_sd07-b100_jan-p01-t1k.csv,sd07-b100,1.0,janela-1k,1,100000,1000,window_one_1k,1000000,10000,0.010000,4227,10,99000,999999
amostra_a02_sd07-b100_jan-p10-t1k.csv,sd07-b100,1.0,janela-1k,10,10000,1000,window_ten_1k,1000000,100000,0.100000,26877,100,9000,999999
amostra_a02_sd07-b100_jan-p20-t1k.csv,sd07-b100,1.0,janela-1k,20,5000,1000,window_twenty_1k,1000000,200000,0.200000,38022,200,4000,999999
amostra_a02_sd07-b100_jan-p01-t10k.csv,sd07-b100,1.0,janela-10k,1,1000000,10000,window_one_10k,1000000,10000,0.010000,2625,1,990000,999999
amostra_a02_sd07-b100_jan-p10-t10k.csv,sd07-b100,1.0,janela-10k,10,100000,10000,window_ten_10k,1000000,100000,0.100000,20839,10,90000,999999
amostra_a02_sd07-b100_jan-p20-t10k.csv,sd07-b100,1.0,janela-10k,20,50000,10000,window_twenty_10k,1000000,200000,0.200000,32426,20,40000,999999
amostra_a02_sd08-b075_sis-p01.csv,sd08-b075,0.75,sistematica,1,,,systematic_one,1000000,10001,0.010001,8506,10001,0,999999
amostra_a02_sd08-b075_sis-p10.csv,sd08-b075,0.75,sistematica,10,,,systematic_ten,1000000,100001,0.100001,37559,100001,0,999999
amostra_a02_sd08-b075_sis-p20.csv,sd08-b075,0.75,sistematica,20,,,systematic_twenty,1000000,200001,0.200001,46227,200001,0,999999
amostra_a02_sd08-b075_jan-p01-t1k.csv,sd08-b075,0.75,janela-1k,1,100000,1000,window_one_1k,1000000,10000,0.010000,6213,10,99000,999999
amostra_a02_sd08-b075_jan-p10-t1k.csv,sd08-b075,0.75,janela-1k,10,10000,1000,window_ten_1k,1000000,100000,0.100000,32986,100,9000,999999
amostra_a02_sd08-b075_jan-p20-t1k.csv,sd08-b075,0.75,janela-1k,20,5000,1000,window_twenty_1k,1000000,200000,0.200000,43306,200,4000,999999
amostra_a02_sd08-b075_jan-p01-t10k.csv,sd08-b075,0.75,janela-10k,1,1000000,10000,window_one_10k,1000000,10000,0.010000,3997,1,990000,999999
amostra_a02_sd08-b075_jan-p10-t10k.csv,sd08-b075,0.75,janela-10k,10,100000,10000,window_ten_10k,1000000,100000,0.100000,28009,10,90000,999999
amostra_a02_sd08-b075_jan-p20-t10k.csv,sd08-b075,0.75,janela-10k,20,50000,10000,window_twenty_10k,1000000,200000,0.200000,39200,20,40000,999999
amostra_a02_sd09-b050_sis-p01.csv,sd09-b050,0.5,sistematica,1,,,systematic_one,1000000,10001,0.010001,8613,10001,0,999999
amostra_a02_sd09-b050_sis-p10.csv,sd09-b050,0.5,sistematica,10,,,systematic_ten,1000000,100001,0.100001,37950,100001,0,999999
amostra_a02_sd09-b050_sis-p20.csv,sd09-b050,0.5,sistematica,20,,,systematic_twenty,1000000,200001,0.200001,46684,200001,0,999999
amostra_a02_sd09-b050_jan-p01-t1k.csv,sd09-b050,0.5,janela-1k,1,100000,1000,window_one_1k,1000000,10000,0.010000,7503,10,99000,999999
amostra_a02_sd09-b050_jan-p10-t1k.csv,sd09-b050,0.5,janela-1k,10,10000,1000,window_ten_1k,1000000,100000,0.100000,36143,100,9000,999999
amostra_a02_sd09-b050_jan-p20-t1k.csv,sd09-b050,0.5,janela-1k,20,5000,1000,window_twenty_1k,1000000,200000,0.200000,45629,200,4000,999999
amostra_a02_sd09-b050_jan-p01-t10k.csv,sd09-b050,0.5,janela-10k,1,1000000,10000,window_one_10k,1000000,10000,0.010000,5136,1,990000,999999
amostra_a02_sd09-b050_jan-p10-t10k.csv,sd09-b050,0.5,janela-10k,10,100000,10000,window_ten_10k,1000000,100000,0.100000,32767,10,90000,999999
amostra_a02_sd09-b050_jan-p20-t10k.csv,sd09-b050,0.5,janela-10k,20,50000,10000,window_twenty_10k,1000000,200000,0.200000,43179,20,40000,999999
amostra_a02_sd10-b025_sis-p01.csv,sd10-b025,0.25,sistematica,1,,,systematic_one,1000000,10001,0.010001,8585,10001,0,999999
amostra_a02_sd10-b025_sis-p10.csv,sd10-b025,0.25,sistematica,10,,,systematic_ten,1000000,100001,0.100001,38129,100001,0,999999
amostra_a02_sd10-b025_sis-p20.csv,sd10-b025,0.25,sistematica,20,,,systematic_twenty,1000000,200001,0.200001,47048,200001,0,999999
amostra_a02_sd10-b025_jan-p01-t1k.csv,sd10-b025,0.25,janela-1k,1,100000,1000,window_one_1k,1000000,10000,0.010000,8269,10,99000,999999
amostra_a02_sd10-b025_jan-p10-t1k.csv,sd10-b025,0.25,janela-1k,10,10000,1000,window_ten_1k,1000000,100000,0.100000,37499,100,9000,999999
amostra_a02_sd10-b025_jan-p20-t1k.csv,sd10-b025,0.25,janela-1k,20,5000,1000,window_twenty_1k,1000000,200000,0.200000,46719,200,4000,999999
amostra_a02_sd10-b025_jan-p01-t10k.csv,sd10-b025,0.25,janela-10k,1,1000000,10000,window_one_10k,1000000,10000,0.010000,5937,1,990000,999999
amostra_a02_sd10-b025_jan-p10-t10k.csv,sd10-b025,0.25,janela-10k,10,100000,10000,window_ten_10k,1000000,100000,0.100000,35597,10,90000,999999
amostra_a02_sd10-b025_jan-p20-t10k.csv,sd10-b025,0.25,janela-10k,20,50000,10000,window_twenty_10k,1000000,200000,0.200000,45338,20,40000,999999
amostra_a02_sd11-b000_sis-p01.csv,sd11-b000,0.0,sistematica,1,,,systematic_one,1000000,10001,0.010001,8603,10001,0,999999
amostra_a02_sd11-b000_sis-p10.csv,sd11-b000,0.0,sistematica,10,,,systematic_ten,1000000,100001,0.100001,38222,100001,0,999999
amostra_a02_sd11-b000_sis-p20.csv,sd11-b000,0.0,sistematica,20,,,systematic_twenty,1000000,200001,0.200001,47208,200001,0,999999
amostra_a02_sd11-b000_jan-p01-t1k.csv,sd11-b000,0.0,janela-1k,1,100000,1000,window_one_1k,1000000,10000,0.010000,8591,10,99000,999999
amostra_a02_sd11-b000_jan-p10-t1k.csv,sd11-b000,0.0,janela-1k,10,10000,1000,window_ten_1k,1000000,100000,0.100000,38314,100,9000,999999
amostra_a02_sd11-b000_jan-p20-t1k.csv,sd11-b000,0.0,janela-1k,20,5000,1000,window_twenty_1k,1000000,200000,0.200000,47130,200,4000,999999
amostra_a02_sd11-b000_jan-p01-t10k.csv,sd11-b000,0.0,janela-10k,1,1000000,10000,window_one_10k,1000000,10000,0.010000,6500,1,990000,999999
amostra_a02_sd11-b000_jan-p10-t10k.csv,sd11-b000,0.0,janela-10k,10,100000,10000,window_ten_10k,1000000,100000,0.100000,37327,10,90000,999999
amostra_a02_sd11-b000_jan-p20-t10k.csv,sd11-b000,0.0,janela-10k,20,50000,10000,window_twenty_10k,1000000,200000,0.200000,46644,20,40000,999999
