cenario,amostra,metodo,taxa_pct,take,requisicoes,reusos,p_inf_medido,sd_p25,sd_p50,sd_p75,sd_p90,sd_p99,sd_max,objetos_distintos,footprint_1000req,req_por_objeto_media,req_por_objeto_maxima,fracao_objetos_1_req,fracao_req_top1pct,fracao_req_top10pct,erro_max_hrc_vs_completa,cache_do_erro_max,erro_medio_abs_hrc_vs_completa
sd01-b300,completa,completa,100,,1000000,950482,0.04952,0,0,0,1,5,987,49518,53.7,20.19,251,0.04962,0.05489,0.32592,0.00000,1,0.00000
sd01-b300,sis-p01,sistematica,1,,10001,706,0.92941,0,0,1,2,6,13,9295,928.0,1.08,5,0.93007,0.02420,0.16358,0.87989,1000,0.87450
sd01-b300,sis-p10,sistematica,10,,100001,62014,0.37987,0,1,2,4,14,646,37987,382.2,2.63,23,0.38324,0.04601,0.28258,0.50711,1,0.34216
sd01-b300,sis-p20,sistematica,20,,200001,155809,0.22096,0,0,1,3,12,873,44192,224.3,4.53,48,0.22006,0.05053,0.30496,0.37345,1,0.18258
sd01-b300,jan-p01-t1k,janela-1k,1,1000,10000,9453,0.05470,0,0,0,1,5,30,547,58.3,18.28,99,0.06033,0.04480,0.31870,0.00518,1000,0.00479
sd01-b300,jan-p10-t1k,janela-1k,10,1000,100000,94658,0.05342,0,0,0,1,5,38,5342,57.1,18.72,225,0.05129,0.05479,0.32534,0.00390,1000,0.00356
sd01-b300,jan-p20-t1k,janela-1k,20,1000,200000,189275,0.05362,0,0,0,1,5,43,10725,57.3,18.65,225,0.05184,0.05367,0.32356,0.00411,1000,0.00376
sd01-b300,jan-p01-t10k,janela-10k,1,10000,10000,9472,0.05280,0,0,0,1,5,45,528,56.7,18.94,133,0.05114,0.05730,0.32160,0.00812,1,0.00327
sd01-b300,jan-p10-t10k,janela-10k,10,10000,100000,94902,0.05098,0,0,0,1,5,415,5098,55.0,19.62,167,0.04884,0.05478,0.32644,0.00192,2,0.00143
sd01-b300,jan-p20-t10k,janela-10k,20,10000,200000,189931,0.05035,0,0,0,1,5,415,10069,54.4,19.86,168,0.04856,0.05484,0.32749,0.00083,90,0.00076
sd02-b250,completa,completa,100,,1000000,950475,0.04952,0,0,1,2,13,6637,49525,57.8,20.19,209,0.05024,0.05353,0.32115,0.00000,1,0.00000
sd02-b250,sis-p01,sistematica,1,,10001,923,0.90771,0,1,2,5,18,74,9078,906.7,1.10,5,0.90736,0.02640,0.18308,0.85818,8072,0.84874
sd02-b250,sis-p10,sistematica,10,,100001,62734,0.37267,0,1,4,9,40,4297,37267,378.1,2.68,23,0.37175,0.04527,0.28061,0.48837,2,0.34195
sd02-b250,sis-p20,sistematica,20,,200001,156262,0.21869,0,1,3,6,33,5067,43739,226.0,4.57,42,0.21722,0.04944,0.30023,0.38268,1,0.18786
sd02-b250,jan-p01-t1k,janela-1k,1,1000,10000,9417,0.05830,0,0,1,2,9,31,583,64.2,17.15,115,0.04117,0.06060,0.33310,0.00877,8072,0.00751
sd02-b250,jan-p10-t1k,janela-1k,10,1000,100000,94249,0.05751,0,0,1,2,10,207,5751,63.4,17.39,154,0.05651,0.05305,0.31911,0.00798,8072,0.00677
sd02-b250,jan-p20-t1k,janela-1k,20,1000,200000,188461,0.05770,0,0,1,2,10,714,11539,63.6,17.33,154,0.05555,0.05163,0.31766,0.00817,8072,0.00695
sd02-b250,jan-p01-t10k,janela-10k,1,10000,10000,9467,0.05330,0,0,1,2,11,58,533,60.6,18.76,99,0.06191,0.04650,0.32280,0.00755,2,0.00368
sd02-b250,jan-p10-t10k,janela-10k,10,10000,100000,94848,0.05152,0,0,1,2,12,276,5152,59.1,19.41,169,0.05280,0.05456,0.32599,0.00224,3,0.00182
sd02-b250,jan-p20-t10k,janela-10k,20,10000,200000,189815,0.05092,0,0,1,2,12,368,10185,58.7,19.64,169,0.05194,0.05355,0.32275,0.00140,8072,0.00118
sd03-b200,completa,completa,100,,1000000,950424,0.04958,0,0,1,5,60,9931,49576,72.6,20.17,246,0.04819,0.05499,0.32411,0.00000,1,0.00000
sd03-b200,sis-p01,sistematica,1,,10001,1200,0.88001,0,3,10,27,137,1125,8801,881.0,1.14,4,0.87888,0.02770,0.18938,0.83044,10000,0.81260
sd03-b200,sis-p10,sistematica,10,,100001,63421,0.36580,1,3,11,34,321,7325,36580,389.1,2.73,24,0.35943,0.04716,0.28279,0.49125,3,0.35016
sd03-b200,sis-p20,sistematica,20,,200001,156607,0.21697,0,2,7,22,229,8690,43394,245.0,4.61,42,0.21298,0.05082,0.30193,0.37389,2,0.20164
sd03-b200,jan-p01-t1k,janela-1k,1,1000,10000,9275,0.07250,0,0,1,4,22,62,725,83.7,13.79,86,0.06759,0.05360,0.32460,0.02292,10000,0.01745
sd03-b200,jan-p10-t1k,janela-1k,10,1000,100000,92792,0.07208,0,0,1,4,23,704,7208,82.9,13.87,122,0.07103,0.05140,0.31211,0.02250,10000,0.01691
sd03-b200,jan-p20-t1k,janela-1k,20,1000,200000,185833,0.07083,0,0,1,4,25,1660,14167,82.6,14.12,140,0.06748,0.05097,0.31078,0.02126,10000,0.01607
sd03-b200,jan-p01-t10k,janela-10k,1,10000,10000,9435,0.05650,0,0,1,5,40,346,565,74.9,17.70,119,0.06018,0.05000,0.30690,0.00866,5,0.00593
sd03-b200,jan-p10-t10k,janela-10k,10,10000,100000,94521,0.05479,0,0,1,5,45,956,5479,74.4,18.25,160,0.05275,0.05608,0.32792,0.00521,10000,0.00391
sd03-b200,jan-p20-t10k,janela-10k,20,10000,200000,189147,0.05427,0,0,1,5,43,2188,10853,73.7,18.43,176,0.05372,0.05549,0.32568,0.00469,10000,0.00321
sd04-b175,completa,completa,100,,1000000,950248,0.04975,0,0,3,12,250,9991,49752,93.1,20.10,211,0.04862,0.05455,0.32505,0.00000,1,0.00000
sd04-b175,sis-p01,sistematica,1,,10001,1266,0.87341,1,6,30,112,834,1740,8735,880.4,1.14,5,0.87544,0.02880,0.19258,0.82366,10000,0.79452
sd04-b175,sis-p10,sistematica,10,,100001,63922,0.36079,1,6,29,120,1519,7242,36079,419.8,2.77,23,0.36018,0.04659,0.28515,0.49221,5,0.35843
sd04-b175,sis-p20,sistematica,20,,200001,156998,0.21501,1,4,17,72,1143,10701,43003,279.7,4.65,47,0.21631,0.05043,0.30440,0.37090,3,0.21392
sd04-b175,jan-p01-t1k,janela-1k,1,1000,10000,9071,0.09290,0,0,2,8,37,134,929,108.8,10.76,65,0.07427,0.04860,0.30750,0.04315,10000,0.03028
sd04-b175,jan-p10-t1k,janela-1k,10,1000,100000,90928,0.09072,0,0,2,8,43,2196,9072,107.7,11.02,86,0.08466,0.05054,0.30930,0.04097,10000,0.02845
sd04-b175,jan-p20-t1k,janela-1k,20,1000,200000,182734,0.08633,0,0,2,8,56,4218,17266,107.0,11.58,91,0.07987,0.04997,0.30703,0.03658,10000,0.02571
sd04-b175,jan-p01-t10k,janela-10k,1,10000,10000,9364,0.06360,0,0,3,11,106,478,636,96.0,15.72,130,0.05818,0.04680,0.30650,0.01385,10000,0.00987
sd04-b175,jan-p10-t10k,janela-10k,10,10000,100000,93764,0.06236,0,0,3,10,107,1025,6236,95.6,16.04,131,0.05773,0.05219,0.32158,0.01261,10000,0.00794
sd04-b175,jan-p20-t10k,janela-10k,20,10000,200000,187781,0.06109,0,0,3,10,112,2994,12219,94.9,16.37,155,0.05753,0.05228,0.31912,0.01134,10000,0.00680
sd05-b150,completa,completa,100,,1000000,949511,0.05049,0,1,8,50,1774,9998,50489,139.6,19.81,242,0.05043,0.05527,0.32689,0.00000,1,0.00000
sd05-b150,sis-p01,sistematica,1,,10001,1392,0.86081,4,31,161,540,1453,2279,8609,883.6,1.16,6,0.85957,0.02850,0.19048,0.81032,10000,0.75800
sd05-b150,sis-p10,sistematica,10,,100001,64191,0.35810,3,22,150,780,4832,12857,35810,501.8,2.79,32,0.35998,0.04632,0.28542,0.48864,13,0.37043
sd05-b150,sis-p20,sistematica,20,,200001,156861,0.21570,2,12,79,462,4730,14801,43140,364.3,4.64,55,0.21741,0.05068,0.30489,0.36666,7,0.23327
sd05-b150,jan-p01-t1k,janela-1k,1,1000,10000,8600,0.14000,0,1,5,17,76,233,1400,162.9,7.14,47,0.14214,0.04660,0.29830,0.08951,10000,0.05643
sd05-b150,jan-p10-t1k,janela-1k,10,1000,100000,87311,0.12689,0,1,5,19,216,3885,12689,160.2,7.88,66,0.12475,0.04903,0.30386,0.07640,10000,0.04793
sd05-b150,jan-p20-t1k,janela-1k,20,1000,200000,177609,0.11195,0,1,5,23,746,6921,22391,158.6,8.93,67,0.10826,0.05056,0.30840,0.06147,10000,0.03960
sd05-b150,jan-p01-t10k,janela-10k,1,10000,10000,9141,0.08590,0,1,7,33,290,840,859,144.9,11.64,76,0.09546,0.05160,0.30520,0.03541,10000,0.02064
sd05-b150,jan-p10-t10k,janela-10k,10,10000,100000,91694,0.08306,0,1,6,31,303,2989,8306,143.1,12.04,93,0.07440,0.05057,0.31433,0.03257,10000,0.01757
sd05-b150,jan-p20-t10k,janela-10k,20,10000,200000,184194,0.07903,0,1,7,32,377,5613,15806,142.1,12.65,119,0.07491,0.05241,0.31613,0.02854,10000,0.01506
sd06-b125,completa,completa,100,,1000000,947588,0.05241,1,6,56,541,6456,9999,52412,244.0,19.08,207,0.05249,0.05483,0.32396,0.00000,1,0.00000
sd06-b125,sis-p01,sistematica,1,,10001,1452,0.85481,24,188,677,1314,2570,3976,8549,908.0,1.17,6,0.85647,0.02930,0.19348,0.80240,10000,0.69022
sd06-b125,sis-p10,sistematica,10,,100001,63679,0.36322,18,190,1243,3551,7354,18838,36322,653.1,2.75,23,0.36187,0.04713,0.28504,0.48455,90,0.37304
sd06-b125,sis-p20,sistematica,20,,200001,155957,0.22022,8,88,768,3003,7693,18369,44044,526.6,4.54,47,0.22067,0.05052,0.30279,0.36086,47,0.24931
sd06-b125,jan-p01-t1k,janela-1k,1,1000,10000,7566,0.24340,0,3,13,46,167,783,2434,277.2,4.11,31,0.23541,0.04410,0.28740,0.19099,10000,0.10556
sd06-b125,jan-p10-t1k,janela-1k,10,1000,100000,81081,0.18919,0,3,19,93,2660,12929,18919,271.6,5.29,51,0.18780,0.04961,0.29993,0.13679,10000,0.07672
sd06-b125,jan-p20-t1k,janela-1k,20,1000,200000,170062,0.14969,0,4,26,225,4517,20459,29938,269.7,6.68,69,0.14660,0.05193,0.30719,0.09750,10000,0.05772
sd06-b125,jan-p01-t10k,janela-10k,1,10000,10000,8545,0.14550,0,4,27,143,793,1387,1455,251.1,6.87,48,0.12646,0.04670,0.30100,0.09309,10000,0.04558
sd06-b125,jan-p10-t10k,janela-10k,10,10000,100000,86791,0.13209,0,4,29,161,1212,6576,13209,248.1,7.57,58,0.13082,0.04890,0.30500,0.07968,10000,0.03739
sd06-b125,jan-p20-t10k,janela-10k,20,10000,200000,176812,0.11594,0,4,33,203,2786,12483,23188,247.3,8.63,92,0.11351,0.04979,0.30763,0.06359,10000,0.02989
sd07-b100,completa,completa,100,,1000000,945148,0.05485,5,72,837,3632,9006,9999,54852,435.3,18.23,176,0.05305,0.05300,0.31936,0.00000,1,0.00000
sd07-b100,sis-p01,sistematica,1,,10001,1407,0.85931,142,539,1166,1994,3563,4769,8594,936.5,1.16,5,0.85955,0.02860,0.19178,0.80446,10000,0.57700
sd07-b100,sis-p10,sistematica,10,,100001,62758,0.37243,170,1219,3579,5708,10056,20109,37243,798.1,2.69,22,0.37046,0.04615,0.28219,0.43569,852,0.31987
sd07-b100,sis-p20,sistematica,20,,200001,154557,0.22722,83,856,3351,6116,9966,21653,45444,711.9,4.40,41,0.22674,0.04939,0.30005,0.32894,448,0.22147
sd07-b100,jan-p01-t1k,janela-1k,1,1000,10000,5773,0.42270,1,10,53,159,742,2570,4227,479.9,2.37,14,0.41424,0.04340,0.27140,0.36785,10000,0.17941
sd07-b100,jan-p10-t1k,janela-1k,10,1000,100000,73123,0.26877,3,24,226,2425,6882,17435,26877,470.7,3.72,32,0.26212,0.04806,0.29198,0.21512,10000,0.10893
sd07-b100,jan-p20-t1k,janela-1k,20,1000,200000,161978,0.19011,4,38,714,3800,8515,18496,38022,468.0,5.26,58,0.18447,0.04994,0.30321,0.13860,10000,0.07526
sd07-b100,jan-p01-t10k,janela-10k,1,10000,10000,7375,0.26250,3,25,177,641,1756,2568,2625,439.0,3.81,24,0.25029,0.04530,0.28300,0.20765,10000,0.08992
sd07-b100,jan-p10-t10k,janela-10k,10,10000,100000,79161,0.20839,3,32,268,1079,4740,16336,20839,439.3,4.80,43,0.19320,0.04872,0.29306,0.15374,10000,0.06466
sd07-b100,jan-p20-t10k,janela-10k,20,10000,200000,167574,0.16213,4,41,387,1915,7150,18481,32426,438.6,6.17,58,0.15010,0.05013,0.30045,0.10888,10000,0.04609
sd08-b075,completa,completa,100,,1000000,943541,0.05646,94,848,3480,6735,9625,9999,56459,657.8,17.71,155,0.05549,0.05255,0.31978,0.00000,1,0.00000
sd08-b075,sis-p01,sistematica,1,,10001,1495,0.85051,269,712,1400,2290,4164,6386,8506,944.5,1.18,6,0.84846,0.02860,0.19078,0.79406,10000,0.44688
sd08-b075,sis-p10,sistematica,10,,100001,62442,0.37559,707,2461,4676,6897,11478,26550,37559,881.1,2.66,21,0.37229,0.04555,0.28093,0.33310,10000,0.23081
sd08-b075,sis-p20,sistematica,20,,200001,153774,0.23113,547,2411,5158,7315,11280,24762,46227,835.4,4.33,36,0.22699,0.04848,0.29798,0.25500,2233,0.15535
sd08-b075,jan-p01-t1k,janela-1k,1,1000,10000,3787,0.62130,9,51,204,500,2032,4980,6213,699.2,1.61,10,0.60953,0.03670,0.23540,0.56484,10000,0.25039
sd08-b075,jan-p10-t1k,janela-1k,10,1000,100000,67014,0.32986,36,389,2880,5336,10257,24981,32986,691.0,3.03,26,0.32368,0.04684,0.28614,0.28098,10000,0.12744
sd08-b075,jan-p20-t1k,janela-1k,20,1000,200000,156694,0.21653,58,827,3916,6454,10847,23510,43306,688.3,4.62,42,0.21133,0.04945,0.30274,0.17302,10000,0.08201
sd08-b075,jan-p01-t10k,janela-10k,1,10000,10000,6003,0.39970,30,210,822,1744,3246,3959,3997,663.1,2.50,12,0.37853,0.03910,0.25820,0.34324,10000,0.13922
sd08-b075,jan-p10-t10k,janela-10k,10,10000,100000,71991,0.28009,43,358,1582,3746,8638,20682,28009,661.1,3.57,35,0.26327,0.04660,0.28479,0.22741,10000,0.08889
sd08-b075,jan-p20-t10k,janela-10k,20,10000,200000,160800,0.19600,59,520,2419,5266,10110,26503,39200,660.9,5.10,46,0.18390,0.04893,0.29803,0.14808,10000,0.05648
sd09-b050,completa,completa,100,,1000000,942736,0.05726,639,2501,5605,8073,9797,9999,57264,819.0,17.46,130,0.05667,0.05143,0.31618,0.00000,1,0.00000
sd09-b050,sis-p01,sistematica,1,,10001,1388,0.86121,320,714,1477,2436,4139,6141,8613,950.5,1.16,6,0.86172,0.02780,0.19188,0.80395,10000,0.37246
sd09-b050,sis-p10,sistematica,10,,100001,62051,0.37950,1201,2971,5199,7522,12160,22568,37950,921.0,2.64,20,0.37581,0.04506,0.27789,0.34112,10000,0.16850
sd09-b050,sis-p20,sistematica,20,,200001,153317,0.23342,1220,3379,5819,7989,11771,21375,46684,899.6,4.28,35,0.23250,0.04802,0.29706,0.20114,10000,0.10497
sd09-b050,jan-p01-t1k,janela-1k,1,1000,10000,2497,0.75030,51,211,611,1602,3592,5263,7503,846.3,1.33,7,0.74930,0.03290,0.21160,0.69304,10000,0.28814
sd09-b050,jan-p10-t1k,janela-1k,10,1000,100000,63857,0.36143,358,2068,4474,6936,11838,23123,36143,839.9,2.77,21,0.35595,0.04507,0.27847,0.31990,10000,0.12953
sd09-b050,jan-p20-t1k,janela-1k,20,1000,200000,154371,0.22814,568,2755,5403,7691,11731,24351,45629,839.2,4.38,37,0.22418,0.04800,0.29610,0.19296,10000,0.07879
sd09-b050,jan-p01-t10k,janela-10k,1,10000,10000,4864,0.51360,196,752,1826,2912,4405,5096,5136,824.6,1.95,8,0.47255,0.03640,0.24330,0.45634,10000,0.17766
sd09-b050,jan-p10-t10k,janela-10k,10,10000,100000,67233,0.32767,335,1396,3512,6099,10872,21983,32767,821.1,3.05,25,0.30650,0.04513,0.27767,0.28146,10000,0.10385
sd09-b050,jan-p20-t10k,janela-10k,20,10000,200000,156821,0.21590,452,1879,4529,7104,11502,24053,43179,820.5,4.63,37,0.20336,0.04791,0.29579,0.17734,10000,0.06134
sd10-b025,completa,completa,100,,1000000,942320,0.05768,1557,3937,6785,8668,9864,9999,57680,908.4,17.34,139,0.05667,0.05106,0.31708,0.00000,1,0.00000
sd10-b025,sis-p01,sistematica,1,,10001,1416,0.85841,360,808,1529,2443,4315,6031,8585,954.6,1.16,6,0.85626,0.02810,0.18978,0.80073,10000,0.32973
sd10-b025,sis-p10,sistematica,10,,100001,61872,0.38129,1465,3211,5546,7933,12621,27913,38129,941.1,2.62,21,0.37633,0.04409,0.27653,0.34712,10000,0.13572
sd10-b025,sis-p20,sistematica,20,,200001,152953,0.23524,1700,3830,6215,8423,12128,24427,47048,933.2,4.25,35,0.23081,0.04751,0.29537,0.20934,10000,0.07863
sd10-b025,jan-p01-t1k,janela-1k,1,1000,10000,1731,0.82690,184,541,1292,2199,4232,6499,8269,925.4,1.21,5,0.82586,0.02850,0.19450,0.76922,10000,0.30706
sd10-b025,jan-p10-t1k,janela-1k,10,1000,100000,62501,0.37499,1152,2952,5300,7655,12489,24458,37499,916.9,2.67,21,0.37140,0.04441,0.27847,0.33890,10000,0.12451
sd10-b025,jan-p20-t1k,janela-1k,20,1000,200000,153281,0.23359,1486,3672,6087,8308,12157,22028,46719,917.5,4.28,33,0.23012,0.04736,0.29663,0.20637,10000,0.07196
sd10-b025,jan-p01-t10k,janela-10k,1,10000,10000,4063,0.59370,553,1445,2740,3913,5269,5745,5937,914.5,1.68,7,0.54927,0.03300,0.21950,0.53602,10000,0.20319
sd10-b025,jan-p10-t10k,janela-10k,10,10000,100000,64403,0.35597,964,2609,4995,7467,12155,26161,35597,910.1,2.81,20,0.33219,0.04320,0.27388,0.31742,10000,0.11208
sd10-b025,jan-p20-t10k,janela-10k,20,10000,200000,154662,0.22669,1227,3238,5866,8125,12009,23570,45338,909.3,4.41,38,0.21163,0.04717,0.29436,0.19712,10000,0.06369
sd11-b000,completa,completa,100,,1000000,942071,0.05793,2476,4970,7479,8986,9898,9999,57929,953.9,17.26,123,0.05723,0.05044,0.31703,0.00000,1,0.00000
sd11-b000,sis-p01,sistematica,1,,10001,1398,0.86021,400,892,1685,2558,4899,6732,8603,958.3,1.16,4,0.86017,0.02750,0.19148,0.80228,10000,0.30912
sd11-b000,sis-p10,sistematica,10,,100001,61779,0.38222,1645,3371,5694,8063,12755,24852,38222,954.2,2.62,18,0.37923,0.04369,0.27673,0.34959,10000,0.11847
sd11-b000,sis-p20,sistematica,20,,200001,152793,0.23604,2022,4086,6456,8587,12347,22516,47208,953.4,4.24,31,0.23384,0.04710,0.29599,0.21288,10000,0.06469
sd11-b000,jan-p01-t1k,janela-1k,1,1000,10000,1409,0.85910,392,893,1679,2516,4426,7865,8591,958.1,1.16,5,0.85694,0.02820,0.18980,0.80117,10000,0.30847
sd11-b000,jan-p10-t1k,janela-1k,10,1000,100000,61686,0.38314,1648,3349,5657,8051,12832,24693,38314,953.6,2.61,20,0.38017,0.04417,0.27716,0.35057,10000,0.11865
sd11-b000,jan-p20-t1k,janela-1k,20,1000,200000,152870,0.23565,2021,4081,6433,8573,12361,24057,47130,953.5,4.24,33,0.23238,0.04695,0.29571,0.21259,10000,0.06449
sd11-b000,jan-p01-t10k,janela-10k,1,10000,10000,3500,0.65000,1041,2114,3545,4707,6013,6391,6500,958.5,1.54,6,0.60400,0.02950,0.21410,0.59207,10000,0.22049
sd11-b000,jan-p10-t10k,janela-10k,10,10000,100000,62673,0.37327,1700,3612,5996,8366,12750,26430,37327,955.1,2.68,17,0.34685,0.04209,0.26913,0.34226,10000,0.11656
sd11-b000,jan-p20-t10k,janela-10k,20,10000,200000,153356,0.23322,2037,4203,6645,8691,12287,20502,46644,954.2,4.29,32,0.21713,0.04641,0.29337,0.21190,10000,0.06443
