cenario,amostra,faixa_de,faixa_ate,reusos,fracao
sd01-b300,completa,0,0,790116,0.83128
sd01-b300,completa,1,1,99127,0.10429
sd01-b300,completa,2,3,41775,0.04395
sd01-b300,completa,4,7,14003,0.01473
sd01-b300,completa,8,15,4110,0.00432
sd01-b300,completa,16,31,1000,0.00105
sd01-b300,completa,32,63,265,0.00028
sd01-b300,completa,64,127,64,0.00007
sd01-b300,completa,128,255,14,0.00001
sd01-b300,completa,256,511,6,0.00001
sd01-b300,completa,512,987,2,0.00000
sd01-b300,sis-p01,0,0,430,0.60907
sd01-b300,sis-p01,1,1,146,0.20680
sd01-b300,sis-p01,2,3,101,0.14306
sd01-b300,sis-p01,4,7,24,0.03399
sd01-b300,sis-p01,8,13,5,0.00708
sd01-b300,sis-p10,0,0,28301,0.45636
sd01-b300,sis-p10,1,1,14507,0.23393
sd01-b300,sis-p10,2,3,11387,0.18362
sd01-b300,sis-p10,4,7,5504,0.08875
sd01-b300,sis-p10,8,15,1790,0.02886
sd01-b300,sis-p10,16,31,394,0.00635
sd01-b300,sis-p10,32,63,99,0.00160
sd01-b300,sis-p10,64,127,26,0.00042
sd01-b300,sis-p10,128,255,2,0.00003
sd01-b300,sis-p10,256,511,3,0.00005
sd01-b300,sis-p10,512,646,1,0.00002
sd01-b300,sis-p20,0,0,83333,0.53484
sd01-b300,sis-p20,1,1,35907,0.23046
sd01-b300,sis-p20,2,3,23284,0.14944
sd01-b300,sis-p20,4,7,9452,0.06066
sd01-b300,sis-p20,8,15,2899,0.01861
sd01-b300,sis-p20,16,31,691,0.00443
sd01-b300,sis-p20,32,63,182,0.00117
sd01-b300,sis-p20,64,127,40,0.00026
sd01-b300,sis-p20,128,255,14,0.00009
sd01-b300,sis-p20,256,511,5,0.00003
sd01-b300,sis-p20,512,873,2,0.00001
sd01-b300,jan-p01-t1k,0,0,7850,0.83042
sd01-b300,jan-p01-t1k,1,1,1022,0.10811
sd01-b300,jan-p01-t1k,2,3,410,0.04337
sd01-b300,jan-p01-t1k,4,7,134,0.01418
sd01-b300,jan-p01-t1k,8,15,32,0.00339
sd01-b300,jan-p01-t1k,16,30,5,0.00053
sd01-b300,jan-p10-t1k,0,0,78812,0.83260
sd01-b300,jan-p10-t1k,1,1,9894,0.10452
sd01-b300,jan-p10-t1k,2,3,4191,0.04428
sd01-b300,jan-p10-t1k,4,7,1361,0.01438
sd01-b300,jan-p10-t1k,8,15,337,0.00356
sd01-b300,jan-p10-t1k,16,31,56,0.00059
sd01-b300,jan-p10-t1k,32,38,7,0.00007
sd01-b300,jan-p20-t1k,0,0,157711,0.83324
sd01-b300,jan-p20-t1k,1,1,19714,0.10416
sd01-b300,jan-p20-t1k,2,3,8314,0.04393
sd01-b300,jan-p20-t1k,4,7,2714,0.01434
sd01-b300,jan-p20-t1k,8,15,674,0.00356
sd01-b300,jan-p20-t1k,16,31,133,0.00070
sd01-b300,jan-p20-t1k,32,43,15,0.00008
sd01-b300,jan-p01-t10k,0,0,7820,0.82559
sd01-b300,jan-p01-t10k,1,1,1023,0.10800
sd01-b300,jan-p01-t10k,2,3,446,0.04709
sd01-b300,jan-p01-t10k,4,7,135,0.01425
sd01-b300,jan-p01-t10k,8,15,40,0.00422
sd01-b300,jan-p01-t10k,16,31,7,0.00074
sd01-b300,jan-p01-t10k,32,45,1,0.00011
sd01-b300,jan-p10-t10k,0,0,78838,0.83073
sd01-b300,jan-p10-t10k,1,1,9894,0.10425
sd01-b300,jan-p10-t10k,2,3,4259,0.04488
sd01-b300,jan-p10-t10k,4,7,1396,0.01471
sd01-b300,jan-p10-t10k,8,15,402,0.00424
sd01-b300,jan-p10-t10k,16,31,87,0.00092
sd01-b300,jan-p10-t10k,32,63,18,0.00019
sd01-b300,jan-p10-t10k,64,127,5,0.00005
sd01-b300,jan-p10-t10k,128,255,2,0.00002
sd01-b300,jan-p10-t10k,256,415,1,0.00001
sd01-b300,jan-p20-t10k,0,0,157893,0.83132
sd01-b300,jan-p20-t10k,1,1,19823,0.10437
sd01-b300,jan-p20-t10k,2,3,8450,0.04449
sd01-b300,jan-p20-t10k,4,7,2736,0.01441
sd01-b300,jan-p20-t10k,8,15,773,0.00407
sd01-b300,jan-p20-t10k,16,31,201,0.00106
sd01-b300,jan-p20-t10k,32,63,38,0.00020
sd01-b300,jan-p20-t10k,64,127,13,0.00007
sd01-b300,jan-p20-t10k,128,255,3,0.00002
sd01-b300,jan-p20-t10k,256,415,1,0.00001
sd02-b250,completa,0,0,707935,0.74482
sd02-b250,completa,1,1,125414,0.13195
sd02-b250,completa,2,3,68114,0.07166
sd02-b250,completa,4,7,29829,0.03138
sd02-b250,completa,8,15,12064,0.01269
sd02-b250,completa,16,31,4606,0.00485
sd02-b250,completa,32,63,1676,0.00176
sd02-b250,completa,64,127,529,0.00056
sd02-b250,completa,128,255,207,0.00022
sd02-b250,completa,256,511,70,0.00007
sd02-b250,completa,512,1023,20,0.00002
sd02-b250,completa,1024,2047,4,0.00000
sd02-b250,completa,2048,4095,5,0.00001
sd02-b250,completa,4096,6637,2,0.00000
sd02-b250,sis-p01,0,0,433,0.46912
sd02-b250,sis-p01,1,1,164,0.17768
sd02-b250,sis-p01,2,3,171,0.18527
sd02-b250,sis-p01,4,7,91,0.09859
sd02-b250,sis-p01,8,15,50,0.05417
sd02-b250,sis-p01,16,31,10,0.01083
sd02-b250,sis-p01,32,63,3,0.00325
sd02-b250,sis-p01,64,74,1,0.00108
sd02-b250,sis-p10,0,0,22490,0.35850
sd02-b250,sis-p10,1,1,12008,0.19141
sd02-b250,sis-p10,2,3,12329,0.19653
sd02-b250,sis-p10,4,7,8661,0.13806
sd02-b250,sis-p10,8,15,4456,0.07103
sd02-b250,sis-p10,16,31,1845,0.02941
sd02-b250,sis-p10,32,63,625,0.00996
sd02-b250,sis-p10,64,127,199,0.00317
sd02-b250,sis-p10,128,255,85,0.00135
sd02-b250,sis-p10,256,511,25,0.00040
sd02-b250,sis-p10,512,1023,6,0.00010
sd02-b250,sis-p10,1024,2047,0,0.00000
sd02-b250,sis-p10,2048,4095,4,0.00006
sd02-b250,sis-p10,4096,4297,1,0.00002
sd02-b250,sis-p20,0,0,65051,0.41629
sd02-b250,sis-p20,1,1,33015,0.21128
sd02-b250,sis-p20,2,3,28464,0.18216
sd02-b250,sis-p20,4,7,17167,0.10986
sd02-b250,sis-p20,8,15,7779,0.04978
sd02-b250,sis-p20,16,31,3118,0.01995
sd02-b250,sis-p20,32,63,1105,0.00707
sd02-b250,sis-p20,64,127,352,0.00225
sd02-b250,sis-p20,128,255,143,0.00092
sd02-b250,sis-p20,256,511,50,0.00032
sd02-b250,sis-p20,512,1023,11,0.00007
sd02-b250,sis-p20,1024,2047,1,0.00001
sd02-b250,sis-p20,2048,4095,5,0.00003
sd02-b250,sis-p20,4096,5067,1,0.00001
sd02-b250,jan-p01-t1k,0,0,7046,0.74822
sd02-b250,jan-p01-t1k,1,1,1260,0.13380
sd02-b250,jan-p01-t1k,2,3,678,0.07200
sd02-b250,jan-p01-t1k,4,7,291,0.03090
sd02-b250,jan-p01-t1k,8,15,105,0.01115
sd02-b250,jan-p01-t1k,16,31,37,0.00393
sd02-b250,jan-p10-t1k,0,0,70651,0.74962
sd02-b250,jan-p10-t1k,1,1,12506,0.13269
sd02-b250,jan-p10-t1k,2,3,6700,0.07109
sd02-b250,jan-p10-t1k,4,7,2946,0.03126
sd02-b250,jan-p10-t1k,8,15,1082,0.01148
sd02-b250,jan-p10-t1k,16,31,324,0.00344
sd02-b250,jan-p10-t1k,32,63,39,0.00041
sd02-b250,jan-p10-t1k,64,127,0,0.00000
sd02-b250,jan-p10-t1k,128,207,1,0.00001
sd02-b250,jan-p20-t1k,0,0,141311,0.74982
sd02-b250,jan-p20-t1k,1,1,24931,0.13229
sd02-b250,jan-p20-t1k,2,3,13541,0.07185
sd02-b250,jan-p20-t1k,4,7,5762,0.03057
sd02-b250,jan-p20-t1k,8,15,2169,0.01151
sd02-b250,jan-p20-t1k,16,31,645,0.00342
sd02-b250,jan-p20-t1k,32,63,92,0.00049
sd02-b250,jan-p20-t1k,64,127,7,0.00004
sd02-b250,jan-p20-t1k,128,255,0,0.00000
sd02-b250,jan-p20-t1k,256,511,1,0.00001
sd02-b250,jan-p20-t1k,512,714,2,0.00001
sd02-b250,jan-p01-t10k,0,0,7036,0.74321
sd02-b250,jan-p01-t10k,1,1,1222,0.12908
sd02-b250,jan-p01-t10k,2,3,715,0.07553
sd02-b250,jan-p01-t10k,4,7,317,0.03348
sd02-b250,jan-p01-t10k,8,15,113,0.01194
sd02-b250,jan-p01-t10k,16,31,46,0.00486
sd02-b250,jan-p01-t10k,32,58,18,0.00190
sd02-b250,jan-p10-t10k,0,0,70699,0.74539
sd02-b250,jan-p10-t10k,1,1,12447,0.13123
sd02-b250,jan-p10-t10k,2,3,6838,0.07209
sd02-b250,jan-p10-t10k,4,7,3024,0.03188
sd02-b250,jan-p10-t10k,8,15,1187,0.01251
sd02-b250,jan-p10-t10k,16,31,460,0.00485
sd02-b250,jan-p10-t10k,32,63,149,0.00157
sd02-b250,jan-p10-t10k,64,127,34,0.00036
sd02-b250,jan-p10-t10k,128,255,9,0.00009
sd02-b250,jan-p10-t10k,256,276,1,0.00001
sd02-b250,jan-p20-t10k,0,0,141667,0.74634
sd02-b250,jan-p20-t10k,1,1,24831,0.13082
sd02-b250,jan-p20-t10k,2,3,13683,0.07209
sd02-b250,jan-p20-t10k,4,7,6025,0.03174
sd02-b250,jan-p20-t10k,8,15,2326,0.01225
sd02-b250,jan-p20-t10k,16,31,881,0.00464
sd02-b250,jan-p20-t10k,32,63,294,0.00155
sd02-b250,jan-p20-t10k,64,127,84,0.00044
sd02-b250,jan-p20-t10k,128,255,20,0.00011
sd02-b250,jan-p20-t10k,256,368,4,0.00002
sd03-b200,completa,0,0,577674,0.60781
sd03-b200,completa,1,1,144213,0.15174
sd03-b200,completa,2,3,100307,0.10554
sd03-b200,completa,4,7,60053,0.06319
sd03-b200,completa,8,15,33342,0.03508
sd03-b200,completa,16,31,16988,0.01787
sd03-b200,completa,32,63,8871,0.00933
sd03-b200,completa,64,127,4538,0.00477
sd03-b200,completa,128,255,2327,0.00245
sd03-b200,completa,256,511,1155,0.00122
sd03-b200,completa,512,1023,518,0.00055
sd03-b200,completa,1024,2047,250,0.00026
sd03-b200,completa,2048,4095,121,0.00013
sd03-b200,completa,4096,8191,57,0.00006
sd03-b200,completa,8192,9931,10,0.00001
sd03-b200,sis-p01,0,0,319,0.26583
sd03-b200,sis-p01,1,1,150,0.12500
sd03-b200,sis-p01,2,3,189,0.15750
sd03-b200,sis-p01,4,7,180,0.15000
sd03-b200,sis-p01,8,15,138,0.11500
sd03-b200,sis-p01,16,31,119,0.09917
sd03-b200,sis-p01,32,63,63,0.05250
sd03-b200,sis-p01,64,127,28,0.02333
sd03-b200,sis-p01,128,255,8,0.00667
sd03-b200,sis-p01,256,511,3,0.00250
sd03-b200,sis-p01,512,1023,2,0.00167
sd03-b200,sis-p01,1024,1125,1,0.00083
sd03-b200,sis-p10,0,0,15088,0.23790
sd03-b200,sis-p10,1,1,8469,0.13354
sd03-b200,sis-p10,2,3,10107,0.15936
sd03-b200,sis-p10,4,7,9766,0.15399
sd03-b200,sis-p10,8,15,7866,0.12403
sd03-b200,sis-p10,16,31,5415,0.08538
sd03-b200,sis-p10,32,63,3184,0.05020
sd03-b200,sis-p10,64,127,1732,0.02731
sd03-b200,sis-p10,128,255,990,0.01561
sd03-b200,sis-p10,256,511,422,0.00665
sd03-b200,sis-p10,512,1023,205,0.00323
sd03-b200,sis-p10,1024,2047,112,0.00177
sd03-b200,sis-p10,2048,4095,45,0.00071
sd03-b200,sis-p10,4096,7325,20,0.00032
sd03-b200,sis-p20,0,0,45062,0.28774
sd03-b200,sis-p20,1,1,24538,0.15669
sd03-b200,sis-p20,2,3,26434,0.16879
sd03-b200,sis-p20,4,7,22906,0.14626
sd03-b200,sis-p20,8,15,16335,0.10431
sd03-b200,sis-p20,16,31,9837,0.06281
sd03-b200,sis-p20,32,63,5563,0.03552
sd03-b200,sis-p20,64,127,2989,0.01909
sd03-b200,sis-p20,128,255,1575,0.01006
sd03-b200,sis-p20,256,511,735,0.00469
sd03-b200,sis-p20,512,1023,338,0.00216
sd03-b200,sis-p20,1024,2047,177,0.00113
sd03-b200,sis-p20,2048,4095,80,0.00051
sd03-b200,sis-p20,4096,8191,32,0.00020
sd03-b200,sis-p20,8192,8690,6,0.00004
sd03-b200,jan-p01-t1k,0,0,5723,0.61704
sd03-b200,jan-p01-t1k,1,1,1458,0.15720
sd03-b200,jan-p01-t1k,2,3,995,0.10728
sd03-b200,jan-p01-t1k,4,7,593,0.06394
sd03-b200,jan-p01-t1k,8,15,326,0.03515
sd03-b200,jan-p01-t1k,16,31,134,0.01445
sd03-b200,jan-p01-t1k,32,62,46,0.00496
sd03-b200,jan-p10-t1k,0,0,57696,0.62178
sd03-b200,jan-p10-t1k,1,1,14316,0.15428
sd03-b200,jan-p10-t1k,2,3,9940,0.10712
sd03-b200,jan-p10-t1k,4,7,5796,0.06246
sd03-b200,jan-p10-t1k,8,15,3201,0.03450
sd03-b200,jan-p10-t1k,16,31,1391,0.01499
sd03-b200,jan-p10-t1k,32,63,417,0.00449
sd03-b200,jan-p10-t1k,64,127,28,0.00030
sd03-b200,jan-p10-t1k,128,255,4,0.00004
sd03-b200,jan-p10-t1k,256,511,2,0.00002
sd03-b200,jan-p10-t1k,512,704,1,0.00001
sd03-b200,jan-p20-t1k,0,0,115287,0.62038
sd03-b200,jan-p20-t1k,1,1,28810,0.15503
sd03-b200,jan-p20-t1k,2,3,19754,0.10630
sd03-b200,jan-p20-t1k,4,7,11720,0.06307
sd03-b200,jan-p20-t1k,8,15,6334,0.03408
sd03-b200,jan-p20-t1k,16,31,2737,0.01473
sd03-b200,jan-p20-t1k,32,63,961,0.00517
sd03-b200,jan-p20-t1k,64,127,133,0.00072
sd03-b200,jan-p20-t1k,128,255,56,0.00030
sd03-b200,jan-p20-t1k,256,511,22,0.00012
sd03-b200,jan-p20-t1k,512,1023,13,0.00007
sd03-b200,jan-p20-t1k,1024,1660,6,0.00003
sd03-b200,jan-p01-t10k,0,0,5756,0.61007
sd03-b200,jan-p01-t10k,1,1,1413,0.14976
sd03-b200,jan-p01-t10k,2,3,974,0.10323
sd03-b200,jan-p01-t10k,4,7,622,0.06592
sd03-b200,jan-p01-t10k,8,15,352,0.03731
sd03-b200,jan-p01-t10k,16,31,176,0.01865
sd03-b200,jan-p01-t10k,32,63,88,0.00933
sd03-b200,jan-p01-t10k,64,127,29,0.00307
sd03-b200,jan-p01-t10k,128,255,20,0.00212
sd03-b200,jan-p01-t10k,256,346,5,0.00053
sd03-b200,jan-p10-t10k,0,0,57653,0.60995
sd03-b200,jan-p10-t10k,1,1,14435,0.15272
sd03-b200,jan-p10-t10k,2,3,9928,0.10503
sd03-b200,jan-p10-t10k,4,7,5961,0.06307
sd03-b200,jan-p10-t10k,8,15,3380,0.03576
sd03-b200,jan-p10-t10k,16,31,1703,0.01802
sd03-b200,jan-p10-t10k,32,63,839,0.00888
sd03-b200,jan-p10-t10k,64,127,414,0.00438
sd03-b200,jan-p10-t10k,128,255,164,0.00174
sd03-b200,jan-p10-t10k,256,511,42,0.00044
sd03-b200,jan-p10-t10k,512,956,2,0.00002
sd03-b200,jan-p20-t10k,0,0,115566,0.61099
sd03-b200,jan-p20-t10k,1,1,28834,0.15244
sd03-b200,jan-p20-t10k,2,3,19855,0.10497
sd03-b200,jan-p20-t10k,4,7,11972,0.06329
sd03-b200,jan-p20-t10k,8,15,6701,0.03543
sd03-b200,jan-p20-t10k,16,31,3381,0.01787
sd03-b200,jan-p20-t10k,32,63,1638,0.00866
sd03-b200,jan-p20-t10k,64,127,805,0.00426
sd03-b200,jan-p20-t10k,128,255,305,0.00161
sd03-b200,jan-p20-t10k,256,511,80,0.00042
sd03-b200,jan-p20-t10k,512,1023,4,0.00002
sd03-b200,jan-p20-t10k,1024,2047,5,0.00003
sd03-b200,jan-p20-t10k,2048,2188,1,0.00001
sd04-b175,completa,0,0,484721,0.51010
sd04-b175,completa,1,1,143739,0.15126
sd04-b175,completa,2,3,113686,0.11964
sd04-b175,completa,4,7,78781,0.08291
sd04-b175,completa,8,15,50852,0.05351
sd04-b175,completa,16,31,31915,0.03359
sd04-b175,completa,32,63,19028,0.02002
sd04-b175,completa,64,127,11303,0.01189
sd04-b175,completa,128,255,6902,0.00726
sd04-b175,completa,256,511,4123,0.00434
sd04-b175,completa,512,1023,2418,0.00254
sd04-b175,completa,1024,2047,1512,0.00159
sd04-b175,completa,2048,4095,778,0.00082
sd04-b175,completa,4096,8191,412,0.00043
sd04-b175,completa,8192,9991,78,0.00008
sd04-b175,sis-p01,0,0,214,0.16904
sd04-b175,sis-p01,1,1,129,0.10190
sd04-b175,sis-p01,2,3,148,0.11690
sd04-b175,sis-p01,4,7,191,0.15087
sd04-b175,sis-p01,8,15,154,0.12164
sd04-b175,sis-p01,16,31,125,0.09874
sd04-b175,sis-p01,32,63,121,0.09558
sd04-b175,sis-p01,64,127,73,0.05766
sd04-b175,sis-p01,128,255,55,0.04344
sd04-b175,sis-p01,256,511,32,0.02528
sd04-b175,sis-p01,512,1023,12,0.00948
sd04-b175,sis-p01,1024,1740,12,0.00948
sd04-b175,sis-p10,0,0,11097,0.17360
sd04-b175,sis-p10,1,1,6258,0.09790
sd04-b175,sis-p10,2,3,7827,0.12245
sd04-b175,sis-p10,4,7,8459,0.13233
sd04-b175,sis-p10,8,15,8130,0.12719
sd04-b175,sis-p10,16,31,6874,0.10754
sd04-b175,sis-p10,32,63,5364,0.08391
sd04-b175,sis-p10,64,127,3809,0.05959
sd04-b175,sis-p10,128,255,2452,0.03836
sd04-b175,sis-p10,256,511,1610,0.02519
sd04-b175,sis-p10,512,1023,1030,0.01611
sd04-b175,sis-p10,1024,2047,589,0.00921
sd04-b175,sis-p10,2048,4095,269,0.00421
sd04-b175,sis-p10,4096,7242,154,0.00241
sd04-b175,sis-p20,0,0,34332,0.21868
sd04-b175,sis-p20,1,1,18971,0.12084
sd04-b175,sis-p20,2,3,21524,0.13710
sd04-b175,sis-p20,4,7,21581,0.13746
sd04-b175,sis-p20,8,15,18779,0.11961
sd04-b175,sis-p20,16,31,14573,0.09282
sd04-b175,sis-p20,32,63,10143,0.06461
sd04-b175,sis-p20,64,127,6719,0.04280
sd04-b175,sis-p20,128,255,4253,0.02709
sd04-b175,sis-p20,256,511,2683,0.01709
sd04-b175,sis-p20,512,1023,1649,0.01050
sd04-b175,sis-p20,1024,2047,987,0.00629
sd04-b175,sis-p20,2048,4095,506,0.00322
sd04-b175,sis-p20,4096,8191,279,0.00178
sd04-b175,sis-p20,8192,10701,19,0.00012
sd04-b175,jan-p01-t1k,0,0,4799,0.52905
sd04-b175,jan-p01-t1k,1,1,1414,0.15588
sd04-b175,jan-p01-t1k,2,3,1156,0.12744
sd04-b175,jan-p01-t1k,4,7,782,0.08621
sd04-b175,jan-p01-t1k,8,15,501,0.05523
sd04-b175,jan-p01-t1k,16,31,285,0.03142
sd04-b175,jan-p01-t1k,32,63,119,0.01312
sd04-b175,jan-p01-t1k,64,127,14,0.00154
sd04-b175,jan-p01-t1k,128,134,1,0.00011
sd04-b175,jan-p10-t1k,0,0,48286,0.53104
sd04-b175,jan-p10-t1k,1,1,14395,0.15831
sd04-b175,jan-p10-t1k,2,3,11308,0.12436
sd04-b175,jan-p10-t1k,4,7,7734,0.08506
sd04-b175,jan-p10-t1k,8,15,4754,0.05228
sd04-b175,jan-p10-t1k,16,31,2827,0.03109
sd04-b175,jan-p10-t1k,32,63,1244,0.01368
sd04-b175,jan-p10-t1k,64,127,241,0.00265
sd04-b175,jan-p10-t1k,128,255,65,0.00071
sd04-b175,jan-p10-t1k,256,511,41,0.00045
sd04-b175,jan-p10-t1k,512,1023,18,0.00020
sd04-b175,jan-p10-t1k,1024,2047,14,0.00015
sd04-b175,jan-p10-t1k,2048,2196,1,0.00001
sd04-b175,jan-p20-t1k,0,0,96570,0.52847
sd04-b175,jan-p20-t1k,1,1,28853,0.15790
sd04-b175,jan-p20-t1k,2,3,22622,0.12380
sd04-b175,jan-p20-t1k,4,7,15329,0.08389
sd04-b175,jan-p20-t1k,8,15,9678,0.05296
sd04-b175,jan-p20-t1k,16,31,5590,0.03059
sd04-b175,jan-p20-t1k,32,63,2545,0.01393
sd04-b175,jan-p20-t1k,64,127,715,0.00391
sd04-b175,jan-p20-t1k,128,255,357,0.00195
sd04-b175,jan-p20-t1k,256,511,219,0.00120
sd04-b175,jan-p20-t1k,512,1023,138,0.00076
sd04-b175,jan-p20-t1k,1024,2047,85,0.00047
sd04-b175,jan-p20-t1k,2048,4095,32,0.00018
sd04-b175,jan-p20-t1k,4096,4218,1,0.00001
sd04-b175,jan-p01-t10k,0,0,4809,0.51356
sd04-b175,jan-p01-t10k,1,1,1453,0.15517
sd04-b175,jan-p01-t10k,2,3,1092,0.11662
sd04-b175,jan-p01-t10k,4,7,775,0.08276
sd04-b175,jan-p01-t10k,8,15,517,0.05521
sd04-b175,jan-p01-t10k,16,31,339,0.03620
sd04-b175,jan-p01-t10k,32,63,205,0.02189
sd04-b175,jan-p01-t10k,64,127,101,0.01079
sd04-b175,jan-p01-t10k,128,255,59,0.00630
sd04-b175,jan-p01-t10k,256,478,14,0.00150
sd04-b175,jan-p10-t10k,0,0,48425,0.51646
sd04-b175,jan-p10-t10k,1,1,14311,0.15263
sd04-b175,jan-p10-t10k,2,3,11289,0.12040
sd04-b175,jan-p10-t10k,4,7,7851,0.08373
sd04-b175,jan-p10-t10k,8,15,5010,0.05343
sd04-b175,jan-p10-t10k,16,31,3250,0.03466
sd04-b175,jan-p10-t10k,32,63,1838,0.01960
sd04-b175,jan-p10-t10k,64,127,1044,0.01113
sd04-b175,jan-p10-t10k,128,255,535,0.00571
sd04-b175,jan-p10-t10k,256,511,194,0.00207
sd04-b175,jan-p10-t10k,512,1023,16,0.00017
sd04-b175,jan-p10-t10k,1024,1025,1,0.00001
sd04-b175,jan-p20-t10k,0,0,96956,0.51632
sd04-b175,jan-p20-t10k,1,1,28743,0.15307
sd04-b175,jan-p20-t10k,2,3,22631,0.12052
sd04-b175,jan-p20-t10k,4,7,15639,0.08328
sd04-b175,jan-p20-t10k,8,15,10094,0.05375
sd04-b175,jan-p20-t10k,16,31,6397,0.03407
sd04-b175,jan-p20-t10k,32,63,3660,0.01949
sd04-b175,jan-p20-t10k,64,127,2077,0.01106
sd04-b175,jan-p20-t10k,128,255,1058,0.00563
sd04-b175,jan-p20-t10k,256,511,425,0.00226
sd04-b175,jan-p20-t10k,512,1023,72,0.00038
sd04-b175,jan-p20-t10k,1024,2047,19,0.00010
sd04-b175,jan-p20-t10k,2048,2994,10,0.00005
sd05-b150,completa,0,0,366885,0.38639
sd05-b150,completa,1,1,129209,0.13608
sd05-b150,completa,2,3,116261,0.12244
sd05-b150,completa,4,7,93492,0.09846
sd05-b150,completa,8,15,70794,0.07456
sd05-b150,completa,16,31,52100,0.05487
sd05-b150,completa,32,63,37405,0.03939
sd05-b150,completa,64,127,26842,0.02827
sd05-b150,completa,128,255,19101,0.02012
sd05-b150,completa,256,511,13213,0.01392
sd05-b150,completa,512,1023,9296,0.00979
sd05-b150,completa,1024,2047,6574,0.00692
sd05-b150,completa,2048,4095,4654,0.00490
sd05-b150,completa,4096,8191,3095,0.00326
sd05-b150,completa,8192,9998,590,0.00062
sd05-b150,sis-p01,0,0,148,0.10632
sd05-b150,sis-p01,1,1,65,0.04670
sd05-b150,sis-p01,2,3,103,0.07399
sd05-b150,sis-p01,4,7,122,0.08764
sd05-b150,sis-p01,8,15,131,0.09411
sd05-b150,sis-p01,16,31,131,0.09411
sd05-b150,sis-p01,32,63,147,0.10560
sd05-b150,sis-p01,64,127,145,0.10417
sd05-b150,sis-p01,128,255,145,0.10417
sd05-b150,sis-p01,256,511,106,0.07615
sd05-b150,sis-p01,512,1023,96,0.06897
sd05-b150,sis-p01,1024,2047,50,0.03592
sd05-b150,sis-p01,2048,2279,3,0.00216
sd05-b150,sis-p10,0,0,7270,0.11326
sd05-b150,sis-p10,1,1,4074,0.06347
sd05-b150,sis-p10,2,3,5131,0.07993
sd05-b150,sis-p10,4,7,5973,0.09305
sd05-b150,sis-p10,8,15,6329,0.09860
sd05-b150,sis-p10,16,31,6395,0.09962
sd05-b150,sis-p10,32,63,6073,0.09461
sd05-b150,sis-p10,64,127,5722,0.08914
sd05-b150,sis-p10,128,255,4791,0.07464
sd05-b150,sis-p10,256,511,3888,0.06057
sd05-b150,sis-p10,512,1023,3284,0.05116
sd05-b150,sis-p10,1024,2047,2432,0.03789
sd05-b150,sis-p10,2048,4095,1834,0.02857
sd05-b150,sis-p10,4096,8191,969,0.01510
sd05-b150,sis-p10,8192,12857,26,0.00041
sd05-b150,sis-p20,0,0,22768,0.14515
sd05-b150,sis-p20,1,1,13099,0.08351
sd05-b150,sis-p20,2,3,15460,0.09856
sd05-b150,sis-p20,4,7,16628,0.10600
sd05-b150,sis-p20,8,15,16644,0.10611
sd05-b150,sis-p20,16,31,15436,0.09841
sd05-b150,sis-p20,32,63,13773,0.08780
sd05-b150,sis-p20,64,127,11785,0.07513
sd05-b150,sis-p20,128,255,9285,0.05919
sd05-b150,sis-p20,256,511,7216,0.04600
sd05-b150,sis-p20,512,1023,5557,0.03543
sd05-b150,sis-p20,1024,2047,4120,0.02627
sd05-b150,sis-p20,2048,4095,3017,0.01923
sd05-b150,sis-p20,4096,8191,1954,0.01246
sd05-b150,sis-p20,8192,14801,119,0.00076
sd05-b150,jan-p01-t1k,0,0,3622,0.42116
sd05-b150,jan-p01-t1k,1,1,1278,0.14860
sd05-b150,jan-p01-t1k,2,3,1144,0.13302
sd05-b150,jan-p01-t1k,4,7,952,0.11070
sd05-b150,jan-p01-t1k,8,15,677,0.07872
sd05-b150,jan-p01-t1k,16,31,503,0.05849
sd05-b150,jan-p01-t1k,32,63,296,0.03442
sd05-b150,jan-p01-t1k,64,127,125,0.01453
sd05-b150,jan-p01-t1k,128,233,3,0.00035
sd05-b150,jan-p10-t1k,0,0,36632,0.41956
sd05-b150,jan-p10-t1k,1,1,12741,0.14593
sd05-b150,jan-p10-t1k,2,3,11660,0.13355
sd05-b150,jan-p10-t1k,4,7,9231,0.10573
sd05-b150,jan-p10-t1k,8,15,6799,0.07787
sd05-b150,jan-p10-t1k,16,31,4844,0.05548
sd05-b150,jan-p10-t1k,32,63,2898,0.03319
sd05-b150,jan-p10-t1k,64,127,1366,0.01565
sd05-b150,jan-p10-t1k,128,255,343,0.00393
sd05-b150,jan-p10-t1k,256,511,315,0.00361
sd05-b150,jan-p10-t1k,512,1023,241,0.00276
sd05-b150,jan-p10-t1k,1024,2047,185,0.00212
sd05-b150,jan-p10-t1k,2048,3885,56,0.00064
sd05-b150,jan-p20-t1k,0,0,73054,0.41132
sd05-b150,jan-p20-t1k,1,1,25703,0.14472
sd05-b150,jan-p20-t1k,2,3,23321,0.13131
sd05-b150,jan-p20-t1k,4,7,18440,0.10382
sd05-b150,jan-p20-t1k,8,15,13662,0.07692
sd05-b150,jan-p20-t1k,16,31,9618,0.05415
sd05-b150,jan-p20-t1k,32,63,5972,0.03362
sd05-b150,jan-p20-t1k,64,127,3038,0.01710
sd05-b150,jan-p20-t1k,128,255,1367,0.00770
sd05-b150,jan-p20-t1k,256,511,1155,0.00650
sd05-b150,jan-p20-t1k,512,1023,921,0.00519
sd05-b150,jan-p20-t1k,1024,2047,734,0.00413
sd05-b150,jan-p20-t1k,2048,4095,543,0.00306
sd05-b150,jan-p20-t1k,4096,6921,81,0.00046
sd05-b150,jan-p01-t10k,0,0,3637,0.39788
sd05-b150,jan-p01-t10k,1,1,1296,0.14178
sd05-b150,jan-p01-t10k,2,3,1176,0.12865
sd05-b150,jan-p01-t10k,4,7,904,0.09890
sd05-b150,jan-p01-t10k,8,15,685,0.07494
sd05-b150,jan-p01-t10k,16,31,507,0.05546
sd05-b150,jan-p01-t10k,32,63,353,0.03862
sd05-b150,jan-p01-t10k,64,127,299,0.03271
sd05-b150,jan-p01-t10k,128,255,169,0.01849
sd05-b150,jan-p01-t10k,256,511,94,0.01028
sd05-b150,jan-p01-t10k,512,840,21,0.00230
sd05-b150,jan-p10-t10k,0,0,36712,0.40038
sd05-b150,jan-p10-t10k,1,1,12849,0.14013
sd05-b150,jan-p10-t10k,2,3,11610,0.12662
sd05-b150,jan-p10-t10k,4,7,9278,0.10118
sd05-b150,jan-p10-t10k,8,15,6942,0.07571
sd05-b150,jan-p10-t10k,16,31,5193,0.05663
sd05-b150,jan-p10-t10k,32,63,3619,0.03947
sd05-b150,jan-p10-t10k,64,127,2609,0.02845
sd05-b150,jan-p10-t10k,128,255,1657,0.01807
sd05-b150,jan-p10-t10k,256,511,925,0.01009
sd05-b150,jan-p10-t10k,512,1023,253,0.00276
sd05-b150,jan-p10-t10k,1024,2047,41,0.00045
sd05-b150,jan-p10-t10k,2048,2989,6,0.00007
sd05-b150,jan-p20-t10k,0,0,73396,0.39847
sd05-b150,jan-p20-t10k,1,1,25826,0.14021
sd05-b150,jan-p20-t10k,2,3,23336,0.12669
sd05-b150,jan-p20-t10k,4,7,18628,0.10113
sd05-b150,jan-p20-t10k,8,15,13927,0.07561
sd05-b150,jan-p20-t10k,16,31,10292,0.05588
sd05-b150,jan-p20-t10k,32,63,7265,0.03944
sd05-b150,jan-p20-t10k,64,127,5202,0.02824
sd05-b150,jan-p20-t10k,128,255,3304,0.01794
sd05-b150,jan-p20-t10k,256,511,1860,0.01010
sd05-b150,jan-p20-t10k,512,1023,674,0.00366
sd05-b150,jan-p20-t10k,1024,2047,327,0.00178
sd05-b150,jan-p20-t10k,2048,4095,150,0.00081
sd05-b150,jan-p20-t10k,4096,5613,7,0.00004
sd06-b125,completa,0,0,227078,0.23964
sd06-b125,completa,1,1,95298,0.10057
sd06-b125,completa,2,3,97000,0.10237
sd06-b125,completa,4,7,90771,0.09579
sd06-b125,completa,8,15,80938,0.08541
sd06-b125,completa,16,31,70274,0.07416
sd06-b125,completa,32,63,59443,0.06273
sd06-b125,completa,64,127,50482,0.05327
sd06-b125,completa,128,255,42883,0.04525
sd06-b125,completa,256,511,36029,0.03802
sd06-b125,completa,512,1023,30074,0.03174
sd06-b125,completa,1024,2047,25655,0.02707
sd06-b125,completa,2048,4095,20686,0.02183
sd06-b125,completa,4096,8191,16898,0.01783
sd06-b125,completa,8192,9999,4079,0.00430
sd06-b125,sis-p01,0,0,75,0.05165
sd06-b125,sis-p01,1,1,44,0.03030
sd06-b125,sis-p01,2,3,53,0.03650
sd06-b125,sis-p01,4,7,61,0.04201
sd06-b125,sis-p01,8,15,78,0.05372
sd06-b125,sis-p01,16,31,82,0.05647
sd06-b125,sis-p01,32,63,107,0.07369
sd06-b125,sis-p01,64,127,136,0.09366
sd06-b125,sis-p01,128,255,176,0.12121
sd06-b125,sis-p01,256,511,183,0.12603
sd06-b125,sis-p01,512,1023,224,0.15427
sd06-b125,sis-p01,1024,2047,195,0.13430
sd06-b125,sis-p01,2048,3976,38,0.02617
sd06-b125,sis-p10,0,0,3695,0.05803
sd06-b125,sis-p10,1,1,2114,0.03320
sd06-b125,sis-p10,2,3,2543,0.03993
sd06-b125,sis-p10,4,7,3153,0.04951
sd06-b125,sis-p10,8,15,3628,0.05697
sd06-b125,sis-p10,16,31,4158,0.06530
sd06-b125,sis-p10,32,63,4563,0.07166
sd06-b125,sis-p10,64,127,4959,0.07787
sd06-b125,sis-p10,128,255,5227,0.08208
sd06-b125,sis-p10,256,511,5765,0.09053
sd06-b125,sis-p10,512,1023,6161,0.09675
sd06-b125,sis-p10,1024,2047,6361,0.09989
sd06-b125,sis-p10,2048,4095,6218,0.09765
sd06-b125,sis-p10,4096,8191,4738,0.07440
sd06-b125,sis-p10,8192,16383,393,0.00617
sd06-b125,sis-p10,16384,18838,3,0.00005
sd06-b125,sis-p20,0,0,12445,0.07980
sd06-b125,sis-p20,1,1,6917,0.04435
sd06-b125,sis-p20,2,3,8630,0.05534
sd06-b125,sis-p20,4,7,9745,0.06249
sd06-b125,sis-p20,8,15,10891,0.06983
sd06-b125,sis-p20,16,31,11524,0.07389
sd06-b125,sis-p20,32,63,12168,0.07802
sd06-b125,sis-p20,64,127,12427,0.07968
sd06-b125,sis-p20,128,255,12518,0.08027
sd06-b125,sis-p20,256,511,12360,0.07925
sd06-b125,sis-p20,512,1023,12582,0.08068
sd06-b125,sis-p20,1024,2047,11905,0.07634
sd06-b125,sis-p20,2048,4095,11108,0.07122
sd06-b125,sis-p20,4096,8191,9870,0.06329
sd06-b125,sis-p20,8192,16383,864,0.00554
sd06-b125,sis-p20,16384,18369,3,0.00002
sd06-b125,jan-p01-t1k,0,0,2294,0.30320
sd06-b125,jan-p01-t1k,1,1,907,0.11988
sd06-b125,jan-p01-t1k,2,3,938,0.12398
sd06-b125,jan-p01-t1k,4,7,903,0.11935
sd06-b125,jan-p01-t1k,8,15,783,0.10349
sd06-b125,jan-p01-t1k,16,31,689,0.09107
sd06-b125,jan-p01-t1k,32,63,528,0.06979
sd06-b125,jan-p01-t1k,64,127,365,0.04824
sd06-b125,jan-p01-t1k,128,255,137,0.01811
sd06-b125,jan-p01-t1k,256,511,18,0.00238
sd06-b125,jan-p01-t1k,512,783,4,0.00053
sd06-b125,jan-p10-t1k,0,0,22850,0.28182
sd06-b125,jan-p10-t1k,1,1,9366,0.11551
sd06-b125,jan-p10-t1k,2,3,9512,0.11731
sd06-b125,jan-p10-t1k,4,7,8939,0.11025
sd06-b125,jan-p10-t1k,8,15,8087,0.09974
sd06-b125,jan-p10-t1k,16,31,6660,0.08214
sd06-b125,jan-p10-t1k,32,63,5237,0.06459
sd06-b125,jan-p10-t1k,64,127,3791,0.04676
sd06-b125,jan-p10-t1k,128,255,1899,0.02342
sd06-b125,jan-p10-t1k,256,511,1024,0.01263
sd06-b125,jan-p10-t1k,512,1023,1110,0.01369
sd06-b125,jan-p10-t1k,1024,2047,1269,0.01565
sd06-b125,jan-p10-t1k,2048,4095,1104,0.01362
sd06-b125,jan-p10-t1k,4096,8191,229,0.00282
sd06-b125,jan-p10-t1k,8192,12929,4,0.00005
sd06-b125,jan-p20-t1k,0,0,45344,0.26663
sd06-b125,jan-p20-t1k,1,1,18872,0.11097
sd06-b125,jan-p20-t1k,2,3,19202,0.11291
sd06-b125,jan-p20-t1k,4,7,17998,0.10583
sd06-b125,jan-p20-t1k,8,15,16029,0.09425
sd06-b125,jan-p20-t1k,16,31,13366,0.07859
sd06-b125,jan-p20-t1k,32,63,10594,0.06229
sd06-b125,jan-p20-t1k,64,127,7703,0.04530
sd06-b125,jan-p20-t1k,128,255,4490,0.02640
sd06-b125,jan-p20-t1k,256,511,3211,0.01888
sd06-b125,jan-p20-t1k,512,1023,3463,0.02036
sd06-b125,jan-p20-t1k,1024,2047,3610,0.02123
sd06-b125,jan-p20-t1k,2048,4095,3953,0.02324
sd06-b125,jan-p20-t1k,4096,8191,2100,0.01235
sd06-b125,jan-p20-t1k,8192,16383,126,0.00074
sd06-b125,jan-p20-t1k,16384,20459,1,0.00001
sd06-b125,jan-p01-t10k,0,0,2217,0.25945
sd06-b125,jan-p01-t10k,1,1,979,0.11457
sd06-b125,jan-p01-t10k,2,3,950,0.11118
sd06-b125,jan-p01-t10k,4,7,937,0.10965
sd06-b125,jan-p01-t10k,8,15,815,0.09538
sd06-b125,jan-p01-t10k,16,31,662,0.07747
sd06-b125,jan-p01-t10k,32,63,583,0.06823
sd06-b125,jan-p01-t10k,64,127,477,0.05582
sd06-b125,jan-p01-t10k,128,255,393,0.04599
sd06-b125,jan-p01-t10k,256,511,296,0.03464
sd06-b125,jan-p01-t10k,512,1023,202,0.02364
sd06-b125,jan-p01-t10k,1024,1387,34,0.00398
sd06-b125,jan-p10-t10k,0,0,22743,0.26204
sd06-b125,jan-p10-t10k,1,1,9554,0.11008
sd06-b125,jan-p10-t10k,2,3,9603,0.11065
sd06-b125,jan-p10-t10k,4,7,9079,0.10461
sd06-b125,jan-p10-t10k,8,15,8032,0.09254
sd06-b125,jan-p10-t10k,16,31,6867,0.07912
sd06-b125,jan-p10-t10k,32,63,5954,0.06860
sd06-b125,jan-p10-t10k,64,127,4818,0.05551
sd06-b125,jan-p10-t10k,128,255,4033,0.04647
sd06-b125,jan-p10-t10k,256,511,3021,0.03481
sd06-b125,jan-p10-t10k,512,1023,1937,0.02232
sd06-b125,jan-p10-t10k,1024,2047,760,0.00876
sd06-b125,jan-p10-t10k,2048,4095,354,0.00408
sd06-b125,jan-p10-t10k,4096,6576,36,0.00041
sd06-b125,jan-p20-t10k,0,0,45615,0.25799
sd06-b125,jan-p20-t10k,1,1,19039,0.10768
sd06-b125,jan-p20-t10k,2,3,19229,0.10875
sd06-b125,jan-p20-t10k,4,7,18178,0.10281
sd06-b125,jan-p20-t10k,8,15,16167,0.09144
sd06-b125,jan-p20-t10k,16,31,13814,0.07813
sd06-b125,jan-p20-t10k,32,63,11847,0.06700
sd06-b125,jan-p20-t10k,64,127,9730,0.05503
sd06-b125,jan-p20-t10k,128,255,7982,0.04514
sd06-b125,jan-p20-t10k,256,511,6106,0.03453
sd06-b125,jan-p20-t10k,512,1023,4094,0.02315
sd06-b125,jan-p20-t10k,1024,2047,2246,0.01270
sd06-b125,jan-p20-t10k,2048,4095,2114,0.01196
sd06-b125,jan-p20-t10k,4096,8191,616,0.00348
sd06-b125,jan-p20-t10k,8192,12483,35,0.00020
sd07-b100,completa,0,0,97179,0.10282
sd07-b100,completa,1,1,49072,0.05192
sd07-b100,completa,2,3,56460,0.05974
sd07-b100,completa,4,7,61713,0.06529
sd07-b100,completa,8,15,64442,0.06818
sd07-b100,completa,16,31,65569,0.06937
sd07-b100,completa,32,63,66193,0.07003
sd07-b100,completa,64,127,66737,0.07061
sd07-b100,completa,128,255,66933,0.07082
sd07-b100,completa,256,511,67372,0.07128
sd07-b100,completa,512,1023,67030,0.07092
sd07-b100,completa,1024,2047,66676,0.07055
sd07-b100,completa,2048,4095,66778,0.07065
sd07-b100,completa,4096,8191,64903,0.06867
sd07-b100,completa,8192,9999,18091,0.01914
sd07-b100,sis-p01,0,0,27,0.01919
sd07-b100,sis-p01,1,1,12,0.00853
sd07-b100,sis-p01,2,3,14,0.00995
sd07-b100,sis-p01,4,7,26,0.01848
sd07-b100,sis-p01,8,15,32,0.02274
sd07-b100,sis-p01,16,31,52,0.03696
sd07-b100,sis-p01,32,63,67,0.04762
sd07-b100,sis-p01,64,127,103,0.07321
sd07-b100,sis-p01,128,255,140,0.09950
sd07-b100,sis-p01,256,511,213,0.15139
sd07-b100,sis-p01,512,1023,310,0.22033
sd07-b100,sis-p01,1024,2047,277,0.19687
sd07-b100,sis-p01,2048,4095,126,0.08955
sd07-b100,sis-p01,4096,4769,8,0.00569
sd07-b100,sis-p10,0,0,1454,0.02317
sd07-b100,sis-p10,1,1,817,0.01302
sd07-b100,sis-p10,2,3,1141,0.01818
sd07-b100,sis-p10,4,7,1365,0.02175
sd07-b100,sis-p10,8,15,1703,0.02714
sd07-b100,sis-p10,16,31,2046,0.03260
sd07-b100,sis-p10,32,63,2530,0.04031
sd07-b100,sis-p10,64,127,3127,0.04983
sd07-b100,sis-p10,128,255,3882,0.06186
sd07-b100,sis-p10,256,511,4849,0.07727
sd07-b100,sis-p10,512,1023,6461,0.10295
sd07-b100,sis-p10,1024,2047,8629,0.13750
sd07-b100,sis-p10,2048,4095,11711,0.18661
sd07-b100,sis-p10,4096,8191,11253,0.17931
sd07-b100,sis-p10,8192,16383,1773,0.02825
sd07-b100,sis-p10,16384,20109,17,0.00027
sd07-b100,sis-p20,0,0,5176,0.03349
sd07-b100,sis-p20,1,1,2890,0.01870
sd07-b100,sis-p20,2,3,3718,0.02406
sd07-b100,sis-p20,4,7,4510,0.02918
sd07-b100,sis-p20,8,15,5334,0.03451
sd07-b100,sis-p20,16,31,6369,0.04121
sd07-b100,sis-p20,32,63,7367,0.04767
sd07-b100,sis-p20,64,127,8660,0.05603
sd07-b100,sis-p20,128,255,10359,0.06702
sd07-b100,sis-p20,256,511,12056,0.07800
sd07-b100,sis-p20,512,1023,14983,0.09694
sd07-b100,sis-p20,1024,2047,18613,0.12043
sd07-b100,sis-p20,2048,4095,23243,0.15038
sd07-b100,sis-p20,4096,8191,26737,0.17299
sd07-b100,sis-p20,8192,16383,4518,0.02923
sd07-b100,sis-p20,16384,21653,24,0.00016
sd07-b100,jan-p01-t1k,0,0,996,0.17253
sd07-b100,jan-p01-t1k,1,1,484,0.08384
sd07-b100,jan-p01-t1k,2,3,574,0.09943
sd07-b100,jan-p01-t1k,4,7,609,0.10549
sd07-b100,jan-p01-t1k,8,15,579,0.10029
sd07-b100,jan-p01-t1k,16,31,618,0.10705
sd07-b100,jan-p01-t1k,32,63,624,0.10809
sd07-b100,jan-p01-t1k,64,127,552,0.09562
sd07-b100,jan-p01-t1k,128,255,419,0.07258
sd07-b100,jan-p01-t1k,256,511,211,0.03655
sd07-b100,jan-p01-t1k,512,1023,73,0.01265
sd07-b100,jan-p01-t1k,1024,2047,31,0.00537
sd07-b100,jan-p01-t1k,2048,2570,3,0.00052
sd07-b100,jan-p10-t1k,0,0,9856,0.13479
sd07-b100,jan-p10-t1k,1,1,4955,0.06776
sd07-b100,jan-p10-t1k,2,3,5608,0.07669
sd07-b100,jan-p10-t1k,4,7,6019,0.08231
sd07-b100,jan-p10-t1k,8,15,6301,0.08617
sd07-b100,jan-p10-t1k,16,31,6290,0.08602
sd07-b100,jan-p10-t1k,32,63,6087,0.08324
sd07-b100,jan-p10-t1k,64,127,5667,0.07750
sd07-b100,jan-p10-t1k,128,255,4782,0.06540
sd07-b100,jan-p10-t1k,256,511,2783,0.03806
sd07-b100,jan-p10-t1k,512,1023,2683,0.03669
sd07-b100,jan-p10-t1k,1024,2047,3679,0.05031
sd07-b100,jan-p10-t1k,2048,4095,5122,0.07005
sd07-b100,jan-p10-t1k,4096,8191,2940,0.04021
sd07-b100,jan-p10-t1k,8192,16383,348,0.00476
sd07-b100,jan-p10-t1k,16384,17435,3,0.00004
sd07-b100,jan-p20-t1k,0,0,19451,0.12008
sd07-b100,jan-p20-t1k,1,1,9816,0.06060
sd07-b100,jan-p20-t1k,2,3,11222,0.06928
sd07-b100,jan-p20-t1k,4,7,12131,0.07489
sd07-b100,jan-p20-t1k,8,15,12662,0.07817
sd07-b100,jan-p20-t1k,16,31,12648,0.07808
sd07-b100,jan-p20-t1k,32,63,12296,0.07591
sd07-b100,jan-p20-t1k,64,127,11455,0.07072
sd07-b100,jan-p20-t1k,128,255,9861,0.06088
sd07-b100,jan-p20-t1k,256,511,6772,0.04181
sd07-b100,jan-p20-t1k,512,1023,7047,0.04351
sd07-b100,jan-p20-t1k,1024,2047,9304,0.05744
sd07-b100,jan-p20-t1k,2048,4095,12670,0.07822
sd07-b100,jan-p20-t1k,4096,8191,12686,0.07832
sd07-b100,jan-p20-t1k,8192,16383,1945,0.01201
sd07-b100,jan-p20-t1k,16384,18496,12,0.00007
sd07-b100,jan-p01-t10k,0,0,901,0.12217
sd07-b100,jan-p01-t10k,1,1,502,0.06807
sd07-b100,jan-p01-t10k,2,3,581,0.07878
sd07-b100,jan-p01-t10k,4,7,594,0.08054
sd07-b100,jan-p01-t10k,8,15,680,0.09220
sd07-b100,jan-p01-t10k,16,31,654,0.08868
sd07-b100,jan-p01-t10k,32,63,658,0.08922
sd07-b100,jan-p01-t10k,64,127,644,0.08732
sd07-b100,jan-p01-t10k,128,255,664,0.09003
sd07-b100,jan-p01-t10k,256,511,593,0.08041
sd07-b100,jan-p01-t10k,512,1023,531,0.07200
sd07-b100,jan-p01-t10k,1024,2047,339,0.04597
sd07-b100,jan-p01-t10k,2048,2568,34,0.00461
sd07-b100,jan-p10-t10k,0,0,9733,0.12295
sd07-b100,jan-p10-t10k,1,1,4936,0.06235
sd07-b100,jan-p10-t10k,2,3,5713,0.07217
sd07-b100,jan-p10-t10k,4,7,6084,0.07686
sd07-b100,jan-p10-t10k,8,15,6458,0.08158
sd07-b100,jan-p10-t10k,16,31,6552,0.08277
sd07-b100,jan-p10-t10k,32,63,6527,0.08245
sd07-b100,jan-p10-t10k,64,127,6499,0.08210
sd07-b100,jan-p10-t10k,128,255,6445,0.08142
sd07-b100,jan-p10-t10k,256,511,6172,0.07797
sd07-b100,jan-p10-t10k,512,1023,5746,0.07259
sd07-b100,jan-p10-t10k,1024,2047,4384,0.05538
sd07-b100,jan-p10-t10k,2048,4095,2726,0.03444
sd07-b100,jan-p10-t10k,4096,8191,1113,0.01406
sd07-b100,jan-p10-t10k,8192,16336,73,0.00092
sd07-b100,jan-p20-t10k,0,0,19504,0.11639
sd07-b100,jan-p20-t10k,1,1,9923,0.05922
sd07-b100,jan-p20-t10k,2,3,11360,0.06779
sd07-b100,jan-p20-t10k,4,7,12308,0.07345
sd07-b100,jan-p20-t10k,8,15,12816,0.07648
sd07-b100,jan-p20-t10k,16,31,12960,0.07734
sd07-b100,jan-p20-t10k,32,63,13154,0.07850
sd07-b100,jan-p20-t10k,64,127,13098,0.07816
sd07-b100,jan-p20-t10k,128,255,13026,0.07773
sd07-b100,jan-p20-t10k,256,511,12414,0.07408
sd07-b100,jan-p20-t10k,512,1023,11614,0.06931
sd07-b100,jan-p20-t10k,1024,2047,9474,0.05654
sd07-b100,jan-p20-t10k,2048,4095,8582,0.05121
sd07-b100,jan-p20-t10k,4096,8191,6407,0.03823
sd07-b100,jan-p20-t10k,8192,16383,930,0.00555
sd07-b100,jan-p20-t10k,16384,18481,4,0.00002
sd08-b075,completa,0,0,25983,0.02754
sd08-b075,completa,1,1,15560,0.01649
sd08-b075,completa,2,3,20635,0.02187
sd08-b075,completa,4,7,26048,0.02761
sd08-b075,completa,8,15,32313,0.03425
sd08-b075,completa,16,31,38901,0.04123
sd08-b075,completa,32,63,46223,0.04899
sd08-b075,completa,64,127,55429,0.05875
sd08-b075,completa,128,255,66160,0.07012
sd08-b075,completa,256,511,78309,0.08299
sd08-b075,completa,512,1023,92924,0.09848
sd08-b075,completa,1024,2047,110879,0.11751
sd08-b075,completa,2048,4095,131448,0.13931
sd08-b075,completa,4096,8191,154596,0.16385
sd08-b075,completa,8192,9999,48133,0.05101
sd08-b075,sis-p01,0,0,14,0.00936
sd08-b075,sis-p01,1,1,9,0.00602
sd08-b075,sis-p01,2,3,10,0.00669
sd08-b075,sis-p01,4,7,14,0.00936
sd08-b075,sis-p01,8,15,21,0.01405
sd08-b075,sis-p01,16,31,24,0.01605
sd08-b075,sis-p01,32,63,61,0.04080
sd08-b075,sis-p01,64,127,75,0.05017
sd08-b075,sis-p01,128,255,133,0.08896
sd08-b075,sis-p01,256,511,216,0.14448
sd08-b075,sis-p01,512,1023,356,0.23813
sd08-b075,sis-p01,1024,2047,369,0.24682
sd08-b075,sis-p01,2048,4095,177,0.11839
sd08-b075,sis-p01,4096,6386,16,0.01070
sd08-b075,sis-p10,0,0,508,0.00814
sd08-b075,sis-p10,1,1,307,0.00492
sd08-b075,sis-p10,2,3,454,0.00727
sd08-b075,sis-p10,4,7,578,0.00926
sd08-b075,sis-p10,8,15,766,0.01227
sd08-b075,sis-p10,16,31,1027,0.01645
sd08-b075,sis-p10,32,63,1377,0.02205
sd08-b075,sis-p10,64,127,1910,0.03059
sd08-b075,sis-p10,128,255,2594,0.04154
sd08-b075,sis-p10,256,511,3724,0.05964
sd08-b075,sis-p10,512,1023,5659,0.09063
sd08-b075,sis-p10,1024,2047,9045,0.14485
sd08-b075,sis-p10,2048,4095,15289,0.24485
sd08-b075,sis-p10,4096,8191,15750,0.25223
sd08-b075,sis-p10,8192,16383,3408,0.05458
sd08-b075,sis-p10,16384,26550,46,0.00074
sd08-b075,sis-p20,0,0,1651,0.01074
sd08-b075,sis-p20,1,1,1013,0.00659
sd08-b075,sis-p20,2,3,1391,0.00905
sd08-b075,sis-p20,4,7,1881,0.01223
sd08-b075,sis-p20,8,15,2348,0.01527
sd08-b075,sis-p20,16,31,3116,0.02026
sd08-b075,sis-p20,32,63,4074,0.02649
sd08-b075,sis-p20,64,127,5222,0.03396
sd08-b075,sis-p20,128,255,7045,0.04581
sd08-b075,sis-p20,256,511,9581,0.06231
sd08-b075,sis-p20,512,1023,13656,0.08881
sd08-b075,sis-p20,1024,2047,19804,0.12879
sd08-b075,sis-p20,2048,4095,30635,0.19922
sd08-b075,sis-p20,4096,8191,42498,0.27637
sd08-b075,sis-p20,8192,16383,9818,0.06385
sd08-b075,sis-p20,16384,24762,41,0.00027
sd08-b075,jan-p01-t1k,0,0,253,0.06681
sd08-b075,jan-p01-t1k,1,1,165,0.04357
sd08-b075,jan-p01-t1k,2,3,212,0.05598
sd08-b075,jan-p01-t1k,4,7,252,0.06654
sd08-b075,jan-p01-t1k,8,15,329,0.08688
sd08-b075,jan-p01-t1k,16,31,369,0.09744
sd08-b075,jan-p01-t1k,32,63,458,0.12094
sd08-b075,jan-p01-t1k,64,127,482,0.12728
sd08-b075,jan-p01-t1k,128,255,476,0.12569
sd08-b075,jan-p01-t1k,256,511,421,0.11117
sd08-b075,jan-p01-t1k,512,1023,184,0.04859
sd08-b075,jan-p01-t1k,1024,2047,149,0.03935
sd08-b075,jan-p01-t1k,2048,4095,33,0.00871
sd08-b075,jan-p01-t1k,4096,4980,4,0.00106
sd08-b075,jan-p10-t1k,0,0,2652,0.03957
sd08-b075,jan-p10-t1k,1,1,1560,0.02328
sd08-b075,jan-p10-t1k,2,3,2122,0.03167
sd08-b075,jan-p10-t1k,4,7,2550,0.03805
sd08-b075,jan-p10-t1k,8,15,3226,0.04814
sd08-b075,jan-p10-t1k,16,31,3840,0.05730
sd08-b075,jan-p10-t1k,32,63,4394,0.06557
sd08-b075,jan-p10-t1k,64,127,4864,0.07258
sd08-b075,jan-p10-t1k,128,255,5255,0.07842
sd08-b075,jan-p10-t1k,256,511,4865,0.07260
sd08-b075,jan-p10-t1k,512,1023,4076,0.06082
sd08-b075,jan-p10-t1k,1024,2047,6226,0.09291
sd08-b075,jan-p10-t1k,2048,4095,10503,0.15673
sd08-b075,jan-p10-t1k,4096,8191,9025,0.13467
sd08-b075,jan-p10-t1k,8192,16383,1835,0.02738
sd08-b075,jan-p10-t1k,16384,24981,21,0.00031
sd08-b075,jan-p20-t1k,0,0,5255,0.03354
sd08-b075,jan-p20-t1k,1,1,3061,0.01953
sd08-b075,jan-p20-t1k,2,3,4112,0.02624
sd08-b075,jan-p20-t1k,4,7,5148,0.03285
sd08-b075,jan-p20-t1k,8,15,6363,0.04061
sd08-b075,jan-p20-t1k,16,31,7629,0.04869
sd08-b075,jan-p20-t1k,32,63,8768,0.05596
sd08-b075,jan-p20-t1k,64,127,9929,0.06337
sd08-b075,jan-p20-t1k,128,255,10778,0.06878
sd08-b075,jan-p20-t1k,256,511,10560,0.06739
sd08-b075,jan-p20-t1k,512,1023,10245,0.06538
sd08-b075,jan-p20-t1k,1024,2047,14605,0.09321
sd08-b075,jan-p20-t1k,2048,4095,22946,0.14644
sd08-b075,jan-p20-t1k,4096,8191,30301,0.19338
sd08-b075,jan-p20-t1k,8192,16383,6933,0.04425
sd08-b075,jan-p20-t1k,16384,23510,61,0.00039
sd08-b075,jan-p01-t10k,0,0,224,0.03731
sd08-b075,jan-p01-t10k,1,1,146,0.02432
sd08-b075,jan-p01-t10k,2,3,206,0.03432
sd08-b075,jan-p01-t10k,4,7,242,0.04031
sd08-b075,jan-p01-t10k,8,15,327,0.05447
sd08-b075,jan-p01-t10k,16,31,390,0.06497
sd08-b075,jan-p01-t10k,32,63,482,0.08029
sd08-b075,jan-p01-t10k,64,127,515,0.08579
sd08-b075,jan-p01-t10k,128,255,670,0.11161
sd08-b075,jan-p01-t10k,256,511,739,0.12311
sd08-b075,jan-p01-t10k,512,1023,835,0.13910
sd08-b075,jan-p01-t10k,1024,2047,792,0.13193
sd08-b075,jan-p01-t10k,2048,3959,435,0.07246
sd08-b075,jan-p10-t10k,0,0,2503,0.03477
sd08-b075,jan-p10-t10k,1,1,1555,0.02160
sd08-b075,jan-p10-t10k,2,3,2068,0.02873
sd08-b075,jan-p10-t10k,4,7,2645,0.03674
sd08-b075,jan-p10-t10k,8,15,3301,0.04585
sd08-b075,jan-p10-t10k,16,31,3919,0.05444
sd08-b075,jan-p10-t10k,32,63,4660,0.06473
sd08-b075,jan-p10-t10k,64,127,5396,0.07495
sd08-b075,jan-p10-t10k,128,255,6487,0.09011
sd08-b075,jan-p10-t10k,256,511,7428,0.10318
sd08-b075,jan-p10-t10k,512,1023,8379,0.11639
sd08-b075,jan-p10-t10k,1024,2047,9037,0.12553
sd08-b075,jan-p10-t10k,2048,4095,8299,0.11528
sd08-b075,jan-p10-t10k,4096,8191,5373,0.07463
sd08-b075,jan-p10-t10k,8192,16383,936,0.01300
sd08-b075,jan-p10-t10k,16384,20682,5,0.00007
sd08-b075,jan-p20-t10k,0,0,5119,0.03183
sd08-b075,jan-p20-t10k,1,1,3206,0.01994
sd08-b075,jan-p20-t10k,2,3,4112,0.02557
sd08-b075,jan-p20-t10k,4,7,5204,0.03236
sd08-b075,jan-p20-t10k,8,15,6545,0.04070
sd08-b075,jan-p20-t10k,16,31,7875,0.04897
sd08-b075,jan-p20-t10k,32,63,9241,0.05747
sd08-b075,jan-p20-t10k,64,127,10957,0.06814
sd08-b075,jan-p20-t10k,128,255,12874,0.08006
sd08-b075,jan-p20-t10k,256,511,14878,0.09252
sd08-b075,jan-p20-t10k,512,1023,17085,0.10625
sd08-b075,jan-p20-t10k,1024,2047,18945,0.11782
sd08-b075,jan-p20-t10k,2048,4095,20408,0.12692
sd08-b075,jan-p20-t10k,4096,8191,20020,0.12450
sd08-b075,jan-p20-t10k,8192,16383,4271,0.02656
sd08-b075,jan-p20-t10k,16384,26503,60,0.00037
sd09-b050,completa,0,0,4883,0.00518
sd09-b050,completa,1,1,3361,0.00357
sd09-b050,completa,2,3,5281,0.00560
sd09-b050,completa,4,7,7450,0.00790
sd09-b050,completa,8,15,10982,0.01165
sd09-b050,completa,16,31,15634,0.01658
sd09-b050,completa,32,63,22460,0.02382
sd09-b050,completa,64,127,31686,0.03361
sd09-b050,completa,128,255,45186,0.04793
sd09-b050,completa,256,511,63233,0.06707
sd09-b050,completa,512,1023,89746,0.09520
sd09-b050,completa,1024,2047,126106,0.13377
sd09-b050,completa,2048,4095,178101,0.18892
sd09-b050,completa,4096,8191,250572,0.26579
sd09-b050,completa,8192,9999,88055,0.09340
sd09-b050,sis-p01,0,0,4,0.00288
sd09-b050,sis-p01,1,1,3,0.00216
sd09-b050,sis-p01,2,3,4,0.00288
sd09-b050,sis-p01,4,7,6,0.00432
sd09-b050,sis-p01,8,15,19,0.01369
sd09-b050,sis-p01,16,31,20,0.01441
sd09-b050,sis-p01,32,63,35,0.02522
sd09-b050,sis-p01,64,127,64,0.04611
sd09-b050,sis-p01,128,255,135,0.09726
sd09-b050,sis-p01,256,511,259,0.18660
sd09-b050,sis-p01,512,1023,310,0.22334
sd09-b050,sis-p01,1024,2047,325,0.23415
sd09-b050,sis-p01,2048,4095,187,0.13473
sd09-b050,sis-p01,4096,6141,17,0.01225
sd09-b050,sis-p10,0,0,133,0.00214
sd09-b050,sis-p10,1,1,135,0.00218
sd09-b050,sis-p10,2,3,163,0.00263
sd09-b050,sis-p10,4,7,240,0.00387
sd09-b050,sis-p10,8,15,393,0.00633
sd09-b050,sis-p10,16,31,562,0.00906
sd09-b050,sis-p10,32,63,822,0.01325
sd09-b050,sis-p10,64,127,1235,0.01990
sd09-b050,sis-p10,128,255,1897,0.03057
sd09-b050,sis-p10,256,511,3070,0.04948
sd09-b050,sis-p10,512,1023,5253,0.08466
sd09-b050,sis-p10,1024,2047,9251,0.14909
sd09-b050,sis-p10,2048,4095,16567,0.26699
sd09-b050,sis-p10,4096,8191,17750,0.28606
sd09-b050,sis-p10,8192,16383,4517,0.07279
sd09-b050,sis-p10,16384,22568,63,0.00102
sd09-b050,sis-p20,0,0,418,0.00273
sd09-b050,sis-p20,1,1,312,0.00203
sd09-b050,sis-p20,2,3,493,0.00322
sd09-b050,sis-p20,4,7,706,0.00460
sd09-b050,sis-p20,8,15,1010,0.00659
sd09-b050,sis-p20,16,31,1552,0.01012
sd09-b050,sis-p20,32,63,2264,0.01477
sd09-b050,sis-p20,64,127,3321,0.02166
sd09-b050,sis-p20,128,255,4954,0.03231
sd09-b050,sis-p20,256,511,7272,0.04743
sd09-b050,sis-p20,512,1023,11972,0.07809
sd09-b050,sis-p20,1024,2047,19663,0.12825
sd09-b050,sis-p20,2048,4095,34352,0.22406
sd09-b050,sis-p20,4096,8191,51245,0.33424
sd09-b050,sis-p20,8192,16383,13709,0.08942
sd09-b050,sis-p20,16384,21375,74,0.00048
sd09-b050,jan-p01-t1k,0,0,57,0.02283
sd09-b050,jan-p01-t1k,1,1,33,0.01322
sd09-b050,jan-p01-t1k,2,3,51,0.02042
sd09-b050,jan-p01-t1k,4,7,64,0.02563
sd09-b050,jan-p01-t1k,8,15,113,0.04525
sd09-b050,jan-p01-t1k,16,31,145,0.05807
sd09-b050,jan-p01-t1k,32,63,237,0.09491
sd09-b050,jan-p01-t1k,64,127,297,0.11894
sd09-b050,jan-p01-t1k,128,255,367,0.14698
sd09-b050,jan-p01-t1k,256,511,422,0.16900
sd09-b050,jan-p01-t1k,512,1023,306,0.12255
sd09-b050,jan-p01-t1k,1024,2047,261,0.10453
sd09-b050,jan-p01-t1k,2048,4095,131,0.05246
sd09-b050,jan-p01-t1k,4096,5263,13,0.00521
sd09-b050,jan-p10-t1k,0,0,489,0.00766
sd09-b050,jan-p10-t1k,1,1,338,0.00529
sd09-b050,jan-p10-t1k,2,3,559,0.00875
sd09-b050,jan-p10-t1k,4,7,733,0.01148
sd09-b050,jan-p10-t1k,8,15,1099,0.01721
sd09-b050,jan-p10-t1k,16,31,1557,0.02438
sd09-b050,jan-p10-t1k,32,63,2221,0.03478
sd09-b050,jan-p10-t1k,64,127,2917,0.04568
sd09-b050,jan-p10-t1k,128,255,3909,0.06121
sd09-b050,jan-p10-t1k,256,511,4630,0.07251
sd09-b050,jan-p10-t1k,512,1023,5111,0.08004
sd09-b050,jan-p10-t1k,1024,2047,8206,0.12851
sd09-b050,jan-p10-t1k,2048,4095,13941,0.21832
sd09-b050,jan-p10-t1k,4096,8191,14485,0.22683
sd09-b050,jan-p10-t1k,8192,16383,3599,0.05636
sd09-b050,jan-p10-t1k,16384,23123,63,0.00099
sd09-b050,jan-p20-t1k,0,0,985,0.00638
sd09-b050,jan-p20-t1k,1,1,680,0.00440
sd09-b050,jan-p20-t1k,2,3,1101,0.00713
sd09-b050,jan-p20-t1k,4,7,1469,0.00952
sd09-b050,jan-p20-t1k,8,15,2143,0.01388
sd09-b050,jan-p20-t1k,16,31,3076,0.01993
sd09-b050,jan-p20-t1k,32,63,4263,0.02762
sd09-b050,jan-p20-t1k,64,127,5852,0.03791
sd09-b050,jan-p20-t1k,128,255,7847,0.05083
sd09-b050,jan-p20-t1k,256,511,9568,0.06198
sd09-b050,jan-p20-t1k,512,1023,11407,0.07389
sd09-b050,jan-p20-t1k,1024,2047,17694,0.11462
sd09-b050,jan-p20-t1k,2048,4095,31201,0.20212
sd09-b050,jan-p20-t1k,4096,8191,44997,0.29149
sd09-b050,jan-p20-t1k,8192,16383,12015,0.07783
sd09-b050,jan-p20-t1k,16384,24351,73,0.00047
sd09-b050,jan-p01-t10k,0,0,55,0.01131
sd09-b050,jan-p01-t10k,1,1,37,0.00761
sd09-b050,jan-p01-t10k,2,3,34,0.00699
sd09-b050,jan-p01-t10k,4,7,66,0.01357
sd09-b050,jan-p01-t10k,8,15,84,0.01727
sd09-b050,jan-p01-t10k,16,31,149,0.03063
sd09-b050,jan-p01-t10k,32,63,211,0.04338
sd09-b050,jan-p01-t10k,64,127,319,0.06558
sd09-b050,jan-p01-t10k,128,255,438,0.09005
sd09-b050,jan-p01-t10k,256,511,628,0.12911
sd09-b050,jan-p01-t10k,512,1023,793,0.16303
sd09-b050,jan-p01-t10k,1024,2047,987,0.20292
sd09-b050,jan-p01-t10k,2048,4095,962,0.19778
sd09-b050,jan-p01-t10k,4096,5096,101,0.02076
sd09-b050,jan-p10-t10k,0,0,481,0.00715
sd09-b050,jan-p10-t10k,1,1,328,0.00488
sd09-b050,jan-p10-t10k,2,3,497,0.00739
sd09-b050,jan-p10-t10k,4,7,710,0.01056
sd09-b050,jan-p10-t10k,8,15,1083,0.01611
sd09-b050,jan-p10-t10k,16,31,1564,0.02326
sd09-b050,jan-p10-t10k,32,63,2227,0.03312
sd09-b050,jan-p10-t10k,64,127,3261,0.04850
sd09-b050,jan-p10-t10k,128,255,4458,0.06631
sd09-b050,jan-p10-t10k,256,511,6181,0.09193
sd09-b050,jan-p10-t10k,512,1023,8342,0.12408
sd09-b050,jan-p10-t10k,1024,2047,10929,0.16255
sd09-b050,jan-p10-t10k,2048,4095,13374,0.19892
sd09-b050,jan-p10-t10k,4096,8191,11241,0.16719
sd09-b050,jan-p10-t10k,8192,16383,2529,0.03762
sd09-b050,jan-p10-t10k,16384,21983,28,0.00042
sd09-b050,jan-p20-t10k,0,0,975,0.00622
sd09-b050,jan-p20-t10k,1,1,651,0.00415
sd09-b050,jan-p20-t10k,2,3,1028,0.00656
sd09-b050,jan-p20-t10k,4,7,1459,0.00930
sd09-b050,jan-p20-t10k,8,15,2244,0.01431
sd09-b050,jan-p20-t10k,16,31,3181,0.02028
sd09-b050,jan-p20-t10k,32,63,4419,0.02818
sd09-b050,jan-p20-t10k,64,127,6373,0.04064
sd09-b050,jan-p20-t10k,128,255,9001,0.05740
sd09-b050,jan-p20-t10k,256,511,12338,0.07868
sd09-b050,jan-p20-t10k,512,1023,17020,0.10853
sd09-b050,jan-p20-t10k,1024,2047,22963,0.14643
sd09-b050,jan-p20-t10k,2048,4095,30926,0.19721
sd09-b050,jan-p20-t10k,4096,8191,34648,0.22094
sd09-b050,jan-p20-t10k,8192,16383,9522,0.06072
sd09-b050,jan-p20-t10k,16384,24053,73,0.00047
sd10-b025,completa,0,0,731,0.00078
sd10-b025,completa,1,1,631,0.00067
sd10-b025,completa,2,3,1073,0.00114
sd10-b025,completa,4,7,1805,0.00192
sd10-b025,completa,8,15,3011,0.00320
sd10-b025,completa,16,31,5284,0.00561
sd10-b025,completa,32,63,8582,0.00911
sd10-b025,completa,64,127,14638,0.01553
sd10-b025,completa,128,255,24716,0.02623
sd10-b025,completa,256,511,41533,0.04408
sd10-b025,completa,512,1023,70095,0.07439
sd10-b025,completa,1024,2047,117153,0.12432
sd10-b025,completa,2048,4095,196082,0.20808
sd10-b025,completa,4096,8191,327847,0.34791
sd10-b025,completa,8192,9999,129139,0.13704
sd10-b025,sis-p01,0,0,1,0.00071
sd10-b025,sis-p01,1,1,2,0.00141
sd10-b025,sis-p01,2,3,2,0.00141
sd10-b025,sis-p01,4,7,6,0.00424
sd10-b025,sis-p01,8,15,10,0.00706
sd10-b025,sis-p01,16,31,22,0.01554
sd10-b025,sis-p01,32,63,35,0.02472
sd10-b025,sis-p01,64,127,55,0.03884
sd10-b025,sis-p01,128,255,124,0.08757
sd10-b025,sis-p01,256,511,222,0.15678
sd10-b025,sis-p01,512,1023,350,0.24718
sd10-b025,sis-p01,1024,2047,378,0.26695
sd10-b025,sis-p01,2048,4095,189,0.13347
sd10-b025,sis-p01,4096,6031,20,0.01412
sd10-b025,sis-p10,0,0,40,0.00065
sd10-b025,sis-p10,1,1,39,0.00063
sd10-b025,sis-p10,2,3,79,0.00128
sd10-b025,sis-p10,4,7,97,0.00157
sd10-b025,sis-p10,8,15,188,0.00304
sd10-b025,sis-p10,16,31,288,0.00465
sd10-b025,sis-p10,32,63,504,0.00815
sd10-b025,sis-p10,64,127,875,0.01414
sd10-b025,sis-p10,128,255,1562,0.02525
sd10-b025,sis-p10,256,511,2733,0.04417
sd10-b025,sis-p10,512,1023,4919,0.07950
sd10-b025,sis-p10,1024,2047,9440,0.15257
sd10-b025,sis-p10,2048,4095,16677,0.26954
sd10-b025,sis-p10,4096,8191,18916,0.30573
sd10-b025,sis-p10,8192,16383,5426,0.08770
sd10-b025,sis-p10,16384,27913,89,0.00144
sd10-b025,sis-p20,0,0,88,0.00058
sd10-b025,sis-p20,1,1,71,0.00046
sd10-b025,sis-p20,2,3,133,0.00087
sd10-b025,sis-p20,4,7,247,0.00161
sd10-b025,sis-p20,8,15,413,0.00270
sd10-b025,sis-p20,16,31,729,0.00477
sd10-b025,sis-p20,32,63,1208,0.00790
sd10-b025,sis-p20,64,127,2007,0.01312
sd10-b025,sis-p20,128,255,3521,0.02302
sd10-b025,sis-p20,256,511,6165,0.04031
sd10-b025,sis-p20,512,1023,10772,0.07043
sd10-b025,sis-p20,1024,2047,19315,0.12628
sd10-b025,sis-p20,2048,4095,36404,0.23801
sd10-b025,sis-p20,4096,8191,54870,0.35874
sd10-b025,sis-p20,8192,16383,16926,0.11066
sd10-b025,sis-p20,16384,24427,84,0.00055
sd10-b025,jan-p01-t1k,0,0,5,0.00289
sd10-b025,jan-p01-t1k,1,1,6,0.00347
sd10-b025,jan-p01-t1k,2,3,13,0.00751
sd10-b025,jan-p01-t1k,4,7,25,0.01444
sd10-b025,jan-p01-t1k,8,15,27,0.01560
sd10-b025,jan-p01-t1k,16,31,58,0.03351
sd10-b025,jan-p01-t1k,32,63,67,0.03871
sd10-b025,jan-p01-t1k,64,127,136,0.07857
sd10-b025,jan-p01-t1k,128,255,214,0.12363
sd10-b025,jan-p01-t1k,256,511,281,0.16233
sd10-b025,jan-p01-t1k,512,1023,338,0.19526
sd10-b025,jan-p01-t1k,1024,2047,350,0.20220
sd10-b025,jan-p01-t1k,2048,4095,191,0.11034
sd10-b025,jan-p01-t1k,4096,6499,20,0.01155
sd10-b025,jan-p10-t1k,0,0,65,0.00104
sd10-b025,jan-p10-t1k,1,1,60,0.00096
sd10-b025,jan-p10-t1k,2,3,92,0.00147
sd10-b025,jan-p10-t1k,4,7,195,0.00312
sd10-b025,jan-p10-t1k,8,15,316,0.00506
sd10-b025,jan-p10-t1k,16,31,556,0.00890
sd10-b025,jan-p10-t1k,32,63,823,0.01317
sd10-b025,jan-p10-t1k,64,127,1423,0.02277
sd10-b025,jan-p10-t1k,128,255,2325,0.03720
sd10-b025,jan-p10-t1k,256,511,3442,0.05507
sd10-b025,jan-p10-t1k,512,1023,5200,0.08320
sd10-b025,jan-p10-t1k,1024,2047,9017,0.14427
sd10-b025,jan-p10-t1k,2048,4095,16060,0.25696
sd10-b025,jan-p10-t1k,4096,8191,17955,0.28728
sd10-b025,jan-p10-t1k,8192,16383,4896,0.07833
sd10-b025,jan-p10-t1k,16384,24458,76,0.00122
sd10-b025,jan-p20-t1k,0,0,138,0.00090
sd10-b025,jan-p20-t1k,1,1,121,0.00079
sd10-b025,jan-p20-t1k,2,3,206,0.00134
sd10-b025,jan-p20-t1k,4,7,370,0.00241
sd10-b025,jan-p20-t1k,8,15,636,0.00415
sd10-b025,jan-p20-t1k,16,31,1083,0.00707
sd10-b025,jan-p20-t1k,32,63,1649,0.01076
sd10-b025,jan-p20-t1k,64,127,2698,0.01760
sd10-b025,jan-p20-t1k,128,255,4562,0.02976
sd10-b025,jan-p20-t1k,256,511,6973,0.04549
sd10-b025,jan-p20-t1k,512,1023,10878,0.07097
sd10-b025,jan-p20-t1k,1024,2047,19255,0.12562
sd10-b025,jan-p20-t1k,2048,4095,35399,0.23094
sd10-b025,jan-p20-t1k,4096,8191,53101,0.34643
sd10-b025,jan-p20-t1k,8192,16383,16143,0.10532
sd10-b025,jan-p20-t1k,16384,22028,69,0.00045
sd10-b025,jan-p01-t10k,0,0,8,0.00197
sd10-b025,jan-p01-t10k,1,1,4,0.00098
sd10-b025,jan-p01-t10k,2,3,9,0.00222
sd10-b025,jan-p01-t10k,4,7,29,0.00714
sd10-b025,jan-p01-t10k,8,15,31,0.00763
sd10-b025,jan-p01-t10k,16,31,43,0.01058
sd10-b025,jan-p01-t10k,32,63,69,0.01698
sd10-b025,jan-p01-t10k,64,127,120,0.02953
sd10-b025,jan-p01-t10k,128,255,243,0.05981
sd10-b025,jan-p01-t10k,256,511,389,0.09574
sd10-b025,jan-p01-t10k,512,1023,661,0.16269
sd10-b025,jan-p01-t10k,1024,2047,938,0.23086
sd10-b025,jan-p01-t10k,2048,4095,1180,0.29043
sd10-b025,jan-p01-t10k,4096,5745,339,0.08344
sd10-b025,jan-p10-t10k,0,0,74,0.00115
sd10-b025,jan-p10-t10k,1,1,64,0.00099
sd10-b025,jan-p10-t10k,2,3,101,0.00157
sd10-b025,jan-p10-t10k,4,7,182,0.00283
sd10-b025,jan-p10-t10k,8,15,288,0.00447
sd10-b025,jan-p10-t10k,16,31,519,0.00806
sd10-b025,jan-p10-t10k,32,63,800,0.01242
sd10-b025,jan-p10-t10k,64,127,1440,0.02236
sd10-b025,jan-p10-t10k,128,255,2452,0.03807
sd10-b025,jan-p10-t10k,256,511,4143,0.06433
sd10-b025,jan-p10-t10k,512,1023,6739,0.10464
sd10-b025,jan-p10-t10k,1024,2047,10568,0.16409
sd10-b025,jan-p10-t10k,2048,4095,15682,0.24350
sd10-b025,jan-p10-t10k,4096,8191,16756,0.26017
sd10-b025,jan-p10-t10k,8192,16383,4535,0.07042
sd10-b025,jan-p10-t10k,16384,26161,60,0.00093
sd10-b025,jan-p20-t10k,0,0,148,0.00096
sd10-b025,jan-p20-t10k,1,1,133,0.00086
sd10-b025,jan-p20-t10k,2,3,213,0.00138
sd10-b025,jan-p20-t10k,4,7,357,0.00231
sd10-b025,jan-p20-t10k,8,15,567,0.00367
sd10-b025,jan-p20-t10k,16,31,1050,0.00679
sd10-b025,jan-p20-t10k,32,63,1673,0.01082
sd10-b025,jan-p20-t10k,64,127,2988,0.01932
sd10-b025,jan-p20-t10k,128,255,4918,0.03180
sd10-b025,jan-p20-t10k,256,511,8193,0.05297
sd10-b025,jan-p20-t10k,512,1023,13578,0.08779
sd10-b025,jan-p20-t10k,1024,2047,22077,0.14274
sd10-b025,jan-p20-t10k,2048,4095,35307,0.22828
sd10-b025,jan-p20-t10k,4096,8191,48527,0.31376
sd10-b025,jan-p20-t10k,8192,16383,14855,0.09605
sd10-b025,jan-p20-t10k,16384,23570,78,0.00050
sd11-b000,completa,0,0,93,0.00010
sd11-b000,completa,1,1,82,0.00009
sd11-b000,completa,2,3,186,0.00020
sd11-b000,completa,4,7,423,0.00045
sd11-b000,completa,8,15,784,0.00083
sd11-b000,completa,16,31,1533,0.00163
sd11-b000,completa,32,63,3014,0.00320
sd11-b000,completa,64,127,6218,0.00660
sd11-b000,completa,128,255,12043,0.01278
sd11-b000,completa,256,511,24249,0.02574
sd11-b000,completa,512,1023,48729,0.05173
sd11-b000,completa,1024,2047,97520,0.10352
sd11-b000,completa,2048,4095,193681,0.20559
sd11-b000,completa,4096,8191,384668,0.40832
sd11-b000,completa,8192,9999,168848,0.17923
sd11-b000,sis-p01,0,0,1,0.00072
sd11-b000,sis-p01,1,1,1,0.00072
sd11-b000,sis-p01,2,3,2,0.00143
sd11-b000,sis-p01,4,7,1,0.00072
sd11-b000,sis-p01,8,15,7,0.00501
sd11-b000,sis-p01,16,31,12,0.00858
sd11-b000,sis-p01,32,63,28,0.02003
sd11-b000,sis-p01,64,127,56,0.04006
sd11-b000,sis-p01,128,255,106,0.07582
sd11-b000,sis-p01,256,511,230,0.16452
sd11-b000,sis-p01,512,1023,329,0.23534
sd11-b000,sis-p01,1024,2047,380,0.27182
sd11-b000,sis-p01,2048,4095,216,0.15451
sd11-b000,sis-p01,4096,6732,29,0.02074
sd11-b000,sis-p10,0,0,7,0.00011
sd11-b000,sis-p10,1,1,16,0.00026
sd11-b000,sis-p10,2,3,15,0.00024
sd11-b000,sis-p10,4,7,37,0.00060
sd11-b000,sis-p10,8,15,76,0.00123
sd11-b000,sis-p10,16,31,173,0.00280
sd11-b000,sis-p10,32,63,334,0.00541
sd11-b000,sis-p10,64,127,626,0.01013
sd11-b000,sis-p10,128,255,1181,0.01912
sd11-b000,sis-p10,256,511,2355,0.03812
sd11-b000,sis-p10,512,1023,4787,0.07749
sd11-b000,sis-p10,1024,2047,9639,0.15602
sd11-b000,sis-p10,2048,4095,17144,0.27751
sd11-b000,sis-p10,4096,8191,19573,0.31682
sd11-b000,sis-p10,8192,16383,5724,0.09265
sd11-b000,sis-p10,16384,24852,92,0.00149
sd11-b000,sis-p20,0,0,28,0.00018
sd11-b000,sis-p20,1,1,18,0.00012
sd11-b000,sis-p20,2,3,46,0.00030
sd11-b000,sis-p20,4,7,67,0.00044
sd11-b000,sis-p20,8,15,142,0.00093
sd11-b000,sis-p20,16,31,302,0.00198
sd11-b000,sis-p20,32,63,629,0.00412
sd11-b000,sis-p20,64,127,1235,0.00808
sd11-b000,sis-p20,128,255,2514,0.01645
sd11-b000,sis-p20,256,511,4879,0.03193
sd11-b000,sis-p20,512,1023,9720,0.06362
sd11-b000,sis-p20,1024,2047,19091,0.12495
sd11-b000,sis-p20,2048,4095,37903,0.24807
sd11-b000,sis-p20,4096,8191,57532,0.37654
sd11-b000,sis-p20,8192,16383,18599,0.12173
sd11-b000,sis-p20,16384,22516,88,0.00058
sd11-b000,jan-p01-t1k,0,0,1,0.00071
sd11-b000,jan-p01-t1k,1,1,0,0.00000
sd11-b000,jan-p01-t1k,2,3,2,0.00142
sd11-b000,jan-p01-t1k,4,7,2,0.00142
sd11-b000,jan-p01-t1k,8,15,10,0.00710
sd11-b000,jan-p01-t1k,16,31,20,0.01419
sd11-b000,jan-p01-t1k,32,63,31,0.02200
sd11-b000,jan-p01-t1k,64,127,64,0.04542
sd11-b000,jan-p01-t1k,128,255,102,0.07239
sd11-b000,jan-p01-t1k,256,511,218,0.15472
sd11-b000,jan-p01-t1k,512,1023,323,0.22924
sd11-b000,jan-p01-t1k,1024,2047,396,0.28105
sd11-b000,jan-p01-t1k,2048,4095,216,0.15330
sd11-b000,jan-p01-t1k,4096,7865,24,0.01703
sd11-b000,jan-p10-t1k,0,0,6,0.00010
sd11-b000,jan-p10-t1k,1,1,10,0.00016
sd11-b000,jan-p10-t1k,2,3,16,0.00026
sd11-b000,jan-p10-t1k,4,7,35,0.00057
sd11-b000,jan-p10-t1k,8,15,83,0.00135
sd11-b000,jan-p10-t1k,16,31,146,0.00237
sd11-b000,jan-p10-t1k,32,63,318,0.00516
sd11-b000,jan-p10-t1k,64,127,633,0.01026
sd11-b000,jan-p10-t1k,128,255,1235,0.02002
sd11-b000,jan-p10-t1k,256,511,2451,0.03973
sd11-b000,jan-p10-t1k,512,1023,4790,0.07765
sd11-b000,jan-p10-t1k,1024,2047,9476,0.15362
sd11-b000,jan-p10-t1k,2048,4095,17391,0.28193
sd11-b000,jan-p10-t1k,4096,8191,19317,0.31315
sd11-b000,jan-p10-t1k,8192,16383,5677,0.09203
sd11-b000,jan-p10-t1k,16384,24693,102,0.00165
sd11-b000,jan-p20-t1k,0,0,15,0.00010
sd11-b000,jan-p20-t1k,1,1,15,0.00010
sd11-b000,jan-p20-t1k,2,3,44,0.00029
sd11-b000,jan-p20-t1k,4,7,71,0.00046
sd11-b000,jan-p20-t1k,8,15,157,0.00103
sd11-b000,jan-p20-t1k,16,31,305,0.00200
sd11-b000,jan-p20-t1k,32,63,633,0.00414
sd11-b000,jan-p20-t1k,64,127,1288,0.00843
sd11-b000,jan-p20-t1k,128,255,2437,0.01594
sd11-b000,jan-p20-t1k,256,511,4896,0.03203
sd11-b000,jan-p20-t1k,512,1023,9705,0.06349
sd11-b000,jan-p20-t1k,1024,2047,19136,0.12518
sd11-b000,jan-p20-t1k,2048,4095,37999,0.24857
sd11-b000,jan-p20-t1k,4096,8191,57811,0.37817
sd11-b000,jan-p20-t1k,8192,16383,18275,0.11955
sd11-b000,jan-p20-t1k,16384,24057,83,0.00054
sd11-b000,jan-p01-t10k,0,0,2,0.00057
sd11-b000,jan-p01-t10k,1,1,1,0.00029
sd11-b000,jan-p01-t10k,2,3,2,0.00057
sd11-b000,jan-p01-t10k,4,7,3,0.00086
sd11-b000,jan-p01-t10k,8,15,6,0.00171
sd11-b000,jan-p01-t10k,16,31,16,0.00457
sd11-b000,jan-p01-t10k,32,63,41,0.01171
sd11-b000,jan-p01-t10k,64,127,51,0.01457
sd11-b000,jan-p01-t10k,128,255,88,0.02514
sd11-b000,jan-p01-t10k,256,511,211,0.06029
sd11-b000,jan-p01-t10k,512,1023,431,0.12314
sd11-b000,jan-p01-t10k,1024,2047,846,0.24171
sd11-b000,jan-p01-t10k,2048,4095,1204,0.34400
sd11-b000,jan-p01-t10k,4096,6391,598,0.17086
sd11-b000,jan-p10-t10k,0,0,8,0.00013
sd11-b000,jan-p10-t10k,1,1,11,0.00018
sd11-b000,jan-p10-t10k,2,3,28,0.00045
sd11-b000,jan-p10-t10k,4,7,31,0.00049
sd11-b000,jan-p10-t10k,8,15,77,0.00123
sd11-b000,jan-p10-t10k,16,31,153,0.00244
sd11-b000,jan-p10-t10k,32,63,301,0.00480
sd11-b000,jan-p10-t10k,64,127,597,0.00953
sd11-b000,jan-p10-t10k,128,255,1132,0.01806
sd11-b000,jan-p10-t10k,256,511,2399,0.03828
sd11-b000,jan-p10-t10k,512,1023,4807,0.07670
sd11-b000,jan-p10-t10k,1024,2047,9250,0.14759
sd11-b000,jan-p10-t10k,2048,4095,16206,0.25858
sd11-b000,jan-p10-t10k,4096,8191,20866,0.33293
sd11-b000,jan-p10-t10k,8192,16383,6736,0.10748
sd11-b000,jan-p10-t10k,16384,26430,71,0.00113
sd11-b000,jan-p20-t10k,0,0,11,0.00007
sd11-b000,jan-p20-t10k,1,1,18,0.00012
sd11-b000,jan-p20-t10k,2,3,49,0.00032
sd11-b000,jan-p20-t10k,4,7,78,0.00051
sd11-b000,jan-p20-t10k,8,15,156,0.00102
sd11-b000,jan-p20-t10k,16,31,300,0.00196
sd11-b000,jan-p20-t10k,32,63,602,0.00393
sd11-b000,jan-p20-t10k,64,127,1225,0.00799
sd11-b000,jan-p20-t10k,128,255,2341,0.01527
sd11-b000,jan-p20-t10k,256,511,4932,0.03216
sd11-b000,jan-p20-t10k,512,1023,9656,0.06296
sd11-b000,jan-p20-t10k,1024,2047,19172,0.12502
sd11-b000,jan-p20-t10k,2048,4095,36321,0.23684
sd11-b000,jan-p20-t10k,4096,8191,58514,0.38156
sd11-b000,jan-p20-t10k,8192,16383,19915,0.12986
sd11-b000,jan-p20-t10k,16384,20502,66,0.00043
