cenario,amostra,janela_requisicoes,objetos_distintos_media,fracao_da_janela
baixa-b150,completa,1,1.0,1.0000
baixa-b150,completa,2,1.6,0.8166
baixa-b150,completa,3,2.2,0.7282
baixa-b150,completa,6,3.6,0.5967
baixa-b150,completa,10,5.1,0.5136
baixa-b150,completa,18,7.8,0.4316
baixa-b150,completa,32,11.6,0.3640
baixa-b150,completa,56,17.3,0.3088
baixa-b150,completa,100,26.1,0.2610
baixa-b150,completa,178,39.4,0.2215
baixa-b150,completa,316,59.7,0.1889
baixa-b150,completa,562,91.0,0.1619
baixa-b150,completa,1000,139.6,0.1396
baixa-b150,completa,1778,215.3,0.1211
baixa-b150,completa,3162,335.0,0.1059
baixa-b150,completa,5623,526.1,0.0936
baixa-b150,completa,10000,835.0,0.0835
baixa-b150,completa,17783,1338.1,0.0752
baixa-b150,completa,31623,2166.7,0.0685
baixa-b150,completa,56234,3546.1,0.0631
baixa-b150,completa,100000,5859.7,0.0586
baixa-b150,completa,177828,9776.1,0.0550
baixa-b150,completa,316228,16607.2,0.0525
baixa-b150,completa,562341,28780.7,0.0512
baixa-b150,completa,1000000,50489.0,0.0505
baixa-b150,sis-p01,1,1.0,1.0000
baixa-b150,sis-p01,2,2.0,0.9926
baixa-b150,sis-p01,3,3.0,0.9880
baixa-b150,sis-p01,5,4.9,0.9813
baixa-b150,sis-p01,7,6.8,0.9762
baixa-b150,sis-p01,10,9.7,0.9705
baixa-b150,sis-p01,15,14.5,0.9634
baixa-b150,sis-p01,22,21.0,0.9566
baixa-b150,sis-p01,32,30.4,0.9497
baixa-b150,sis-p01,46,43.4,0.9430
baixa-b150,sis-p01,68,63.6,0.9352
baixa-b150,sis-p01,100,92.8,0.9276
baixa-b150,sis-p01,147,135.2,0.9197
baixa-b150,sis-p01,215,196.0,0.9118
baixa-b150,sis-p01,316,285.7,0.9041
baixa-b150,sis-p01,464,416.2,0.8969
baixa-b150,sis-p01,681,606.2,0.8901
baixa-b150,sis-p01,1000,883.6,0.8836
baixa-b150,sis-p01,1468,1287.5,0.8770
baixa-b150,sis-p01,2155,1877.6,0.8713
baixa-b150,sis-p01,3163,2744.2,0.8676
baixa-b150,sis-p01,4642,4014.4,0.8648
baixa-b150,sis-p01,6814,5876.9,0.8625
baixa-b150,sis-p01,10000,8608.5,0.8609
baixa-b150,sis-p01,10001,8609.0,0.8608
baixa-b150,sis-p10,1,1.0,1.0000
baixa-b150,sis-p10,2,1.9,0.9637
baixa-b150,sis-p10,3,2.8,0.9387
baixa-b150,sis-p10,4,3.7,0.9196
baixa-b150,sis-p10,7,6.2,0.8794
baixa-b150,sis-p10,10,8.5,0.8521
baixa-b150,sis-p10,11,9.3,0.8446
baixa-b150,sis-p10,18,14.5,0.8050
baixa-b150,sis-p10,29,22.2,0.7658
baixa-b150,sis-p10,46,33.5,0.7277
baixa-b150,sis-p10,75,51.6,0.6880
baixa-b150,sis-p10,100,66.5,0.6649
baixa-b150,sis-p10,121,78.6,0.6497
baixa-b150,sis-p10,196,119.9,0.6119
baixa-b150,sis-p10,316,182.2,0.5765
baixa-b150,sis-p10,511,277.7,0.5434
baixa-b150,sis-p10,825,423.4,0.5132
baixa-b150,sis-p10,1000,501.8,0.5018
baixa-b150,sis-p10,1334,647.7,0.4855
baixa-b150,sis-p10,2154,991.8,0.4604
baixa-b150,sis-p10,3481,1524.5,0.4380
baixa-b150,sis-p10,5623,2353.0,0.4185
baixa-b150,sis-p10,9085,3643.4,0.4010
baixa-b150,sis-p10,10000,3977.8,0.3978
baixa-b150,sis-p10,14678,5661.2,0.3857
baixa-b150,sis-p10,23714,8854.7,0.3734
baixa-b150,sis-p10,38312,14003.1,0.3655
baixa-b150,sis-p10,61897,22318.5,0.3606
baixa-b150,sis-p10,100000,35809.5,0.3581
baixa-b150,sis-p10,100001,35810.0,0.3581
baixa-b150,sis-p20,1,1.0,1.0000
baixa-b150,sis-p20,2,1.9,0.9431
baixa-b150,sis-p20,3,2.7,0.9041
baixa-b150,sis-p20,5,4.3,0.8518
baixa-b150,sis-p20,8,6.4,0.8018
baixa-b150,sis-p20,10,7.8,0.7776
baixa-b150,sis-p20,13,9.7,0.7491
baixa-b150,sis-p20,21,14.6,0.6971
baixa-b150,sis-p20,35,22.5,0.6431
baixa-b150,sis-p20,58,34.3,0.5920
baixa-b150,sis-p20,97,52.6,0.5427
baixa-b150,sis-p20,100,54.0,0.5399
baixa-b150,sis-p20,162,80.5,0.4969
baixa-b150,sis-p20,269,122.4,0.4549
baixa-b150,sis-p20,447,186.2,0.4165
baixa-b150,sis-p20,744,284.4,0.3823
baixa-b150,sis-p20,1000,364.3,0.3643
baixa-b150,sis-p20,1237,435.6,0.3521
baixa-b150,sis-p20,2057,670.0,0.3257
baixa-b150,sis-p20,3420,1035.2,0.3027
baixa-b150,sis-p20,5687,1607.9,0.2827
baixa-b150,sis-p20,9457,2512.5,0.2657
baixa-b150,sis-p20,10000,2639.7,0.2640
baixa-b150,sis-p20,15727,3948.4,0.2511
baixa-b150,sis-p20,26153,6236.7,0.2385
baixa-b150,sis-p20,43491,9928.6,0.2283
baixa-b150,sis-p20,72324,16037.1,0.2217
baixa-b150,sis-p20,100000,21909.9,0.2191
baixa-b150,sis-p20,120270,26200.6,0.2178
baixa-b150,sis-p20,200001,43140.0,0.2157
baixa-b150,jan-p01-t1k,1,1.0,1.0000
baixa-b150,jan-p01-t1k,2,1.6,0.8189
baixa-b150,jan-p01-t1k,3,2.2,0.7325
baixa-b150,jan-p01-t1k,5,3.2,0.6332
baixa-b150,jan-p01-t1k,7,4.0,0.5752
baixa-b150,jan-p01-t1k,10,5.2,0.5184
baixa-b150,jan-p01-t1k,15,6.9,0.4602
baixa-b150,jan-p01-t1k,22,9.1,0.4117
baixa-b150,jan-p01-t1k,32,11.8,0.3691
baixa-b150,jan-p01-t1k,46,15.3,0.3326
baixa-b150,jan-p01-t1k,68,20.3,0.2985
baixa-b150,jan-p01-t1k,100,26.9,0.2687
baixa-b150,jan-p01-t1k,147,35.6,0.2423
baixa-b150,jan-p01-t1k,215,47.2,0.2193
baixa-b150,jan-p01-t1k,316,63.2,0.2000
baixa-b150,jan-p01-t1k,464,85.7,0.1846
baixa-b150,jan-p01-t1k,681,117.4,0.1723
baixa-b150,jan-p01-t1k,1000,162.9,0.1629
baixa-b150,jan-p01-t1k,1468,228.5,0.1557
baixa-b150,jan-p01-t1k,2154,325.0,0.1509
baixa-b150,jan-p01-t1k,3162,466.0,0.1474
baixa-b150,jan-p01-t1k,4642,673.1,0.1450
baixa-b150,jan-p01-t1k,6813,977.3,0.1434
baixa-b150,jan-p01-t1k,10000,1400.0,0.1400
baixa-b150,jan-p10-t1k,1,1.0,1.0000
baixa-b150,jan-p10-t1k,2,1.6,0.8168
baixa-b150,jan-p10-t1k,3,2.2,0.7290
baixa-b150,jan-p10-t1k,4,2.7,0.6718
baixa-b150,jan-p10-t1k,7,4.0,0.5717
baixa-b150,jan-p10-t1k,10,5.1,0.5149
baixa-b150,jan-p10-t1k,11,5.5,0.5007
baixa-b150,jan-p10-t1k,18,7.8,0.4333
baixa-b150,jan-p10-t1k,29,10.9,0.3770
baixa-b150,jan-p10-t1k,46,15.2,0.3301
baixa-b150,jan-p10-t1k,75,21.6,0.2877
baixa-b150,jan-p10-t1k,100,26.6,0.2658
baixa-b150,jan-p10-t1k,121,30.6,0.2525
baixa-b150,jan-p10-t1k,196,43.7,0.2229
baixa-b150,jan-p10-t1k,316,62.9,0.1989
baixa-b150,jan-p10-t1k,511,91.9,0.1797
baixa-b150,jan-p10-t1k,825,136.1,0.1649
baixa-b150,jan-p10-t1k,1000,160.2,0.1602
baixa-b150,jan-p10-t1k,1334,205.7,0.1542
baixa-b150,jan-p10-t1k,2154,316.0,0.1467
baixa-b150,jan-p10-t1k,3481,491.7,0.1413
baixa-b150,jan-p10-t1k,5623,771.5,0.1372
baixa-b150,jan-p10-t1k,9085,1217.3,0.1340
baixa-b150,jan-p10-t1k,10000,1334.4,0.1334
baixa-b150,jan-p10-t1k,14678,1929.7,0.1315
baixa-b150,jan-p10-t1k,23714,3072.6,0.1296
baixa-b150,jan-p10-t1k,38312,4917.5,0.1284
baixa-b150,jan-p10-t1k,61897,7892.7,0.1275
baixa-b150,jan-p10-t1k,100000,12689.0,0.1269
baixa-b150,jan-p20-t1k,1,1.0,1.0000
baixa-b150,jan-p20-t1k,2,1.6,0.8174
baixa-b150,jan-p20-t1k,3,2.2,0.7295
baixa-b150,jan-p20-t1k,5,3.2,0.6305
baixa-b150,jan-p20-t1k,8,4.4,0.5501
baixa-b150,jan-p20-t1k,10,5.2,0.5153
baixa-b150,jan-p20-t1k,13,6.2,0.4770
baixa-b150,jan-p20-t1k,21,8.7,0.4144
baixa-b150,jan-p20-t1k,35,12.5,0.3570
baixa-b150,jan-p20-t1k,58,17.9,0.3090
baixa-b150,jan-p20-t1k,97,26.0,0.2679
baixa-b150,jan-p20-t1k,100,26.6,0.2657
baixa-b150,jan-p20-t1k,162,37.9,0.2339
baixa-b150,jan-p20-t1k,269,55.5,0.2062
baixa-b150,jan-p20-t1k,447,82.3,0.1841
baixa-b150,jan-p20-t1k,744,124.0,0.1667
baixa-b150,jan-p20-t1k,1000,158.6,0.1586
baixa-b150,jan-p20-t1k,1237,190.1,0.1537
baixa-b150,jan-p20-t1k,2057,296.4,0.1441
baixa-b150,jan-p20-t1k,3420,467.6,0.1367
baixa-b150,jan-p20-t1k,5687,744.3,0.1309
baixa-b150,jan-p20-t1k,9457,1192.1,0.1261
baixa-b150,jan-p20-t1k,10000,1255.8,0.1256
baixa-b150,jan-p20-t1k,15727,1918.4,0.1220
baixa-b150,jan-p20-t1k,26153,3099.1,0.1185
baixa-b150,jan-p20-t1k,43491,5028.2,0.1156
baixa-b150,jan-p20-t1k,72323,8219.6,0.1137
baixa-b150,jan-p20-t1k,100000,11279.0,0.1128
baixa-b150,jan-p20-t1k,120269,13531.9,0.1125
baixa-b150,jan-p20-t1k,200000,22391.0,0.1120
baixa-b150,jan-p01-t10k,1,1.0,1.0000
baixa-b150,jan-p01-t10k,2,1.6,0.8181
baixa-b150,jan-p01-t10k,3,2.2,0.7308
baixa-b150,jan-p01-t10k,5,3.2,0.6303
baixa-b150,jan-p01-t10k,7,4.0,0.5716
baixa-b150,jan-p01-t10k,10,5.2,0.5151
baixa-b150,jan-p01-t10k,15,6.9,0.4574
baixa-b150,jan-p01-t10k,22,9.0,0.4092
baixa-b150,jan-p01-t10k,32,11.7,0.3672
baixa-b150,jan-p01-t10k,46,15.2,0.3313
baixa-b150,jan-p01-t10k,68,20.2,0.2971
baixa-b150,jan-p01-t10k,100,26.7,0.2668
baixa-b150,jan-p01-t10k,147,35.2,0.2395
baixa-b150,jan-p01-t10k,215,46.5,0.2165
baixa-b150,jan-p01-t10k,316,62.0,0.1962
baixa-b150,jan-p01-t10k,464,82.4,0.1777
baixa-b150,jan-p01-t10k,681,109.3,0.1605
baixa-b150,jan-p01-t10k,1000,144.9,0.1449
baixa-b150,jan-p01-t10k,1468,192.7,0.1313
baixa-b150,jan-p01-t10k,2154,257.7,0.1196
baixa-b150,jan-p01-t10k,3162,345.1,0.1091
baixa-b150,jan-p01-t10k,4642,463.4,0.0998
baixa-b150,jan-p01-t10k,6813,630.6,0.0926
baixa-b150,jan-p01-t10k,10000,859.0,0.0859
baixa-b150,jan-p10-t10k,1,1.0,1.0000
baixa-b150,jan-p10-t10k,2,1.6,0.8164
baixa-b150,jan-p10-t10k,3,2.2,0.7283
baixa-b150,jan-p10-t10k,4,2.7,0.6711
baixa-b150,jan-p10-t10k,7,4.0,0.5707
baixa-b150,jan-p10-t10k,10,5.1,0.5141
baixa-b150,jan-p10-t10k,11,5.5,0.4998
baixa-b150,jan-p10-t10k,18,7.8,0.4323
baixa-b150,jan-p10-t10k,29,10.9,0.3758
baixa-b150,jan-p10-t10k,46,15.1,0.3286
baixa-b150,jan-p10-t10k,75,21.4,0.2854
baixa-b150,jan-p10-t10k,100,26.3,0.2628
baixa-b150,jan-p10-t10k,121,30.1,0.2489
baixa-b150,jan-p10-t10k,196,42.7,0.2178
baixa-b150,jan-p10-t10k,316,60.5,0.1915
baixa-b150,jan-p10-t10k,511,86.4,0.1691
baixa-b150,jan-p10-t10k,825,123.7,0.1500
baixa-b150,jan-p10-t10k,1000,143.1,0.1431
baixa-b150,jan-p10-t10k,1334,178.3,0.1336
baixa-b150,jan-p10-t10k,2154,258.8,0.1202
baixa-b150,jan-p10-t10k,3481,380.0,0.1092
baixa-b150,jan-p10-t10k,5623,565.7,0.1006
baixa-b150,jan-p10-t10k,9085,857.6,0.0944
baixa-b150,jan-p10-t10k,10000,934.6,0.0935
baixa-b150,jan-p10-t10k,14678,1320.6,0.0900
baixa-b150,jan-p10-t10k,23714,2067.3,0.0872
baixa-b150,jan-p10-t10k,38312,3266.1,0.0852
baixa-b150,jan-p10-t10k,61897,5211.0,0.0842
baixa-b150,jan-p10-t10k,100000,8306.0,0.0831
baixa-b150,jan-p20-t10k,1,1.0,1.0000
baixa-b150,jan-p20-t10k,2,1.6,0.8165
baixa-b150,jan-p20-t10k,3,2.2,0.7282
baixa-b150,jan-p20-t10k,5,3.1,0.6291
baixa-b150,jan-p20-t10k,8,4.4,0.5485
baixa-b150,jan-p20-t10k,10,5.1,0.5136
baixa-b150,jan-p20-t10k,13,6.2,0.4752
baixa-b150,jan-p20-t10k,21,8.7,0.4123
baixa-b150,jan-p20-t10k,35,12.4,0.3547
baixa-b150,jan-p20-t10k,58,17.8,0.3062
baixa-b150,jan-p20-t10k,97,25.6,0.2640
baixa-b150,jan-p20-t10k,100,26.2,0.2618
baixa-b150,jan-p20-t10k,162,37.0,0.2285
baixa-b150,jan-p20-t10k,269,53.5,0.1989
baixa-b150,jan-p20-t10k,447,77.7,0.1739
baixa-b150,jan-p20-t10k,744,113.7,0.1528
baixa-b150,jan-p20-t10k,1000,142.1,0.1421
baixa-b150,jan-p20-t10k,1237,167.1,0.1351
baixa-b150,jan-p20-t10k,2057,248.0,0.1206
baixa-b150,jan-p20-t10k,3420,372.5,0.1089
baixa-b150,jan-p20-t10k,5687,567.7,0.0998
baixa-b150,jan-p20-t10k,9457,880.9,0.0931
baixa-b150,jan-p20-t10k,10000,925.6,0.0926
baixa-b150,jan-p20-t10k,15727,1388.2,0.0883
baixa-b150,jan-p20-t10k,26153,2219.0,0.0848
baixa-b150,jan-p20-t10k,43491,3582.0,0.0824
baixa-b150,jan-p20-t10k,72323,5839.5,0.0807
baixa-b150,jan-p20-t10k,100000,8016.5,0.0802
baixa-b150,jan-p20-t10k,120269,9600.8,0.0798
baixa-b150,jan-p20-t10k,200000,15806.0,0.0790
media-b100,completa,1,1.0,1.0000
media-b100,completa,2,1.9,0.9514
media-b100,completa,3,2.8,0.9204
media-b100,completa,6,5.2,0.8647
media-b100,completa,10,8.2,0.8222
media-b100,completa,18,13.9,0.7724
media-b100,completa,32,23.1,0.7234
media-b100,completa,56,37.8,0.6757
media-b100,completa,100,62.7,0.6266
media-b100,completa,178,102.9,0.5780
media-b100,completa,316,167.5,0.5300
media-b100,completa,562,271.1,0.4824
media-b100,completa,1000,435.3,0.4353
media-b100,completa,1778,691.6,0.3890
media-b100,completa,3162,1086.4,0.3436
media-b100,completa,5623,1682.3,0.2992
media-b100,completa,10000,2560.3,0.2560
media-b100,completa,17783,3811.8,0.2143
media-b100,completa,31623,5521.2,0.1746
media-b100,completa,56234,7714.0,0.1372
media-b100,completa,100000,10304.6,0.1030
media-b100,completa,177828,14145.8,0.0795
media-b100,completa,316228,20977.5,0.0663
media-b100,completa,562341,33154.6,0.0590
media-b100,completa,1000000,54852.0,0.0549
media-b100,sis-p01,1,1.0,1.0000
media-b100,sis-p01,2,2.0,0.9987
media-b100,sis-p01,3,3.0,0.9978
media-b100,sis-p01,5,5.0,0.9967
media-b100,sis-p01,7,7.0,0.9957
media-b100,sis-p01,10,9.9,0.9946
media-b100,sis-p01,15,14.9,0.9932
media-b100,sis-p01,22,21.8,0.9916
media-b100,sis-p01,32,31.7,0.9898
media-b100,sis-p01,46,45.4,0.9876
media-b100,sis-p01,68,67.0,0.9847
media-b100,sis-p01,100,98.1,0.9811
media-b100,sis-p01,147,143.6,0.9767
media-b100,sis-p01,215,208.9,0.9714
media-b100,sis-p01,316,305.0,0.9652
media-b100,sis-p01,464,444.3,0.9576
media-b100,sis-p01,681,645.8,0.9483
media-b100,sis-p01,1000,936.5,0.9365
media-b100,sis-p01,1468,1353.9,0.9223
media-b100,sis-p01,2155,1953.0,0.9063
media-b100,sis-p01,3163,2817.6,0.8908
media-b100,sis-p01,4642,4073.1,0.8774
media-b100,sis-p01,6814,5906.6,0.8668
media-b100,sis-p01,10000,8593.0,0.8593
media-b100,sis-p01,10001,8594.0,0.8593
media-b100,sis-p10,1,1.0,1.0000
media-b100,sis-p10,2,2.0,0.9927
media-b100,sis-p10,3,3.0,0.9876
media-b100,sis-p10,4,3.9,0.9835
media-b100,sis-p10,7,6.8,0.9744
media-b100,sis-p10,10,9.7,0.9680
media-b100,sis-p10,11,10.6,0.9662
media-b100,sis-p10,18,17.2,0.9559
media-b100,sis-p10,29,27.4,0.9449
media-b100,sis-p10,46,42.9,0.9328
media-b100,sis-p10,75,68.9,0.9183
media-b100,sis-p10,100,90.9,0.9089
media-b100,sis-p10,121,109.2,0.9023
media-b100,sis-p10,196,173.2,0.8836
media-b100,sis-p10,316,272.6,0.8625
media-b100,sis-p10,511,428.4,0.8384
media-b100,sis-p10,825,668.7,0.8106
media-b100,sis-p10,1000,798.1,0.7981
media-b100,sis-p10,1334,1037.5,0.7777
media-b100,sis-p10,2154,1592.0,0.7391
media-b100,sis-p10,3481,2415.3,0.6939
media-b100,sis-p10,5623,3601.9,0.6406
media-b100,sis-p10,9085,5253.7,0.5783
media-b100,sis-p10,10000,5646.9,0.5647
media-b100,sis-p10,14678,7505.3,0.5113
media-b100,sis-p10,23714,10769.7,0.4542
media-b100,sis-p10,38312,15847.5,0.4136
media-b100,sis-p10,61897,24004.1,0.3878
media-b100,sis-p10,100000,37243.0,0.3724
media-b100,sis-p10,100001,37243.0,0.3724
media-b100,sis-p20,1,1.0,1.0000
media-b100,sis-p20,2,2.0,0.9871
media-b100,sis-p20,3,2.9,0.9780
media-b100,sis-p20,5,4.8,0.9652
media-b100,sis-p20,8,7.6,0.9519
media-b100,sis-p20,10,9.5,0.9451
media-b100,sis-p20,13,12.2,0.9369
media-b100,sis-p20,21,19.3,0.9205
media-b100,sis-p20,35,31.5,0.9011
media-b100,sis-p20,58,51.0,0.8801
media-b100,sis-p20,97,83.1,0.8563
media-b100,sis-p20,100,85.5,0.8548
media-b100,sis-p20,162,134.5,0.8301
media-b100,sis-p20,269,215.6,0.8014
media-b100,sis-p20,447,344.0,0.7696
media-b100,sis-p20,744,546.3,0.7343
media-b100,sis-p20,1000,711.9,0.7119
media-b100,sis-p20,1237,859.5,0.6949
media-b100,sis-p20,2057,1338.2,0.6505
media-b100,sis-p20,3420,2054.8,0.6008
media-b100,sis-p20,5687,3101.6,0.5454
media-b100,sis-p20,9457,4575.8,0.4839
media-b100,sis-p20,10000,4767.6,0.4768
media-b100,sis-p20,15727,6552.3,0.4166
media-b100,sis-p20,26153,9090.8,0.3476
media-b100,sis-p20,43491,12803.7,0.2944
media-b100,sis-p20,72324,18805.6,0.2600
media-b100,sis-p20,100000,24552.2,0.2455
media-b100,sis-p20,120270,28769.4,0.2392
media-b100,sis-p20,200001,45444.0,0.2272
media-b100,jan-p01-t1k,1,1.0,1.0000
media-b100,jan-p01-t1k,2,1.9,0.9502
media-b100,jan-p01-t1k,3,2.8,0.9188
media-b100,jan-p01-t1k,5,4.4,0.8776
media-b100,jan-p01-t1k,7,5.9,0.8498
media-b100,jan-p01-t1k,10,8.2,0.8204
media-b100,jan-p01-t1k,15,11.8,0.7869
media-b100,jan-p01-t1k,22,16.6,0.7558
media-b100,jan-p01-t1k,32,23.2,0.7257
media-b100,jan-p01-t1k,46,32.0,0.6964
media-b100,jan-p01-t1k,68,45.2,0.6652
media-b100,jan-p01-t1k,100,63.4,0.6342
media-b100,jan-p01-t1k,147,88.7,0.6035
media-b100,jan-p01-t1k,215,123.5,0.5743
media-b100,jan-p01-t1k,316,172.7,0.5465
media-b100,jan-p01-t1k,464,241.8,0.5210
media-b100,jan-p01-t1k,681,339.6,0.4987
media-b100,jan-p01-t1k,1000,479.9,0.4799
media-b100,jan-p01-t1k,1468,680.8,0.4638
media-b100,jan-p01-t1k,2154,972.9,0.4517
media-b100,jan-p01-t1k,3162,1396.4,0.4416
media-b100,jan-p01-t1k,4642,2011.4,0.4333
media-b100,jan-p01-t1k,6813,2922.3,0.4289
media-b100,jan-p01-t1k,10000,4227.0,0.4227
media-b100,jan-p10-t1k,1,1.0,1.0000
media-b100,jan-p10-t1k,2,1.9,0.9507
media-b100,jan-p10-t1k,3,2.8,0.9193
media-b100,jan-p10-t1k,4,3.6,0.8964
media-b100,jan-p10-t1k,7,6.0,0.8507
media-b100,jan-p10-t1k,10,8.2,0.8213
media-b100,jan-p10-t1k,11,8.9,0.8134
media-b100,jan-p10-t1k,18,13.9,0.7723
media-b100,jan-p10-t1k,29,21.2,0.7324
media-b100,jan-p10-t1k,46,31.9,0.6942
media-b100,jan-p10-t1k,75,49.1,0.6543
media-b100,jan-p10-t1k,100,63.1,0.6312
media-b100,jan-p10-t1k,121,74.5,0.6161
media-b100,jan-p10-t1k,196,113.4,0.5786
media-b100,jan-p10-t1k,316,171.7,0.5433
media-b100,jan-p10-t1k,511,260.7,0.5101
media-b100,jan-p10-t1k,825,396.8,0.4810
media-b100,jan-p10-t1k,1000,470.7,0.4707
media-b100,jan-p10-t1k,1334,609.1,0.4566
media-b100,jan-p10-t1k,2154,937.9,0.4354
media-b100,jan-p10-t1k,3481,1444.9,0.4151
media-b100,jan-p10-t1k,5623,2212.2,0.3934
media-b100,jan-p10-t1k,9085,3347.7,0.3685
media-b100,jan-p10-t1k,10000,3629.4,0.3629
media-b100,jan-p10-t1k,14678,4994.4,0.3403
media-b100,jan-p10-t1k,23714,7428.4,0.3133
media-b100,jan-p10-t1k,38312,11183.5,0.2919
media-b100,jan-p10-t1k,61897,17167.2,0.2774
media-b100,jan-p10-t1k,100000,26877.0,0.2688
media-b100,jan-p20-t1k,1,1.0,1.0000
media-b100,jan-p20-t1k,2,1.9,0.9514
media-b100,jan-p20-t1k,3,2.8,0.9204
media-b100,jan-p20-t1k,5,4.4,0.8795
media-b100,jan-p20-t1k,8,6.7,0.8411
media-b100,jan-p20-t1k,10,8.2,0.8226
media-b100,jan-p20-t1k,13,10.4,0.8007
media-b100,jan-p20-t1k,21,16.0,0.7605
media-b100,jan-p20-t1k,35,25.1,0.7178
media-b100,jan-p20-t1k,58,39.2,0.6759
media-b100,jan-p20-t1k,97,61.5,0.6341
media-b100,jan-p20-t1k,100,63.2,0.6316
media-b100,jan-p20-t1k,162,96.1,0.5933
media-b100,jan-p20-t1k,269,149.2,0.5548
media-b100,jan-p20-t1k,447,231.7,0.5184
media-b100,jan-p20-t1k,744,361.1,0.4853
media-b100,jan-p20-t1k,1000,468.0,0.4680
media-b100,jan-p20-t1k,1237,564.6,0.4565
media-b100,jan-p20-t1k,2057,885.8,0.4306
media-b100,jan-p20-t1k,3420,1385.4,0.4051
media-b100,jan-p20-t1k,5687,2147.9,0.3777
media-b100,jan-p20-t1k,9457,3283.1,0.3472
media-b100,jan-p20-t1k,10000,3435.7,0.3436
media-b100,jan-p20-t1k,15727,4905.9,0.3119
media-b100,jan-p20-t1k,26153,7128.3,0.2726
media-b100,jan-p20-t1k,43491,10356.0,0.2381
media-b100,jan-p20-t1k,72323,15458.2,0.2137
media-b100,jan-p20-t1k,100000,20326.2,0.2033
media-b100,jan-p20-t1k,120269,23893.2,0.1987
media-b100,jan-p20-t1k,200000,38022.0,0.1901
media-b100,jan-p01-t10k,1,1.0,1.0000
media-b100,jan-p01-t10k,2,1.9,0.9549
media-b100,jan-p01-t10k,3,2.8,0.9245
media-b100,jan-p01-t10k,5,4.4,0.8832
media-b100,jan-p01-t10k,7,6.0,0.8559
media-b100,jan-p01-t10k,10,8.3,0.8261
media-b100,jan-p01-t10k,15,11.9,0.7924
media-b100,jan-p01-t10k,22,16.7,0.7597
media-b100,jan-p01-t10k,32,23.3,0.7274
media-b100,jan-p01-t10k,46,32.0,0.6957
media-b100,jan-p01-t10k,68,45.1,0.6627
media-b100,jan-p01-t10k,100,63.0,0.6302
media-b100,jan-p01-t10k,147,87.8,0.5974
media-b100,jan-p01-t10k,215,121.5,0.5653
media-b100,jan-p01-t10k,316,168.7,0.5337
media-b100,jan-p01-t10k,464,233.0,0.5021
media-b100,jan-p01-t10k,681,320.5,0.4706
media-b100,jan-p01-t10k,1000,439.0,0.4390
media-b100,jan-p01-t10k,1468,599.6,0.4085
media-b100,jan-p01-t10k,2154,815.6,0.3786
media-b100,jan-p01-t10k,3162,1101.4,0.3483
media-b100,jan-p01-t10k,4642,1482.8,0.3194
media-b100,jan-p01-t10k,6813,1987.7,0.2918
media-b100,jan-p01-t10k,10000,2625.0,0.2625
media-b100,jan-p10-t10k,1,1.0,1.0000
media-b100,jan-p10-t10k,2,1.9,0.9513
media-b100,jan-p10-t10k,3,2.8,0.9202
media-b100,jan-p10-t10k,4,3.6,0.8972
media-b100,jan-p10-t10k,7,6.0,0.8513
media-b100,jan-p10-t10k,10,8.2,0.8216
media-b100,jan-p10-t10k,11,9.0,0.8137
media-b100,jan-p10-t10k,18,13.9,0.7720
media-b100,jan-p10-t10k,29,21.2,0.7314
media-b100,jan-p10-t10k,46,31.8,0.6922
media-b100,jan-p10-t10k,75,48.8,0.6510
media-b100,jan-p10-t10k,100,62.7,0.6268
media-b100,jan-p10-t10k,121,73.9,0.6108
media-b100,jan-p10-t10k,196,111.9,0.5707
media-b100,jan-p10-t10k,316,167.9,0.5314
media-b100,jan-p10-t10k,511,251.6,0.4925
media-b100,jan-p10-t10k,825,374.8,0.4543
media-b100,jan-p10-t10k,1000,439.3,0.4393
media-b100,jan-p10-t10k,1334,556.5,0.4172
media-b100,jan-p10-t10k,2154,821.7,0.3815
media-b100,jan-p10-t10k,3481,1209.0,0.3473
media-b100,jan-p10-t10k,5623,1777.9,0.3162
media-b100,jan-p10-t10k,9085,2622.4,0.2887
media-b100,jan-p10-t10k,10000,2837.4,0.2837
media-b100,jan-p10-t10k,14678,3879.0,0.2643
media-b100,jan-p10-t10k,23714,5786.4,0.2440
media-b100,jan-p10-t10k,38312,8744.0,0.2282
media-b100,jan-p10-t10k,61897,13468.5,0.2176
media-b100,jan-p10-t10k,100000,20839.0,0.2084
media-b100,jan-p20-t10k,1,1.0,1.0000
media-b100,jan-p20-t10k,2,1.9,0.9512
media-b100,jan-p20-t10k,3,2.8,0.9200
media-b100,jan-p20-t10k,5,4.4,0.8790
media-b100,jan-p20-t10k,8,6.7,0.8401
media-b100,jan-p20-t10k,10,8.2,0.8214
media-b100,jan-p20-t10k,13,10.4,0.7992
media-b100,jan-p20-t10k,21,15.9,0.7585
media-b100,jan-p20-t10k,35,25.0,0.7152
media-b100,jan-p20-t10k,58,39.0,0.6725
media-b100,jan-p20-t10k,97,61.0,0.6293
media-b100,jan-p20-t10k,100,62.7,0.6267
media-b100,jan-p20-t10k,162,95.0,0.5863
media-b100,jan-p20-t10k,269,146.4,0.5443
media-b100,jan-p20-t10k,447,224.7,0.5027
media-b100,jan-p20-t10k,744,343.6,0.4618
media-b100,jan-p20-t10k,1000,438.6,0.4386
media-b100,jan-p20-t10k,1237,522.2,0.4222
media-b100,jan-p20-t10k,2057,789.9,0.3840
media-b100,jan-p20-t10k,3420,1188.9,0.3476
media-b100,jan-p20-t10k,5687,1785.0,0.3139
media-b100,jan-p20-t10k,9457,2677.2,0.2831
media-b100,jan-p20-t10k,10000,2799.1,0.2799
media-b100,jan-p20-t10k,15727,3992.7,0.2539
media-b100,jan-p20-t10k,26153,5896.6,0.2255
media-b100,jan-p20-t10k,43491,8712.9,0.2003
media-b100,jan-p20-t10k,72323,13143.1,0.1817
media-b100,jan-p20-t10k,100000,17353.1,0.1735
media-b100,jan-p20-t10k,120269,20427.0,0.1698
media-b100,jan-p20-t10k,200000,32426.0,0.1621
alta-b050,completa,1,1.0,1.0000
alta-b050,completa,2,2.0,0.9976
alta-b050,completa,3,3.0,0.9956
alta-b050,completa,6,5.9,0.9911
alta-b050,completa,10,9.9,0.9867
alta-b050,completa,18,17.6,0.9800
alta-b050,completa,32,31.1,0.9711
alta-b050,completa,56,53.7,0.9598
alta-b050,completa,100,94.4,0.9444
alta-b050,completa,178,164.5,0.9241
alta-b050,completa,316,283.7,0.8976
alta-b050,completa,562,485.1,0.8632
alta-b050,completa,1000,819.0,0.8190
alta-b050,completa,1778,1356.4,0.7629
alta-b050,completa,3162,2191.3,0.6930
alta-b050,completa,5623,3419.3,0.6081
alta-b050,completa,10000,5085.3,0.5085
alta-b050,completa,17783,7083.1,0.3983
alta-b050,completa,31623,9043.8,0.2860
alta-b050,completa,56234,10545.3,0.1875
alta-b050,completa,100000,12708.2,0.1271
alta-b050,completa,177828,16548.3,0.0931
alta-b050,completa,316228,23378.7,0.0739
alta-b050,completa,562341,35548.4,0.0632
alta-b050,completa,1000000,57264.0,0.0573
alta-b050,sis-p01,1,1.0,1.0000
alta-b050,sis-p01,2,2.0,0.9998
alta-b050,sis-p01,3,3.0,0.9996
alta-b050,sis-p01,5,5.0,0.9994
alta-b050,sis-p01,7,7.0,0.9992
alta-b050,sis-p01,10,10.0,0.9989
alta-b050,sis-p01,15,15.0,0.9983
alta-b050,sis-p01,22,21.9,0.9976
alta-b050,sis-p01,32,31.9,0.9968
alta-b050,sis-p01,46,45.8,0.9959
alta-b050,sis-p01,68,67.6,0.9945
alta-b050,sis-p01,100,99.3,0.9927
alta-b050,sis-p01,147,145.6,0.9902
alta-b050,sis-p01,215,212.1,0.9863
alta-b050,sis-p01,316,310.1,0.9812
alta-b050,sis-p01,464,451.8,0.9736
alta-b050,sis-p01,681,656.0,0.9633
alta-b050,sis-p01,1000,950.5,0.9505
alta-b050,sis-p01,1468,1373.5,0.9356
alta-b050,sis-p01,2155,1980.4,0.9190
alta-b050,sis-p01,3163,2852.8,0.9019
alta-b050,sis-p01,4642,4114.3,0.8863
alta-b050,sis-p01,6814,5947.6,0.8728
alta-b050,sis-p01,10000,8612.0,0.8612
alta-b050,sis-p01,10001,8613.0,0.8612
alta-b050,sis-p10,1,1.0,1.0000
alta-b050,sis-p10,2,2.0,0.9993
alta-b050,sis-p10,3,3.0,0.9987
alta-b050,sis-p10,4,4.0,0.9981
alta-b050,sis-p10,7,7.0,0.9968
alta-b050,sis-p10,10,10.0,0.9957
alta-b050,sis-p10,11,10.9,0.9954
alta-b050,sis-p10,18,17.9,0.9935
alta-b050,sis-p10,29,28.7,0.9909
alta-b050,sis-p10,46,45.4,0.9878
alta-b050,sis-p10,75,73.8,0.9835
alta-b050,sis-p10,100,98.0,0.9804
alta-b050,sis-p10,121,118.3,0.9780
alta-b050,sis-p10,196,190.3,0.9707
alta-b050,sis-p10,316,303.7,0.9611
alta-b050,sis-p10,511,484.5,0.9481
alta-b050,sis-p10,825,767.4,0.9301
alta-b050,sis-p10,1000,921.0,0.9210
alta-b050,sis-p10,1334,1207.1,0.9049
alta-b050,sis-p10,2154,1873.4,0.8697
alta-b050,sis-p10,3481,2852.1,0.8193
alta-b050,sis-p10,5623,4217.1,0.7500
alta-b050,sis-p10,9085,6036.5,0.6644
alta-b050,sis-p10,10000,6463.6,0.6464
alta-b050,sis-p10,14678,8433.3,0.5746
alta-b050,sis-p10,23714,11753.5,0.4956
alta-b050,sis-p10,38312,16807.8,0.4387
alta-b050,sis-p10,61897,24901.0,0.4023
alta-b050,sis-p10,100000,37949.5,0.3795
alta-b050,sis-p10,100001,37950.0,0.3795
alta-b050,sis-p20,1,1.0,1.0000
alta-b050,sis-p20,2,2.0,0.9990
alta-b050,sis-p20,3,3.0,0.9981
alta-b050,sis-p20,5,5.0,0.9967
alta-b050,sis-p20,8,8.0,0.9949
alta-b050,sis-p20,10,9.9,0.9939
alta-b050,sis-p20,13,12.9,0.9926
alta-b050,sis-p20,21,20.8,0.9898
alta-b050,sis-p20,35,34.5,0.9858
alta-b050,sis-p20,58,56.9,0.9805
alta-b050,sis-p20,97,94.4,0.9734
alta-b050,sis-p20,100,97.3,0.9729
alta-b050,sis-p20,162,156.2,0.9642
alta-b050,sis-p20,269,256.1,0.9521
alta-b050,sis-p20,447,418.5,0.9363
alta-b050,sis-p20,744,680.9,0.9152
alta-b050,sis-p20,1000,899.6,0.8996
alta-b050,sis-p20,1237,1096.6,0.8865
alta-b050,sis-p20,2057,1742.5,0.8471
alta-b050,sis-p20,3420,2713.4,0.7934
alta-b050,sis-p20,5687,4096.0,0.7202
alta-b050,sis-p20,9457,5895.6,0.6234
alta-b050,sis-p20,10000,6114.2,0.6114
alta-b050,sis-p20,15727,8040.8,0.5113
alta-b050,sis-p20,26153,10653.1,0.4073
alta-b050,sis-p20,43491,14346.0,0.3299
alta-b050,sis-p20,72324,20309.0,0.2808
alta-b050,sis-p20,100000,26038.5,0.2604
alta-b050,sis-p20,120270,30220.6,0.2513
alta-b050,sis-p20,200001,46684.0,0.2334
alta-b050,jan-p01-t1k,1,1.0,1.0000
alta-b050,jan-p01-t1k,2,2.0,0.9971
alta-b050,jan-p01-t1k,3,3.0,0.9951
alta-b050,jan-p01-t1k,5,5.0,0.9917
alta-b050,jan-p01-t1k,7,6.9,0.9894
alta-b050,jan-p01-t1k,10,9.9,0.9865
alta-b050,jan-p01-t1k,15,14.7,0.9822
alta-b050,jan-p01-t1k,22,21.5,0.9771
alta-b050,jan-p01-t1k,32,31.1,0.9712
alta-b050,jan-p01-t1k,46,44.4,0.9644
alta-b050,jan-p01-t1k,68,64.9,0.9551
alta-b050,jan-p01-t1k,100,94.5,0.9446
alta-b050,jan-p01-t1k,147,137.0,0.9321
alta-b050,jan-p01-t1k,215,197.4,0.9180
alta-b050,jan-p01-t1k,316,285.0,0.9020
alta-b050,jan-p01-t1k,464,410.4,0.8845
alta-b050,jan-p01-t1k,681,589.3,0.8653
alta-b050,jan-p01-t1k,1000,846.3,0.8463
alta-b050,jan-p01-t1k,1468,1214.6,0.8274
alta-b050,jan-p01-t1k,2154,1744.6,0.8099
alta-b050,jan-p01-t1k,3162,2504.9,0.7922
alta-b050,jan-p01-t1k,4642,3600.3,0.7756
alta-b050,jan-p01-t1k,6813,5200.2,0.7633
alta-b050,jan-p01-t1k,10000,7503.0,0.7503
alta-b050,jan-p10-t1k,1,1.0,1.0000
alta-b050,jan-p10-t1k,2,2.0,0.9976
alta-b050,jan-p10-t1k,3,3.0,0.9956
alta-b050,jan-p10-t1k,4,4.0,0.9939
alta-b050,jan-p10-t1k,7,6.9,0.9898
alta-b050,jan-p10-t1k,10,9.9,0.9865
alta-b050,jan-p10-t1k,11,10.8,0.9855
alta-b050,jan-p10-t1k,18,17.6,0.9797
alta-b050,jan-p10-t1k,29,28.2,0.9726
alta-b050,jan-p10-t1k,46,44.3,0.9639
alta-b050,jan-p10-t1k,75,71.4,0.9523
alta-b050,jan-p10-t1k,100,94.4,0.9445
alta-b050,jan-p10-t1k,121,113.6,0.9387
alta-b050,jan-p10-t1k,196,180.6,0.9217
alta-b050,jan-p10-t1k,316,284.8,0.9014
alta-b050,jan-p10-t1k,511,448.6,0.8778
alta-b050,jan-p10-t1k,825,702.2,0.8512
alta-b050,jan-p10-t1k,1000,839.9,0.8399
alta-b050,jan-p10-t1k,1334,1096.6,0.8220
alta-b050,jan-p10-t1k,2154,1696.9,0.7878
alta-b050,jan-p10-t1k,3481,2589.0,0.7437
alta-b050,jan-p10-t1k,5623,3855.2,0.6856
alta-b050,jan-p10-t1k,9085,5577.0,0.6139
alta-b050,jan-p10-t1k,10000,5985.7,0.5986
alta-b050,jan-p10-t1k,14678,7885.9,0.5373
alta-b050,jan-p10-t1k,23714,11097.7,0.4680
alta-b050,jan-p10-t1k,38312,15950.2,0.4163
alta-b050,jan-p10-t1k,61897,23676.7,0.3825
alta-b050,jan-p10-t1k,100000,36143.0,0.3614
alta-b050,jan-p20-t1k,1,1.0,1.0000
alta-b050,jan-p20-t1k,2,2.0,0.9975
alta-b050,jan-p20-t1k,3,3.0,0.9956
alta-b050,jan-p20-t1k,5,5.0,0.9924
alta-b050,jan-p20-t1k,8,7.9,0.9886
alta-b050,jan-p20-t1k,10,9.9,0.9865
alta-b050,jan-p20-t1k,13,12.8,0.9838
alta-b050,jan-p20-t1k,21,20.5,0.9778
alta-b050,jan-p20-t1k,35,33.9,0.9696
alta-b050,jan-p20-t1k,58,55.6,0.9593
alta-b050,jan-p20-t1k,97,91.8,0.9462
alta-b050,jan-p20-t1k,100,94.5,0.9453
alta-b050,jan-p20-t1k,162,150.6,0.9298
alta-b050,jan-p20-t1k,269,244.7,0.9097
alta-b050,jan-p20-t1k,447,395.9,0.8856
alta-b050,jan-p20-t1k,744,637.9,0.8574
alta-b050,jan-p20-t1k,1000,839.2,0.8392
alta-b050,jan-p20-t1k,1237,1020.9,0.8253
alta-b050,jan-p20-t1k,2057,1619.4,0.7873
alta-b050,jan-p20-t1k,3420,2527.0,0.7389
alta-b050,jan-p20-t1k,5687,3835.4,0.6744
alta-b050,jan-p20-t1k,9457,5574.1,0.5894
alta-b050,jan-p20-t1k,10000,5788.4,0.5788
alta-b050,jan-p20-t1k,15727,7693.7,0.4892
alta-b050,jan-p20-t1k,26153,10296.6,0.3937
alta-b050,jan-p20-t1k,43491,13957.2,0.3209
alta-b050,jan-p20-t1k,72323,19805.9,0.2739
alta-b050,jan-p20-t1k,100000,25417.7,0.2542
alta-b050,jan-p20-t1k,120269,29512.0,0.2454
alta-b050,jan-p20-t1k,200000,45629.0,0.2281
alta-b050,jan-p01-t10k,1,1.0,1.0000
alta-b050,jan-p01-t10k,2,2.0,0.9972
alta-b050,jan-p01-t10k,3,3.0,0.9951
alta-b050,jan-p01-t10k,5,5.0,0.9922
alta-b050,jan-p01-t10k,7,6.9,0.9902
alta-b050,jan-p01-t10k,10,9.9,0.9874
alta-b050,jan-p01-t10k,15,14.8,0.9839
alta-b050,jan-p01-t10k,22,21.6,0.9796
alta-b050,jan-p01-t10k,32,31.2,0.9743
alta-b050,jan-p01-t10k,46,44.5,0.9679
alta-b050,jan-p01-t10k,68,65.2,0.9593
alta-b050,jan-p01-t10k,100,94.9,0.9493
alta-b050,jan-p01-t10k,147,137.7,0.9368
alta-b050,jan-p01-t10k,215,198.1,0.9214
alta-b050,jan-p01-t10k,316,285.4,0.9032
alta-b050,jan-p01-t10k,464,408.8,0.8810
alta-b050,jan-p01-t10k,681,582.2,0.8549
alta-b050,jan-p01-t10k,1000,824.6,0.8246
alta-b050,jan-p01-t10k,1468,1157.9,0.7888
alta-b050,jan-p01-t10k,2154,1608.5,0.7468
alta-b050,jan-p01-t10k,3162,2208.0,0.6983
alta-b050,jan-p01-t10k,4642,2984.8,0.6430
alta-b050,jan-p01-t10k,6813,3964.3,0.5819
alta-b050,jan-p01-t10k,10000,5136.0,0.5136
alta-b050,jan-p10-t10k,1,1.0,1.0000
alta-b050,jan-p10-t10k,2,2.0,0.9976
alta-b050,jan-p10-t10k,3,3.0,0.9957
alta-b050,jan-p10-t10k,4,4.0,0.9941
alta-b050,jan-p10-t10k,7,6.9,0.9903
alta-b050,jan-p10-t10k,10,9.9,0.9872
alta-b050,jan-p10-t10k,11,10.8,0.9863
alta-b050,jan-p10-t10k,18,17.7,0.9807
alta-b050,jan-p10-t10k,29,28.2,0.9736
alta-b050,jan-p10-t10k,46,44.4,0.9650
alta-b050,jan-p10-t10k,75,71.5,0.9534
alta-b050,jan-p10-t10k,100,94.5,0.9453
alta-b050,jan-p10-t10k,121,113.6,0.9391
alta-b050,jan-p10-t10k,196,180.5,0.9208
alta-b050,jan-p10-t10k,316,283.9,0.8983
alta-b050,jan-p10-t10k,511,444.7,0.8703
alta-b050,jan-p10-t10k,825,690.1,0.8365
alta-b050,jan-p10-t10k,1000,821.1,0.8211
alta-b050,jan-p10-t10k,1334,1061.6,0.7958
alta-b050,jan-p10-t10k,2154,1610.1,0.7475
alta-b050,jan-p10-t10k,3481,2406.8,0.6914
alta-b050,jan-p10-t10k,5623,3532.6,0.6282
alta-b050,jan-p10-t10k,9085,5094.0,0.5607
alta-b050,jan-p10-t10k,10000,5471.0,0.5471
alta-b050,jan-p10-t10k,14678,7219.3,0.4918
alta-b050,jan-p10-t10k,23714,10192.7,0.4298
alta-b050,jan-p10-t10k,38312,14651.8,0.3824
alta-b050,jan-p10-t10k,61897,21747.9,0.3514
alta-b050,jan-p10-t10k,100000,32767.0,0.3277
alta-b050,jan-p20-t10k,1,1.0,1.0000
alta-b050,jan-p20-t10k,2,2.0,0.9976
alta-b050,jan-p20-t10k,3,3.0,0.9957
alta-b050,jan-p20-t10k,5,5.0,0.9926
alta-b050,jan-p20-t10k,8,7.9,0.9890
alta-b050,jan-p20-t10k,10,9.9,0.9870
alta-b050,jan-p20-t10k,13,12.8,0.9842
alta-b050,jan-p20-t10k,21,20.5,0.9781
alta-b050,jan-p20-t10k,35,33.9,0.9696
alta-b050,jan-p20-t10k,58,55.6,0.9590
alta-b050,jan-p20-t10k,97,91.7,0.9454
alta-b050,jan-p20-t10k,100,94.4,0.9445
alta-b050,jan-p20-t10k,162,150.3,0.9279
alta-b050,jan-p20-t10k,269,243.7,0.9059
alta-b050,jan-p20-t10k,447,392.6,0.8783
alta-b050,jan-p20-t10k,744,627.9,0.8439
alta-b050,jan-p20-t10k,1000,820.5,0.8205
alta-b050,jan-p20-t10k,1237,991.9,0.8019
alta-b050,jan-p20-t10k,2057,1545.0,0.7511
alta-b050,jan-p20-t10k,3420,2362.1,0.6907
alta-b050,jan-p20-t10k,5687,3525.1,0.6199
alta-b050,jan-p20-t10k,9457,5105.2,0.5398
alta-b050,jan-p20-t10k,10000,5306.1,0.5306
alta-b050,jan-p20-t10k,15727,7126.7,0.4532
alta-b050,jan-p20-t10k,26153,9678.6,0.3701
alta-b050,jan-p20-t10k,43491,13221.7,0.3040
alta-b050,jan-p20-t10k,72323,18799.5,0.2599
alta-b050,jan-p20-t10k,100000,24133.6,0.2413
alta-b050,jan-p20-t10k,120269,28020.5,0.2330
alta-b050,jan-p20-t10k,200000,43179.0,0.2159
