cenario,amostra,de,ate,objetos,fracao_dos_objetos
baixa-b150,completa,1,1,2546,0.05043
baixa-b150,completa,2,3,4832,0.09570
baixa-b150,completa,4,7,8108,0.16059
baixa-b150,completa,8,15,11959,0.23686
baixa-b150,completa,16,31,12909,0.25568
baixa-b150,completa,32,63,8146,0.16134
baixa-b150,completa,64,127,1926,0.03815
baixa-b150,completa,128,242,63,0.00125
baixa-b150,sis-p01,1,1,7400,0.85957
baixa-b150,sis-p01,2,3,1189,0.13811
baixa-b150,sis-p01,4,6,20,0.00232
baixa-b150,sis-p10,1,1,12891,0.35998
baixa-b150,sis-p10,2,3,13448,0.37554
baixa-b150,sis-p10,4,7,7835,0.21879
baixa-b150,sis-p10,8,15,1597,0.04460
baixa-b150,sis-p10,16,31,38,0.00106
baixa-b150,sis-p10,32,32,1,0.00003
baixa-b150,sis-p20,1,1,9379,0.21741
baixa-b150,sis-p20,2,3,12992,0.30116
baixa-b150,sis-p20,4,7,12839,0.29761
baixa-b150,sis-p20,8,15,6824,0.15818
baixa-b150,sis-p20,16,31,1080,0.02503
baixa-b150,sis-p20,32,55,26,0.00060
baixa-b150,jan-p01-t1k,1,1,199,0.14214
baixa-b150,jan-p01-t1k,2,3,296,0.21143
baixa-b150,jan-p01-t1k,4,7,400,0.28571
baixa-b150,jan-p01-t1k,8,15,359,0.25643
baixa-b150,jan-p01-t1k,16,31,141,0.10071
baixa-b150,jan-p01-t1k,32,47,5,0.00357
baixa-b150,jan-p10-t1k,1,1,1583,0.12475
baixa-b150,jan-p10-t1k,2,3,2535,0.19978
baixa-b150,jan-p10-t1k,4,7,3543,0.27922
baixa-b150,jan-p10-t1k,8,15,3372,0.26574
baixa-b150,jan-p10-t1k,16,31,1504,0.11853
baixa-b150,jan-p10-t1k,32,63,151,0.01190
baixa-b150,jan-p10-t1k,64,66,1,0.00008
baixa-b150,jan-p20-t1k,1,1,2424,0.10826
baixa-b150,jan-p20-t1k,2,3,4108,0.18347
baixa-b150,jan-p20-t1k,4,7,5898,0.26341
baixa-b150,jan-p20-t1k,8,15,6166,0.27538
baixa-b150,jan-p20-t1k,16,31,3289,0.14689
baixa-b150,jan-p20-t1k,32,63,501,0.02238
baixa-b150,jan-p20-t1k,64,67,5,0.00022
baixa-b150,jan-p01-t10k,1,1,82,0.09546
baixa-b150,jan-p01-t10k,2,3,109,0.12689
baixa-b150,jan-p01-t10k,4,7,198,0.23050
baixa-b150,jan-p01-t10k,8,15,237,0.27590
baixa-b150,jan-p01-t10k,16,31,185,0.21537
baixa-b150,jan-p01-t10k,32,63,46,0.05355
baixa-b150,jan-p01-t10k,64,76,2,0.00233
baixa-b150,jan-p10-t10k,1,1,618,0.07440
baixa-b150,jan-p10-t10k,2,3,1248,0.15025
baixa-b150,jan-p10-t10k,4,7,1876,0.22586
baixa-b150,jan-p10-t10k,8,15,2301,0.27703
baixa-b150,jan-p10-t10k,16,31,1703,0.20503
baixa-b150,jan-p10-t10k,32,63,530,0.06381
baixa-b150,jan-p10-t10k,64,93,30,0.00361
baixa-b150,jan-p20-t10k,1,1,1184,0.07491
baixa-b150,jan-p20-t10k,2,3,2248,0.14222
baixa-b150,jan-p20-t10k,4,7,3424,0.21663
baixa-b150,jan-p20-t10k,8,15,4316,0.27306
baixa-b150,jan-p20-t10k,16,31,3414,0.21599
baixa-b150,jan-p20-t10k,32,63,1145,0.07244
baixa-b150,jan-p20-t10k,64,119,75,0.00475
media-b100,completa,1,1,2910,0.05305
media-b100,completa,2,3,5508,0.10042
media-b100,completa,4,7,9321,0.16993
media-b100,completa,8,15,13312,0.24269
media-b100,completa,16,31,14260,0.25997
media-b100,completa,32,63,8024,0.14628
media-b100,completa,64,127,1490,0.02716
media-b100,completa,128,176,27,0.00049
media-b100,sis-p01,1,1,7387,0.85955
media-b100,sis-p01,2,3,1180,0.13731
media-b100,sis-p01,4,5,27,0.00314
media-b100,sis-p10,1,1,13797,0.37046
media-b100,sis-p10,2,3,14233,0.38217
media-b100,sis-p10,4,7,7813,0.20978
media-b100,sis-p10,8,15,1375,0.03692
media-b100,sis-p10,16,22,25,0.00067
media-b100,sis-p20,1,1,10304,0.22674
media-b100,sis-p20,2,3,14029,0.30871
media-b100,sis-p20,4,7,13623,0.29978
media-b100,sis-p20,8,15,6607,0.14539
media-b100,sis-p20,16,31,869,0.01912
media-b100,sis-p20,32,41,12,0.00026
media-b100,jan-p01-t1k,1,1,1751,0.41424
media-b100,jan-p01-t1k,2,3,1668,0.39461
media-b100,jan-p01-t1k,4,7,723,0.17104
media-b100,jan-p01-t1k,8,14,85,0.02011
media-b100,jan-p10-t1k,1,1,7045,0.26212
media-b100,jan-p10-t1k,2,3,9180,0.34156
media-b100,jan-p10-t1k,4,7,7736,0.28783
media-b100,jan-p10-t1k,8,15,2708,0.10076
media-b100,jan-p10-t1k,16,31,206,0.00766
media-b100,jan-p10-t1k,32,32,2,0.00007
media-b100,jan-p20-t1k,1,1,7014,0.18447
media-b100,jan-p20-t1k,2,3,10590,0.27852
media-b100,jan-p20-t1k,4,7,11727,0.30843
media-b100,jan-p20-t1k,8,15,7139,0.18776
media-b100,jan-p20-t1k,16,31,1504,0.03956
media-b100,jan-p20-t1k,32,58,48,0.00126
media-b100,jan-p01-t10k,1,1,657,0.25029
media-b100,jan-p01-t10k,2,3,883,0.33638
media-b100,jan-p01-t10k,4,7,777,0.29600
media-b100,jan-p01-t10k,8,15,287,0.10933
media-b100,jan-p01-t10k,16,24,21,0.00800
media-b100,jan-p10-t10k,1,1,4026,0.19320
media-b100,jan-p10-t10k,2,3,6170,0.29608
media-b100,jan-p10-t10k,4,7,6615,0.31743
media-b100,jan-p10-t10k,8,15,3514,0.16863
media-b100,jan-p10-t10k,16,31,503,0.02414
media-b100,jan-p10-t10k,32,43,11,0.00053
media-b100,jan-p20-t10k,1,1,4867,0.15010
media-b100,jan-p20-t10k,2,3,7928,0.24450
media-b100,jan-p20-t10k,4,7,10143,0.31280
media-b100,jan-p20-t10k,8,15,7419,0.22880
media-b100,jan-p20-t10k,16,31,1967,0.06066
media-b100,jan-p20-t10k,32,58,102,0.00315
alta-b050,completa,1,1,3245,0.05667
alta-b050,completa,2,3,5889,0.10284
alta-b050,completa,4,7,10062,0.17571
alta-b050,completa,8,15,14129,0.24673
alta-b050,completa,16,31,14593,0.25484
alta-b050,completa,32,63,8070,0.14093
alta-b050,completa,64,127,1274,0.02225
alta-b050,completa,128,130,2,0.00003
alta-b050,sis-p01,1,1,7422,0.86172
alta-b050,sis-p01,2,3,1173,0.13619
alta-b050,sis-p01,4,6,18,0.00209
alta-b050,sis-p10,1,1,14262,0.37581
alta-b050,sis-p10,2,3,14469,0.38126
alta-b050,sis-p10,4,7,7957,0.20967
alta-b050,sis-p10,8,15,1243,0.03275
alta-b050,sis-p10,16,20,19,0.00050
alta-b050,sis-p20,1,1,10854,0.23250
alta-b050,sis-p20,2,3,14663,0.31409
alta-b050,sis-p20,4,7,13793,0.29545
alta-b050,sis-p20,8,15,6598,0.14133
alta-b050,sis-p20,16,31,771,0.01652
alta-b050,sis-p20,32,35,5,0.00011
alta-b050,jan-p01-t1k,1,1,5622,0.74930
alta-b050,jan-p01-t1k,2,3,1765,0.23524
alta-b050,jan-p01-t1k,4,7,116,0.01546
alta-b050,jan-p10-t1k,1,1,12865,0.35595
alta-b050,jan-p10-t1k,2,3,13709,0.37930
alta-b050,jan-p10-t1k,4,7,8110,0.22439
alta-b050,jan-p10-t1k,8,15,1422,0.03934
alta-b050,jan-p10-t1k,16,21,37,0.00102
alta-b050,jan-p20-t1k,1,1,10229,0.22418
alta-b050,jan-p20-t1k,2,3,14130,0.30967
alta-b050,jan-p20-t1k,4,7,13764,0.30165
alta-b050,jan-p20-t1k,8,15,6692,0.14666
alta-b050,jan-p20-t1k,16,31,812,0.01780
alta-b050,jan-p20-t1k,32,37,2,0.00004
alta-b050,jan-p01-t10k,1,1,2427,0.47255
alta-b050,jan-p01-t10k,2,3,2167,0.42192
alta-b050,jan-p01-t10k,4,7,529,0.10300
alta-b050,jan-p01-t10k,8,8,13,0.00253
alta-b050,jan-p10-t10k,1,1,10043,0.30650
alta-b050,jan-p10-t10k,2,3,12660,0.38636
alta-b050,jan-p10-t10k,4,7,8193,0.25004
alta-b050,jan-p10-t10k,8,15,1822,0.05560
alta-b050,jan-p10-t10k,16,25,49,0.00150
alta-b050,jan-p20-t10k,1,1,8781,0.20336
alta-b050,jan-p20-t10k,2,3,13255,0.30698
alta-b050,jan-p20-t10k,4,7,13240,0.30663
alta-b050,jan-p20-t10k,8,15,6902,0.15985
alta-b050,jan-p20-t10k,16,31,994,0.02302
alta-b050,jan-p20-t10k,32,37,7,0.00016
