cenario,amostra,rank,requisicoes_ao_objeto,fracao_acumulada_das_requisicoes
baixa-b150,completa,1,242,0.00024
baixa-b150,completa,2,233,0.00047
baixa-b150,completa,3,198,0.00067
baixa-b150,completa,4,184,0.00086
baixa-b150,completa,6,174,0.00121
baixa-b150,completa,9,170,0.00172
baixa-b150,completa,14,161,0.00255
baixa-b150,completa,20,154,0.00348
baixa-b150,completa,29,148,0.00485
baixa-b150,completa,42,138,0.00668
baixa-b150,completa,61,129,0.00921
baixa-b150,completa,88,123,0.01259
baixa-b150,completa,128,116,0.01738
baixa-b150,completa,186,109,0.02390
baixa-b150,completa,271,103,0.03290
baixa-b150,completa,393,95,0.04493
baixa-b150,completa,572,87,0.06120
baixa-b150,completa,830,80,0.08262
baixa-b150,completa,1206,73,0.11121
baixa-b150,completa,1752,66,0.14908
baixa-b150,completa,2545,59,0.19833
baixa-b150,completa,3698,52,0.26177
baixa-b150,completa,5372,44,0.34124
baixa-b150,completa,7804,37,0.43845
baixa-b150,completa,11337,29,0.55402
baixa-b150,completa,16469,22,0.68477
baixa-b150,completa,23924,15,0.82007
baixa-b150,completa,34755,8,0.93932
baixa-b150,completa,50489,1,1.00000
baixa-b150,sis-p01,1,6,0.00060
baixa-b150,sis-p01,2,5,0.00110
baixa-b150,sis-p01,3,5,0.00160
baixa-b150,sis-p01,5,5,0.00260
baixa-b150,sis-p01,7,4,0.00350
baixa-b150,sis-p01,9,4,0.00430
baixa-b150,sis-p01,12,4,0.00550
baixa-b150,sis-p01,17,4,0.00750
baixa-b150,sis-p01,23,3,0.00960
baixa-b150,sis-p01,31,3,0.01200
baixa-b150,sis-p01,42,3,0.01530
baixa-b150,sis-p01,58,3,0.02010
baixa-b150,sis-p01,79,3,0.02640
baixa-b150,sis-p01,108,3,0.03510
baixa-b150,sis-p01,148,3,0.04710
baixa-b150,sis-p01,203,2,0.05889
baixa-b150,sis-p01,277,2,0.07369
baixa-b150,sis-p01,379,2,0.09409
baixa-b150,sis-p01,517,2,0.12169
baixa-b150,sis-p01,707,2,0.15968
baixa-b150,sis-p01,966,2,0.21148
baixa-b150,sis-p01,1321,1,0.27127
baixa-b150,sis-p01,1805,1,0.31967
baixa-b150,sis-p01,2467,1,0.38586
baixa-b150,sis-p01,3372,1,0.47635
baixa-b150,sis-p01,4609,1,0.60004
baixa-b150,sis-p01,6299,1,0.76902
baixa-b150,sis-p01,8609,1,1.00000
baixa-b150,sis-p10,1,32,0.00032
baixa-b150,sis-p10,2,25,0.00057
baixa-b150,sis-p10,3,20,0.00077
baixa-b150,sis-p10,4,20,0.00097
baixa-b150,sis-p10,6,19,0.00136
baixa-b150,sis-p10,9,19,0.00193
baixa-b150,sis-p10,13,18,0.00266
baixa-b150,sis-p10,18,17,0.00353
baixa-b150,sis-p10,26,16,0.00485
baixa-b150,sis-p10,37,16,0.00661
baixa-b150,sis-p10,53,15,0.00903
baixa-b150,sis-p10,77,14,0.01250
baixa-b150,sis-p10,110,13,0.01706
baixa-b150,sis-p10,158,13,0.02330
baixa-b150,sis-p10,227,12,0.03162
baixa-b150,sis-p10,326,11,0.04280
baixa-b150,sis-p10,467,10,0.05791
baixa-b150,sis-p10,671,9,0.07830
baixa-b150,sis-p10,963,9,0.10458
baixa-b150,sis-p10,1383,8,0.13915
baixa-b150,sis-p10,1985,7,0.18382
baixa-b150,sis-p10,2849,6,0.24150
baixa-b150,sis-p10,4091,5,0.31487
baixa-b150,sis-p10,5873,5,0.40397
baixa-b150,sis-p10,8431,4,0.50877
baixa-b150,sis-p10,12103,3,0.62933
baixa-b150,sis-p10,17375,2,0.76021
baixa-b150,sis-p10,24944,1,0.89134
baixa-b150,sis-p10,35810,1,1.00000
baixa-b150,sis-p20,1,55,0.00027
baixa-b150,sis-p20,2,49,0.00052
baixa-b150,sis-p20,3,47,0.00075
baixa-b150,sis-p20,4,37,0.00094
baixa-b150,sis-p20,6,36,0.00130
baixa-b150,sis-p20,9,34,0.00182
baixa-b150,sis-p20,13,34,0.00250
baixa-b150,sis-p20,19,33,0.00349
baixa-b150,sis-p20,27,31,0.00477
baixa-b150,sis-p20,40,29,0.00669
baixa-b150,sis-p20,57,28,0.00908
baixa-b150,sis-p20,83,26,0.01258
baixa-b150,sis-p20,120,25,0.01728
baixa-b150,sis-p20,173,23,0.02356
baixa-b150,sis-p20,250,22,0.03218
baixa-b150,sis-p20,361,20,0.04370
baixa-b150,sis-p20,521,19,0.05923
baixa-b150,sis-p20,753,17,0.08002
baixa-b150,sis-p20,1088,16,0.10753
baixa-b150,sis-p20,1572,14,0.14325
baixa-b150,sis-p20,2271,13,0.19022
baixa-b150,sis-p20,3282,11,0.25036
baixa-b150,sis-p20,4742,10,0.32629
baixa-b150,sis-p20,6851,8,0.41885
baixa-b150,sis-p20,9899,7,0.53092
baixa-b150,sis-p20,14302,5,0.65585
baixa-b150,sis-p20,20665,4,0.79310
baixa-b150,sis-p20,29858,2,0.91408
baixa-b150,sis-p20,43140,1,1.00000
baixa-b150,jan-p01-t1k,1,47,0.00470
baixa-b150,jan-p01-t1k,2,37,0.00840
baixa-b150,jan-p01-t1k,3,37,0.01210
baixa-b150,jan-p01-t1k,4,37,0.01580
baixa-b150,jan-p01-t1k,6,31,0.02240
baixa-b150,jan-p01-t1k,7,31,0.02550
baixa-b150,jan-p01-t1k,9,31,0.03170
baixa-b150,jan-p01-t1k,12,30,0.04070
baixa-b150,jan-p01-t1k,16,28,0.05220
baixa-b150,jan-p01-t1k,20,27,0.06320
baixa-b150,jan-p01-t1k,26,26,0.07910
baixa-b150,jan-p01-t1k,33,24,0.09640
baixa-b150,jan-p01-t1k,42,22,0.11690
baixa-b150,jan-p01-t1k,54,21,0.14300
baixa-b150,jan-p01-t1k,70,20,0.17600
baixa-b150,jan-p01-t1k,90,18,0.21380
baixa-b150,jan-p01-t1k,115,17,0.25740
baixa-b150,jan-p01-t1k,148,15,0.31090
baixa-b150,jan-p01-t1k,190,14,0.37250
baixa-b150,jan-p01-t1k,244,12,0.44290
baixa-b150,jan-p01-t1k,313,11,0.52170
baixa-b150,jan-p01-t1k,402,9,0.60830
baixa-b150,jan-p01-t1k,515,7,0.70060
baixa-b150,jan-p01-t1k,662,6,0.79580
baixa-b150,jan-p01-t1k,849,4,0.88380
baixa-b150,jan-p01-t1k,1091,2,0.95810
baixa-b150,jan-p01-t1k,1400,1,1.00000
baixa-b150,jan-p10-t1k,1,66,0.00066
baixa-b150,jan-p10-t1k,2,61,0.00127
baixa-b150,jan-p10-t1k,3,54,0.00181
baixa-b150,jan-p10-t1k,4,53,0.00234
baixa-b150,jan-p10-t1k,5,51,0.00285
baixa-b150,jan-p10-t1k,7,50,0.00386
baixa-b150,jan-p10-t1k,10,49,0.00533
baixa-b150,jan-p10-t1k,14,48,0.00727
baixa-b150,jan-p10-t1k,19,46,0.00960
baixa-b150,jan-p10-t1k,26,43,0.01266
baixa-b150,jan-p10-t1k,36,40,0.01682
baixa-b150,jan-p10-t1k,50,38,0.02228
baixa-b150,jan-p10-t1k,69,36,0.02922
baixa-b150,jan-p10-t1k,96,34,0.03868
baixa-b150,jan-p10-t1k,133,32,0.05096
baixa-b150,jan-p10-t1k,184,30,0.06692
baixa-b150,jan-p10-t1k,254,28,0.08740
baixa-b150,jan-p10-t1k,352,26,0.11396
baixa-b150,jan-p10-t1k,488,24,0.14782
baixa-b150,jan-p10-t1k,676,21,0.19019
baixa-b150,jan-p10-t1k,936,19,0.24310
baixa-b150,jan-p10-t1k,1297,17,0.30862
baixa-b150,jan-p10-t1k,1797,15,0.38869
baixa-b150,jan-p10-t1k,2489,13,0.48345
baixa-b150,jan-p10-t1k,3447,10,0.59204
baixa-b150,jan-p10-t1k,4775,8,0.71194
baixa-b150,jan-p10-t1k,6614,5,0.83427
baixa-b150,jan-p10-t1k,9161,3,0.93912
baixa-b150,jan-p10-t1k,12689,1,1.00000
baixa-b150,jan-p20-t1k,1,67,0.00034
baixa-b150,jan-p20-t1k,2,67,0.00067
baixa-b150,jan-p20-t1k,3,67,0.00101
baixa-b150,jan-p20-t1k,4,66,0.00134
baixa-b150,jan-p20-t1k,6,63,0.00198
baixa-b150,jan-p20-t1k,8,62,0.00260
baixa-b150,jan-p20-t1k,11,61,0.00352
baixa-b150,jan-p20-t1k,16,60,0.00504
baixa-b150,jan-p20-t1k,22,58,0.00681
baixa-b150,jan-p20-t1k,32,54,0.00958
baixa-b150,jan-p20-t1k,45,50,0.01295
baixa-b150,jan-p20-t1k,63,47,0.01730
baixa-b150,jan-p20-t1k,89,44,0.02319
baixa-b150,jan-p20-t1k,126,42,0.03116
baixa-b150,jan-p20-t1k,178,39,0.04173
baixa-b150,jan-p20-t1k,251,37,0.05559
baixa-b150,jan-p20-t1k,355,34,0.07391
baixa-b150,jan-p20-t1k,501,32,0.09791
baixa-b150,jan-p20-t1k,708,29,0.12903
baixa-b150,jan-p20-t1k,1000,26,0.16919
baixa-b150,jan-p20-t1k,1413,23,0.22023
baixa-b150,jan-p20-t1k,1996,21,0.28403
baixa-b150,jan-p20-t1k,2819,18,0.36236
baixa-b150,jan-p20-t1k,3982,15,0.45798
baixa-b150,jan-p20-t1k,5624,12,0.56924
baixa-b150,jan-p20-t1k,7944,9,0.69408
baixa-b150,jan-p20-t1k,11222,6,0.82325
baixa-b150,jan-p20-t1k,15852,4,0.93715
baixa-b150,jan-p20-t1k,22391,1,1.00000
baixa-b150,jan-p01-t10k,1,76,0.00760
baixa-b150,jan-p01-t10k,2,64,0.01400
baixa-b150,jan-p01-t10k,3,57,0.01970
baixa-b150,jan-p01-t10k,4,57,0.02540
baixa-b150,jan-p01-t10k,5,54,0.03080
baixa-b150,jan-p01-t10k,6,54,0.03620
baixa-b150,jan-p01-t10k,8,52,0.04660
baixa-b150,jan-p01-t10k,10,48,0.05640
baixa-b150,jan-p01-t10k,13,45,0.07020
baixa-b150,jan-p01-t10k,16,45,0.08370
baixa-b150,jan-p01-t10k,21,41,0.10490
baixa-b150,jan-p01-t10k,26,38,0.12440
baixa-b150,jan-p01-t10k,33,35,0.14970
baixa-b150,jan-p01-t10k,42,33,0.18030
baixa-b150,jan-p01-t10k,52,31,0.21210
baixa-b150,jan-p01-t10k,66,28,0.25250
baixa-b150,jan-p01-t10k,84,26,0.30000
baixa-b150,jan-p01-t10k,106,24,0.35420
baixa-b150,jan-p01-t10k,133,22,0.41540
baixa-b150,jan-p01-t10k,168,19,0.48530
baixa-b150,jan-p01-t10k,212,16,0.56190
baixa-b150,jan-p01-t10k,268,14,0.64700
baixa-b150,jan-p01-t10k,338,11,0.73450
baixa-b150,jan-p01-t10k,427,9,0.82310
baixa-b150,jan-p01-t10k,539,6,0.90430
baixa-b150,jan-p01-t10k,680,3,0.96820
baixa-b150,jan-p01-t10k,859,1,1.00000
baixa-b150,jan-p10-t10k,1,93,0.00093
baixa-b150,jan-p10-t10k,2,89,0.00182
baixa-b150,jan-p10-t10k,3,87,0.00269
baixa-b150,jan-p10-t10k,5,76,0.00427
baixa-b150,jan-p10-t10k,6,76,0.00503
baixa-b150,jan-p10-t10k,9,73,0.00724
baixa-b150,jan-p10-t10k,12,71,0.00941
baixa-b150,jan-p10-t10k,16,70,0.01223
baixa-b150,jan-p10-t10k,22,65,0.01623
baixa-b150,jan-p10-t10k,31,62,0.02201
baixa-b150,jan-p10-t10k,42,58,0.02855
baixa-b150,jan-p10-t10k,57,54,0.03692
baixa-b150,jan-p10-t10k,78,52,0.04801
baixa-b150,jan-p10-t10k,106,48,0.06201
baixa-b150,jan-p10-t10k,145,46,0.08036
baixa-b150,jan-p10-t10k,198,43,0.10377
baixa-b150,jan-p10-t10k,271,39,0.13358
baixa-b150,jan-p10-t10k,370,36,0.17075
baixa-b150,jan-p10-t10k,505,33,0.21718
baixa-b150,jan-p10-t10k,689,29,0.27419
baixa-b150,jan-p10-t10k,940,26,0.34320
baixa-b150,jan-p10-t10k,1284,22,0.42513
baixa-b150,jan-p10-t10k,1752,18,0.52031
baixa-b150,jan-p10-t10k,2392,15,0.62593
baixa-b150,jan-p10-t10k,3265,11,0.74034
baixa-b150,jan-p10-t10k,4457,8,0.85370
baixa-b150,jan-p10-t10k,6085,4,0.94880
baixa-b150,jan-p10-t10k,8306,1,1.00000
baixa-b150,jan-p20-t10k,1,119,0.00060
baixa-b150,jan-p20-t10k,2,108,0.00113
baixa-b150,jan-p20-t10k,3,105,0.00166
baixa-b150,jan-p20-t10k,4,100,0.00216
baixa-b150,jan-p20-t10k,5,97,0.00265
baixa-b150,jan-p20-t10k,7,89,0.00354
baixa-b150,jan-p20-t10k,10,85,0.00484
baixa-b150,jan-p20-t10k,14,82,0.00649
baixa-b150,jan-p20-t10k,20,78,0.00887
baixa-b150,jan-p20-t10k,28,75,0.01192
baixa-b150,jan-p20-t10k,39,73,0.01595
baixa-b150,jan-p20-t10k,55,67,0.02153
baixa-b150,jan-p20-t10k,76,63,0.02838
baixa-b150,jan-p20-t10k,106,60,0.03757
baixa-b150,jan-p20-t10k,149,56,0.04992
baixa-b150,jan-p20-t10k,207,52,0.06541
baixa-b150,jan-p20-t10k,289,48,0.08575
baixa-b150,jan-p20-t10k,404,44,0.11210
baixa-b150,jan-p20-t10k,564,40,0.14579
baixa-b150,jan-p20-t10k,787,37,0.18851
baixa-b150,jan-p20-t10k,1098,33,0.24240
baixa-b150,jan-p20-t10k,1532,29,0.30903
baixa-b150,jan-p20-t10k,2138,25,0.39011
baixa-b150,jan-p20-t10k,2985,21,0.48630
baixa-b150,jan-p20-t10k,4166,17,0.59693
baixa-b150,jan-p20-t10k,5814,13,0.71769
baixa-b150,jan-p20-t10k,8114,9,0.83996
baixa-b150,jan-p20-t10k,11325,5,0.94495
baixa-b150,jan-p20-t10k,15806,1,1.00000
media-b100,completa,1,176,0.00018
media-b100,completa,2,175,0.00035
media-b100,completa,3,171,0.00052
media-b100,completa,5,154,0.00084
media-b100,completa,7,149,0.00114
media-b100,completa,10,146,0.00158
media-b100,completa,14,140,0.00215
media-b100,completa,20,132,0.00297
media-b100,completa,30,126,0.00426
media-b100,completa,43,122,0.00587
media-b100,completa,63,117,0.00826
media-b100,completa,91,111,0.01144
media-b100,completa,133,104,0.01594
media-b100,completa,194,97,0.02202
media-b100,completa,283,91,0.03037
media-b100,completa,412,85,0.04170
media-b100,completa,600,79,0.05706
media-b100,completa,874,73,0.07779
media-b100,completa,1273,67,0.10551
media-b100,completa,1855,60,0.14217
media-b100,completa,2703,53,0.19003
media-b100,completa,3938,47,0.25160
media-b100,completa,5737,40,0.32964
media-b100,completa,8358,34,0.42631
media-b100,completa,12176,27,0.54213
media-b100,completa,17739,21,0.67453
media-b100,completa,25844,14,0.81347
media-b100,completa,37651,7,0.93642
media-b100,completa,54852,1,1.00000
media-b100,sis-p01,1,5,0.00050
media-b100,sis-p01,2,4,0.00090
media-b100,sis-p01,3,4,0.00130
media-b100,sis-p01,5,4,0.00210
media-b100,sis-p01,7,4,0.00290
media-b100,sis-p01,9,4,0.00370
media-b100,sis-p01,12,4,0.00490
media-b100,sis-p01,17,4,0.00690
media-b100,sis-p01,23,4,0.00930
media-b100,sis-p01,31,3,0.01210
media-b100,sis-p01,42,3,0.01540
media-b100,sis-p01,58,3,0.02020
media-b100,sis-p01,79,3,0.02650
media-b100,sis-p01,108,3,0.03520
media-b100,sis-p01,148,3,0.04720
media-b100,sis-p01,202,2,0.06039
media-b100,sis-p01,277,2,0.07539
media-b100,sis-p01,378,2,0.09559
media-b100,sis-p01,517,2,0.12339
media-b100,sis-p01,706,2,0.16118
media-b100,sis-p01,965,2,0.21298
media-b100,sis-p01,1319,1,0.27257
media-b100,sis-p01,1803,1,0.32097
media-b100,sis-p01,2463,1,0.38696
media-b100,sis-p01,3367,1,0.47735
media-b100,sis-p01,4601,1,0.60074
media-b100,sis-p01,6288,1,0.76942
media-b100,sis-p01,8594,1,1.00000
media-b100,sis-p10,1,22,0.00022
media-b100,sis-p10,2,19,0.00041
media-b100,sis-p10,3,19,0.00060
media-b100,sis-p10,4,19,0.00079
media-b100,sis-p10,6,18,0.00115
media-b100,sis-p10,9,17,0.00168
media-b100,sis-p10,13,17,0.00236
media-b100,sis-p10,18,16,0.00316
media-b100,sis-p10,26,15,0.00443
media-b100,sis-p10,38,15,0.00623
media-b100,sis-p10,54,14,0.00857
media-b100,sis-p10,78,14,0.01193
media-b100,sis-p10,112,13,0.01638
media-b100,sis-p10,161,12,0.02248
media-b100,sis-p10,231,11,0.03076
media-b100,sis-p10,333,11,0.04198
media-b100,sis-p10,478,10,0.05675
media-b100,sis-p10,687,9,0.07652
media-b100,sis-p10,988,8,0.10249
media-b100,sis-p10,1421,7,0.13692
media-b100,sis-p10,2042,7,0.18039
media-b100,sis-p10,2936,6,0.23621
media-b100,sis-p10,4220,5,0.30699
media-b100,sis-p10,6066,4,0.39608
media-b100,sis-p10,8721,4,0.50227
media-b100,sis-p10,12537,3,0.62167
media-b100,sis-p10,18022,2,0.75355
media-b100,sis-p10,25907,1,0.88664
media-b100,sis-p10,37243,1,1.00000
media-b100,sis-p20,1,41,0.00020
media-b100,sis-p20,2,39,0.00040
media-b100,sis-p20,3,37,0.00058
media-b100,sis-p20,4,35,0.00076
media-b100,sis-p20,6,34,0.00110
media-b100,sis-p20,9,32,0.00158
media-b100,sis-p20,13,31,0.00222
media-b100,sis-p20,19,30,0.00312
media-b100,sis-p20,28,28,0.00443
media-b100,sis-p20,40,27,0.00610
media-b100,sis-p20,58,26,0.00852
media-b100,sis-p20,85,25,0.01194
media-b100,sis-p20,122,23,0.01634
media-b100,sis-p20,177,21,0.02243
media-b100,sis-p20,256,20,0.03058
media-b100,sis-p20,371,19,0.04174
media-b100,sis-p20,537,17,0.05676
media-b100,sis-p20,778,16,0.07677
media-b100,sis-p20,1126,15,0.10338
media-b100,sis-p20,1629,13,0.13826
media-b100,sis-p20,2359,12,0.18393
media-b100,sis-p20,3414,11,0.24338
media-b100,sis-p20,4942,9,0.31796
media-b100,sis-p20,7153,8,0.41090
media-b100,sis-p20,10353,6,0.52127
media-b100,sis-p20,14985,5,0.64830
media-b100,sis-p20,21691,3,0.78608
media-b100,sis-p20,31396,2,0.91104
media-b100,sis-p20,45444,1,1.00000
media-b100,jan-p01-t1k,1,14,0.00140
media-b100,jan-p01-t1k,2,14,0.00280
media-b100,jan-p01-t1k,3,14,0.00420
media-b100,jan-p01-t1k,4,14,0.00560
media-b100,jan-p01-t1k,6,12,0.00810
media-b100,jan-p01-t1k,8,11,0.01040
media-b100,jan-p01-t1k,10,11,0.01260
media-b100,jan-p01-t1k,13,11,0.01590
media-b100,jan-p01-t1k,18,10,0.02100
media-b100,jan-p01-t1k,24,10,0.02700
media-b100,jan-p01-t1k,32,9,0.03440
media-b100,jan-p01-t1k,42,9,0.04340
media-b100,jan-p01-t1k,56,8,0.05490
media-b100,jan-p01-t1k,75,8,0.07010
media-b100,jan-p01-t1k,100,7,0.08860
media-b100,jan-p01-t1k,134,7,0.11240
media-b100,jan-p01-t1k,178,6,0.14040
media-b100,jan-p01-t1k,238,6,0.17640
media-b100,jan-p01-t1k,317,5,0.21840
media-b100,jan-p01-t1k,422,5,0.27090
media-b100,jan-p01-t1k,563,4,0.33140
media-b100,jan-p01-t1k,751,4,0.40660
media-b100,jan-p01-t1k,1002,3,0.48760
media-b100,jan-p01-t1k,1336,3,0.58780
media-b100,jan-p01-t1k,1782,2,0.68610
media-b100,jan-p01-t1k,2377,2,0.80510
media-b100,jan-p01-t1k,3170,1,0.89430
media-b100,jan-p01-t1k,4227,1,1.00000
media-b100,jan-p10-t1k,1,32,0.00032
media-b100,jan-p10-t1k,2,32,0.00064
media-b100,jan-p10-t1k,3,30,0.00094
media-b100,jan-p10-t1k,4,28,0.00122
media-b100,jan-p10-t1k,6,26,0.00174
media-b100,jan-p10-t1k,8,25,0.00224
media-b100,jan-p10-t1k,12,25,0.00324
media-b100,jan-p10-t1k,17,24,0.00446
media-b100,jan-p10-t1k,24,23,0.00612
media-b100,jan-p10-t1k,34,21,0.00832
media-b100,jan-p10-t1k,48,20,0.01120
media-b100,jan-p10-t1k,68,19,0.01513
media-b100,jan-p10-t1k,97,18,0.02044
media-b100,jan-p10-t1k,138,17,0.02749
media-b100,jan-p10-t1k,195,16,0.03683
media-b100,jan-p10-t1k,278,15,0.04941
media-b100,jan-p10-t1k,395,14,0.06596
media-b100,jan-p10-t1k,561,13,0.08786
media-b100,jan-p10-t1k,798,12,0.11665
media-b100,jan-p10-t1k,1134,11,0.15382
media-b100,jan-p10-t1k,1612,9,0.20121
media-b100,jan-p10-t1k,2292,8,0.26030
media-b100,jan-p10-t1k,3258,7,0.33416
media-b100,jan-p10-t1k,4631,6,0.42442
media-b100,jan-p10-t1k,6583,5,0.53228
media-b100,jan-p10-t1k,9358,4,0.65486
media-b100,jan-p10-t1k,13302,3,0.78612
media-b100,jan-p10-t1k,18908,2,0.91107
media-b100,jan-p10-t1k,26877,1,1.00000
media-b100,jan-p20-t1k,1,58,0.00029
media-b100,jan-p20-t1k,2,48,0.00053
media-b100,jan-p20-t1k,3,45,0.00076
media-b100,jan-p20-t1k,4,43,0.00097
media-b100,jan-p20-t1k,6,42,0.00139
media-b100,jan-p20-t1k,9,39,0.00198
media-b100,jan-p20-t1k,13,37,0.00272
media-b100,jan-p20-t1k,18,36,0.00363
media-b100,jan-p20-t1k,26,34,0.00502
media-b100,jan-p20-t1k,38,32,0.00701
media-b100,jan-p20-t1k,55,30,0.00968
media-b100,jan-p20-t1k,79,29,0.01322
media-b100,jan-p20-t1k,113,27,0.01794
media-b100,jan-p20-t1k,163,25,0.02451
media-b100,jan-p20-t1k,234,24,0.03324
media-b100,jan-p20-t1k,336,22,0.04510
media-b100,jan-p20-t1k,484,21,0.06098
media-b100,jan-p20-t1k,696,19,0.08181
media-b100,jan-p20-t1k,1002,17,0.10966
media-b100,jan-p20-t1k,1441,16,0.14596
media-b100,jan-p20-t1k,2073,14,0.19329
media-b100,jan-p20-t1k,2982,13,0.25417
media-b100,jan-p20-t1k,4290,11,0.33005
media-b100,jan-p20-t1k,6171,9,0.42314
media-b100,jan-p20-t1k,8878,7,0.53455
media-b100,jan-p20-t1k,12771,6,0.66076
media-b100,jan-p20-t1k,18373,4,0.79445
media-b100,jan-p20-t1k,26430,2,0.91915
media-b100,jan-p20-t1k,38022,1,1.00000
media-b100,jan-p01-t10k,1,24,0.00240
media-b100,jan-p01-t10k,2,22,0.00460
media-b100,jan-p01-t10k,3,21,0.00670
media-b100,jan-p01-t10k,4,21,0.00880
media-b100,jan-p01-t10k,5,19,0.01070
media-b100,jan-p01-t10k,7,19,0.01450
media-b100,jan-p01-t10k,9,18,0.01810
media-b100,jan-p01-t10k,12,17,0.02340
media-b100,jan-p01-t10k,15,16,0.02820
media-b100,jan-p01-t10k,20,16,0.03620
media-b100,jan-p01-t10k,26,15,0.04530
media-b100,jan-p01-t10k,34,14,0.05690
media-b100,jan-p01-t10k,45,13,0.07160
media-b100,jan-p01-t10k,59,12,0.08840
media-b100,jan-p01-t10k,77,11,0.10940
media-b100,jan-p01-t10k,101,11,0.13580
media-b100,jan-p01-t10k,133,10,0.16840
media-b100,jan-p01-t10k,174,9,0.20800
media-b100,jan-p01-t10k,228,8,0.25580
media-b100,jan-p01-t10k,299,8,0.31260
media-b100,jan-p01-t10k,392,7,0.37860
media-b100,jan-p01-t10k,515,6,0.45620
media-b100,jan-p01-t10k,675,5,0.54280
media-b100,jan-p01-t10k,886,4,0.63970
media-b100,jan-p01-t10k,1163,3,0.74270
media-b100,jan-p01-t10k,1525,2,0.84570
media-b100,jan-p01-t10k,2001,1,0.93760
media-b100,jan-p01-t10k,2625,1,1.00000
media-b100,jan-p10-t10k,1,43,0.00043
media-b100,jan-p10-t10k,2,39,0.00082
media-b100,jan-p10-t10k,3,37,0.00119
media-b100,jan-p10-t10k,4,37,0.00156
media-b100,jan-p10-t10k,6,36,0.00228
media-b100,jan-p10-t10k,8,35,0.00299
media-b100,jan-p10-t10k,11,33,0.00401
media-b100,jan-p10-t10k,16,30,0.00552
media-b100,jan-p10-t10k,22,28,0.00726
media-b100,jan-p10-t10k,31,27,0.00970
media-b100,jan-p10-t10k,43,26,0.01282
media-b100,jan-p10-t10k,61,24,0.01731
media-b100,jan-p10-t10k,86,23,0.02324
media-b100,jan-p10-t10k,122,22,0.03127
media-b100,jan-p10-t10k,171,20,0.04136
media-b100,jan-p10-t10k,241,19,0.05499
media-b100,jan-p10-t10k,340,17,0.07290
media-b100,jan-p10-t10k,479,16,0.09576
media-b100,jan-p10-t10k,675,14,0.12542
media-b100,jan-p10-t10k,952,13,0.16338
media-b100,jan-p10-t10k,1341,12,0.21174
media-b100,jan-p10-t10k,1890,11,0.27323
media-b100,jan-p10-t10k,2663,9,0.34938
media-b100,jan-p10-t10k,3752,8,0.44138
media-b100,jan-p10-t10k,5287,6,0.55040
media-b100,jan-p10-t10k,7449,5,0.67167
media-b100,jan-p10-t10k,10496,4,0.80273
media-b100,jan-p10-t10k,14789,2,0.91926
media-b100,jan-p10-t10k,20839,1,1.00000
media-b100,jan-p20-t10k,1,58,0.00029
media-b100,jan-p20-t10k,2,58,0.00058
media-b100,jan-p20-t10k,3,55,0.00085
media-b100,jan-p20-t10k,4,53,0.00112
media-b100,jan-p20-t10k,6,50,0.00163
media-b100,jan-p20-t10k,9,45,0.00234
media-b100,jan-p20-t10k,12,44,0.00301
media-b100,jan-p20-t10k,18,41,0.00428
media-b100,jan-p20-t10k,25,40,0.00568
media-b100,jan-p20-t10k,36,38,0.00782
media-b100,jan-p20-t10k,51,36,0.01059
media-b100,jan-p20-t10k,74,34,0.01458
media-b100,jan-p20-t10k,105,31,0.01960
media-b100,jan-p20-t10k,151,30,0.02659
media-b100,jan-p20-t10k,215,28,0.03572
media-b100,jan-p20-t10k,308,26,0.04805
media-b100,jan-p20-t10k,441,24,0.06452
media-b100,jan-p20-t10k,631,22,0.08624
media-b100,jan-p20-t10k,902,20,0.11471
media-b100,jan-p20-t10k,1291,18,0.15157
media-b100,jan-p20-t10k,1847,16,0.19884
media-b100,jan-p20-t10k,2643,14,0.25916
media-b100,jan-p20-t10k,3781,12,0.33515
media-b100,jan-p20-t10k,5409,11,0.42824
media-b100,jan-p20-t10k,7739,9,0.53893
media-b100,jan-p20-t10k,11073,7,0.66533
media-b100,jan-p20-t10k,15842,5,0.79949
media-b100,jan-p20-t10k,22664,3,0.92358
media-b100,jan-p20-t10k,32426,1,1.00000
alta-b050,completa,1,130,0.00013
alta-b050,completa,2,128,0.00026
alta-b050,completa,3,126,0.00038
alta-b050,completa,5,126,0.00064
alta-b050,completa,7,125,0.00089
alta-b050,completa,10,123,0.00126
alta-b050,completa,14,121,0.00174
alta-b050,completa,21,118,0.00258
alta-b050,completa,30,114,0.00362
alta-b050,completa,44,112,0.00520
alta-b050,completa,64,107,0.00739
alta-b050,completa,93,103,0.01043
alta-b050,completa,136,97,0.01473
alta-b050,completa,198,92,0.02057
alta-b050,completa,289,86,0.02864
alta-b050,completa,422,80,0.03966
alta-b050,completa,615,74,0.05458
alta-b050,completa,898,68,0.07475
alta-b050,completa,1310,63,0.10178
alta-b050,completa,1911,57,0.13765
alta-b050,completa,2788,51,0.18479
alta-b050,completa,4068,45,0.24610
alta-b050,completa,5936,39,0.32444
alta-b050,completa,8661,33,0.42169
alta-b050,completa,12636,26,0.53863
alta-b050,completa,18437,20,0.67205
alta-b050,completa,26900,13,0.81182
alta-b050,completa,39248,7,0.93565
alta-b050,completa,57264,1,1.00000
alta-b050,sis-p01,1,6,0.00060
alta-b050,sis-p01,2,4,0.00100
alta-b050,sis-p01,3,4,0.00140
alta-b050,sis-p01,5,4,0.00220
alta-b050,sis-p01,7,4,0.00300
alta-b050,sis-p01,9,4,0.00380
alta-b050,sis-p01,12,4,0.00500
alta-b050,sis-p01,17,4,0.00700
alta-b050,sis-p01,23,3,0.00890
alta-b050,sis-p01,31,3,0.01130
alta-b050,sis-p01,42,3,0.01460
alta-b050,sis-p01,58,3,0.01940
alta-b050,sis-p01,79,3,0.02570
alta-b050,sis-p01,108,3,0.03440
alta-b050,sis-p01,148,3,0.04640
alta-b050,sis-p01,203,2,0.06029
alta-b050,sis-p01,277,2,0.07509
alta-b050,sis-p01,379,2,0.09549
alta-b050,sis-p01,517,2,0.12309
alta-b050,sis-p01,707,2,0.16108
alta-b050,sis-p01,967,2,0.21308
alta-b050,sis-p01,1321,1,0.27087
alta-b050,sis-p01,1806,1,0.31937
alta-b050,sis-p01,2468,1,0.38556
alta-b050,sis-p01,3373,1,0.47605
alta-b050,sis-p01,4611,1,0.59984
alta-b050,sis-p01,6302,1,0.76892
alta-b050,sis-p01,8613,1,1.00000
alta-b050,sis-p10,1,20,0.00020
alta-b050,sis-p10,2,19,0.00039
alta-b050,sis-p10,3,19,0.00058
alta-b050,sis-p10,4,18,0.00076
alta-b050,sis-p10,6,18,0.00112
alta-b050,sis-p10,9,17,0.00163
alta-b050,sis-p10,13,16,0.00229
alta-b050,sis-p10,18,16,0.00309
alta-b050,sis-p10,26,14,0.00429
alta-b050,sis-p10,38,14,0.00597
alta-b050,sis-p10,55,14,0.00835
alta-b050,sis-p10,78,13,0.01137
alta-b050,sis-p10,113,12,0.01591
alta-b050,sis-p10,162,12,0.02179
alta-b050,sis-p10,234,11,0.02989
alta-b050,sis-p10,336,10,0.04066
alta-b050,sis-p10,483,9,0.05520
alta-b050,sis-p10,695,9,0.07428
alta-b050,sis-p10,1000,8,0.09945
alta-b050,sis-p10,1439,7,0.13280
alta-b050,sis-p10,2070,7,0.17697
alta-b050,sis-p10,2978,6,0.23198
alta-b050,sis-p10,4283,5,0.30229
alta-b050,sis-p10,6162,4,0.39131
alta-b050,sis-p10,8863,4,0.49935
alta-b050,sis-p10,12750,3,0.61951
alta-b050,sis-p10,18340,2,0.75042
alta-b050,sis-p10,26382,1,0.88432
alta-b050,sis-p10,37950,1,1.00000
alta-b050,sis-p20,1,35,0.00017
alta-b050,sis-p20,2,33,0.00034
alta-b050,sis-p20,3,32,0.00050
alta-b050,sis-p20,4,32,0.00066
alta-b050,sis-p20,6,31,0.00097
alta-b050,sis-p20,9,30,0.00143
alta-b050,sis-p20,13,29,0.00201
alta-b050,sis-p20,19,28,0.00287
alta-b050,sis-p20,28,26,0.00408
alta-b050,sis-p20,41,25,0.00574
alta-b050,sis-p20,59,24,0.00796
alta-b050,sis-p20,86,23,0.01111
alta-b050,sis-p20,124,22,0.01534
alta-b050,sis-p20,180,21,0.02127
alta-b050,sis-p20,260,19,0.02922
alta-b050,sis-p20,377,18,0.04010
alta-b050,sis-p20,546,17,0.05473
alta-b050,sis-p20,791,15,0.07438
alta-b050,sis-p20,1146,14,0.10055
alta-b050,sis-p20,1660,13,0.13519
alta-b050,sis-p20,2405,12,0.18093
alta-b050,sis-p20,3484,10,0.23984
alta-b050,sis-p20,5048,9,0.31416
alta-b050,sis-p20,7314,8,0.40751
alta-b050,sis-p20,10596,6,0.51760
alta-b050,sis-p20,15351,5,0.64618
alta-b050,sis-p20,22241,3,0.78346
alta-b050,sis-p20,32223,2,0.90966
alta-b050,sis-p20,46684,1,1.00000
alta-b050,jan-p01-t1k,1,7,0.00070
alta-b050,jan-p01-t1k,2,7,0.00140
alta-b050,jan-p01-t1k,3,7,0.00210
alta-b050,jan-p01-t1k,5,6,0.00330
alta-b050,jan-p01-t1k,6,6,0.00390
alta-b050,jan-p01-t1k,9,5,0.00540
alta-b050,jan-p01-t1k,12,5,0.00690
alta-b050,jan-p01-t1k,16,5,0.00890
alta-b050,jan-p01-t1k,22,4,0.01170
alta-b050,jan-p01-t1k,30,4,0.01490
alta-b050,jan-p01-t1k,40,4,0.01890
alta-b050,jan-p01-t1k,55,4,0.02490
alta-b050,jan-p01-t1k,74,4,0.03250
alta-b050,jan-p01-t1k,101,4,0.04330
alta-b050,jan-p01-t1k,137,3,0.05560
alta-b050,jan-p01-t1k,187,3,0.07060
alta-b050,jan-p01-t1k,254,3,0.09070
alta-b050,jan-p01-t1k,346,3,0.11830
alta-b050,jan-p01-t1k,471,3,0.15580
alta-b050,jan-p01-t1k,640,2,0.18960
alta-b050,jan-p01-t1k,871,2,0.23580
alta-b050,jan-p01-t1k,1184,2,0.29840
alta-b050,jan-p01-t1k,1611,2,0.38380
alta-b050,jan-p01-t1k,2191,1,0.46880
alta-b050,jan-p01-t1k,2981,1,0.54780
alta-b050,jan-p01-t1k,4055,1,0.65520
alta-b050,jan-p01-t1k,5516,1,0.80130
alta-b050,jan-p01-t1k,7503,1,1.00000
alta-b050,jan-p10-t1k,1,21,0.00021
alta-b050,jan-p10-t1k,2,20,0.00041
alta-b050,jan-p10-t1k,3,19,0.00060
alta-b050,jan-p10-t1k,4,19,0.00079
alta-b050,jan-p10-t1k,6,19,0.00117
alta-b050,jan-p10-t1k,9,19,0.00174
alta-b050,jan-p10-t1k,13,17,0.00244
alta-b050,jan-p10-t1k,18,17,0.00329
alta-b050,jan-p10-t1k,26,16,0.00461
alta-b050,jan-p10-t1k,37,16,0.00637
alta-b050,jan-p10-t1k,54,15,0.00892
alta-b050,jan-p10-t1k,77,14,0.01218
alta-b050,jan-p10-t1k,110,13,0.01652
alta-b050,jan-p10-t1k,159,12,0.02263
alta-b050,jan-p10-t1k,228,11,0.03076
alta-b050,jan-p10-t1k,327,11,0.04165
alta-b050,jan-p10-t1k,470,10,0.05597
alta-b050,jan-p10-t1k,675,9,0.07512
alta-b050,jan-p10-t1k,969,8,0.10096
alta-b050,jan-p10-t1k,1391,8,0.13472
alta-b050,jan-p10-t1k,1998,7,0.17789
alta-b050,jan-p10-t1k,2870,6,0.23383
alta-b050,jan-p10-t1k,4121,5,0.30581
alta-b050,jan-p10-t1k,5918,5,0.39566
alta-b050,jan-p10-t1k,8498,4,0.49999
alta-b050,jan-p10-t1k,12204,3,0.62188
alta-b050,jan-p10-t1k,17526,2,0.75631
alta-b050,jan-p10-t1k,25168,1,0.89025
alta-b050,jan-p10-t1k,36143,1,1.00000
alta-b050,jan-p20-t1k,1,37,0.00018
alta-b050,jan-p20-t1k,2,32,0.00034
alta-b050,jan-p20-t1k,3,31,0.00050
alta-b050,jan-p20-t1k,4,31,0.00065
alta-b050,jan-p20-t1k,6,31,0.00097
alta-b050,jan-p20-t1k,9,30,0.00142
alta-b050,jan-p20-t1k,13,29,0.00199
alta-b050,jan-p20-t1k,19,28,0.00284
alta-b050,jan-p20-t1k,28,26,0.00407
alta-b050,jan-p20-t1k,40,25,0.00561
alta-b050,jan-p20-t1k,59,25,0.00799
alta-b050,jan-p20-t1k,85,24,0.01112
alta-b050,jan-p20-t1k,123,22,0.01547
alta-b050,jan-p20-t1k,178,21,0.02142
alta-b050,jan-p20-t1k,257,20,0.02946
alta-b050,jan-p20-t1k,372,18,0.04043
alta-b050,jan-p20-t1k,539,17,0.05514
alta-b050,jan-p20-t1k,780,16,0.07491
alta-b050,jan-p20-t1k,1129,14,0.10118
alta-b050,jan-p20-t1k,1634,13,0.13558
alta-b050,jan-p20-t1k,2366,12,0.18092
alta-b050,jan-p20-t1k,3424,10,0.23983
alta-b050,jan-p20-t1k,4957,9,0.31383
alta-b050,jan-p20-t1k,7177,8,0.40677
alta-b050,jan-p20-t1k,10389,6,0.51768
alta-b050,jan-p20-t1k,15040,5,0.64534
alta-b050,jan-p20-t1k,21773,3,0.78455
alta-b050,jan-p20-t1k,31519,2,0.91004
alta-b050,jan-p20-t1k,45629,1,1.00000
alta-b050,jan-p01-t10k,1,8,0.00080
alta-b050,jan-p01-t10k,2,8,0.00160
alta-b050,jan-p01-t10k,3,8,0.00240
alta-b050,jan-p01-t10k,4,8,0.00320
alta-b050,jan-p01-t10k,6,8,0.00480
alta-b050,jan-p01-t10k,8,8,0.00640
alta-b050,jan-p01-t10k,11,8,0.00880
alta-b050,jan-p01-t10k,14,7,0.01110
alta-b050,jan-p01-t10k,19,7,0.01460
alta-b050,jan-p01-t10k,26,7,0.01950
alta-b050,jan-p01-t10k,34,7,0.02510
alta-b050,jan-p01-t10k,46,6,0.03340
alta-b050,jan-p01-t10k,62,6,0.04300
alta-b050,jan-p01-t10k,83,6,0.05560
alta-b050,jan-p01-t10k,111,5,0.07070
alta-b050,jan-p01-t10k,150,5,0.09020
alta-b050,jan-p01-t10k,201,5,0.11570
alta-b050,jan-p01-t10k,270,4,0.14570
alta-b050,jan-p01-t10k,362,4,0.18250
alta-b050,jan-p01-t10k,486,4,0.23210
alta-b050,jan-p01-t10k,653,3,0.28780
alta-b050,jan-p01-t10k,877,3,0.35500
alta-b050,jan-p01-t10k,1177,3,0.44500
alta-b050,jan-p01-t10k,1581,2,0.53170
alta-b050,jan-p01-t10k,2122,2,0.63990
alta-b050,jan-p01-t10k,2849,1,0.77130
alta-b050,jan-p01-t10k,3825,1,0.86890
alta-b050,jan-p01-t10k,5136,1,1.00000
alta-b050,jan-p10-t10k,1,25,0.00025
alta-b050,jan-p10-t10k,2,23,0.00048
alta-b050,jan-p10-t10k,3,23,0.00071
alta-b050,jan-p10-t10k,4,22,0.00093
alta-b050,jan-p10-t10k,6,20,0.00135
alta-b050,jan-p10-t10k,9,19,0.00193
alta-b050,jan-p10-t10k,12,19,0.00250
alta-b050,jan-p10-t10k,18,18,0.00359
alta-b050,jan-p10-t10k,25,17,0.00481
alta-b050,jan-p10-t10k,36,16,0.00665
alta-b050,jan-p10-t10k,52,15,0.00918
alta-b050,jan-p10-t10k,74,15,0.01248
alta-b050,jan-p10-t10k,106,14,0.01705
alta-b050,jan-p10-t10k,151,13,0.02320
alta-b050,jan-p10-t10k,217,13,0.03178
alta-b050,jan-p10-t10k,310,12,0.04297
alta-b050,jan-p10-t10k,444,11,0.05789
alta-b050,jan-p10-t10k,635,10,0.07763
alta-b050,jan-p10-t10k,909,9,0.10368
alta-b050,jan-p10-t10k,1300,8,0.13786
alta-b050,jan-p10-t10k,1861,8,0.18274
alta-b050,jan-p10-t10k,2664,7,0.23905
alta-b050,jan-p10-t10k,3812,6,0.30977
alta-b050,jan-p10-t10k,5456,5,0.39792
alta-b050,jan-p10-t10k,7809,4,0.50422
alta-b050,jan-p10-t10k,11177,3,0.62781
alta-b050,jan-p10-t10k,15997,2,0.76503
alta-b050,jan-p10-t10k,22895,1,0.90128
alta-b050,jan-p10-t10k,32767,1,1.00000
alta-b050,jan-p20-t10k,1,37,0.00018
alta-b050,jan-p20-t10k,2,36,0.00036
alta-b050,jan-p20-t10k,3,35,0.00054
alta-b050,jan-p20-t10k,4,34,0.00071
alta-b050,jan-p20-t10k,6,32,0.00103
alta-b050,jan-p20-t10k,9,30,0.00150
alta-b050,jan-p20-t10k,13,30,0.00210
alta-b050,jan-p20-t10k,19,29,0.00298
alta-b050,jan-p20-t10k,27,28,0.00411
alta-b050,jan-p20-t10k,40,26,0.00587
alta-b050,jan-p20-t10k,57,25,0.00806
alta-b050,jan-p20-t10k,83,24,0.01128
alta-b050,jan-p20-t10k,120,23,0.01564
alta-b050,jan-p20-t10k,173,22,0.02161
alta-b050,jan-p20-t10k,250,21,0.02984
alta-b050,jan-p20-t10k,361,20,0.04109
alta-b050,jan-p20-t10k,521,18,0.05611
alta-b050,jan-p20-t10k,753,17,0.07619
alta-b050,jan-p20-t10k,1089,15,0.10272
alta-b050,jan-p20-t10k,1573,14,0.13772
alta-b050,jan-p20-t10k,2273,12,0.18344
alta-b050,jan-p20-t10k,3284,11,0.24202
alta-b050,jan-p20-t10k,4745,10,0.31714
alta-b050,jan-p20-t10k,6856,8,0.40858
alta-b050,jan-p20-t10k,9907,7,0.52060
alta-b050,jan-p20-t10k,14314,5,0.64677
alta-b050,jan-p20-t10k,20682,4,0.78504
alta-b050,jan-p20-t10k,29884,2,0.91095
alta-b050,jan-p20-t10k,43179,1,1.00000
