cenario,amostra,cache_objetos,hit_teorico,hit_completa,hit_amostra,erro_vs_completa
baixa-b150,completa,1,0.36646,0.36689,0.36689,0.00000
baixa-b150,completa,2,0.49602,0.49609,0.49609,0.00000
baixa-b150,completa,3,0.56655,0.56675,0.56675,0.00000
baixa-b150,completa,4,0.61235,0.61235,0.61235,0.00000
baixa-b150,completa,5,0.64513,0.64528,0.64528,0.00000
baixa-b150,completa,7,0.68985,0.68976,0.68976,0.00000
baixa-b150,completa,9,0.71962,0.71945,0.71945,0.00000
baixa-b150,completa,10,0.73121,0.73123,0.73123,0.00000
baixa-b150,completa,13,0.75789,0.75765,0.75765,0.00000
baixa-b150,completa,18,0.78694,0.78670,0.78670,0.00000
baixa-b150,completa,25,0.81220,0.81212,0.81212,0.00000
baixa-b150,completa,34,0.83255,0.83260,0.83260,0.00000
baixa-b150,completa,47,0.85099,0.85105,0.85105,0.00000
baixa-b150,completa,65,0.86677,0.86681,0.86681,0.00000
baixa-b150,completa,90,0.88029,0.88028,0.88028,0.00000
baixa-b150,completa,100,0.88422,0.88428,0.88428,0.00000
baixa-b150,completa,124,0.89164,0.89191,0.89191,0.00000
baixa-b150,completa,171,0.90136,0.90185,0.90185,0.00000
baixa-b150,completa,236,0.90967,0.91019,0.91019,0.00000
baixa-b150,completa,325,0.91671,0.91713,0.91713,0.00000
baixa-b150,completa,448,0.92272,0.92310,0.92310,0.00000
baixa-b150,completa,618,0.92786,0.92806,0.92806,0.00000
baixa-b150,completa,852,0.93223,0.93235,0.93235,0.00000
baixa-b150,completa,1000,0.93416,0.93431,0.93431,0.00000
baixa-b150,completa,1174,0.93594,0.93610,0.93610,0.00000
baixa-b150,completa,1619,0.93912,0.93923,0.93923,0.00000
baixa-b150,completa,2233,0.94182,0.94187,0.94187,0.00000
baixa-b150,completa,3079,0.94412,0.94414,0.94414,0.00000
baixa-b150,completa,4245,0.94608,0.94600,0.94600,0.00000
baixa-b150,completa,5854,0.94775,0.94760,0.94760,0.00000
baixa-b150,completa,8072,0.94917,0.94888,0.94888,0.00000
baixa-b150,completa,10000,0.95000,0.94951,0.94951,0.00000
baixa-b150,completa,11130,0.95000,0.94951,0.94951,0.00000
baixa-b150,completa,15348,0.95000,0.94951,0.94951,0.00000
baixa-b150,completa,21163,0.95000,0.94951,0.94951,0.00000
baixa-b150,completa,29182,0.95000,0.94951,0.94951,0.00000
baixa-b150,completa,40239,0.95000,0.94951,0.94951,0.00000
baixa-b150,completa,55486,0.95000,0.94951,0.94951,0.00000
baixa-b150,completa,76510,0.95000,0.94951,0.94951,0.00000
baixa-b150,completa,105501,0.95000,0.94951,0.94951,0.00000
baixa-b150,completa,145476,0.95000,0.94951,0.94951,0.00000
baixa-b150,completa,200598,0.95000,0.94951,0.94951,0.00000
baixa-b150,completa,276605,0.95000,0.94951,0.94951,0.00000
baixa-b150,completa,381413,0.95000,0.94951,0.94951,0.00000
baixa-b150,completa,525933,0.95000,0.94951,0.94951,0.00000
baixa-b150,completa,725212,0.95000,0.94951,0.94951,0.00000
baixa-b150,completa,1000000,0.95000,0.94951,0.94951,0.00000
baixa-b150,sis-p01,1,0.36646,0.36689,0.01480,-0.35209
baixa-b150,sis-p01,2,0.49602,0.49609,0.02130,-0.47480
baixa-b150,sis-p01,3,0.56655,0.56675,0.02640,-0.54035
baixa-b150,sis-p01,4,0.61235,0.61235,0.03160,-0.58076
baixa-b150,sis-p01,5,0.64513,0.64528,0.03570,-0.60958
baixa-b150,sis-p01,7,0.68985,0.68976,0.04150,-0.64827
baixa-b150,sis-p01,9,0.71962,0.71945,0.04580,-0.67366
baixa-b150,sis-p01,10,0.73121,0.73123,0.04820,-0.68304
baixa-b150,sis-p01,13,0.75789,0.75765,0.05289,-0.70476
baixa-b150,sis-p01,18,0.78694,0.78670,0.05909,-0.72760
baixa-b150,sis-p01,25,0.81220,0.81212,0.06489,-0.74723
baixa-b150,sis-p01,34,0.83255,0.83260,0.07129,-0.76131
baixa-b150,sis-p01,47,0.85099,0.85105,0.07869,-0.77236
baixa-b150,sis-p01,65,0.86677,0.86681,0.08489,-0.78192
baixa-b150,sis-p01,90,0.88029,0.88028,0.09209,-0.78819
baixa-b150,sis-p01,100,0.88422,0.88428,0.09429,-0.78999
baixa-b150,sis-p01,124,0.89164,0.89191,0.09859,-0.79332
baixa-b150,sis-p01,171,0.90136,0.90185,0.10549,-0.79636
baixa-b150,sis-p01,236,0.90967,0.91019,0.11169,-0.79850
baixa-b150,sis-p01,325,0.91671,0.91713,0.11759,-0.79954
baixa-b150,sis-p01,448,0.92272,0.92310,0.12269,-0.80041
baixa-b150,sis-p01,618,0.92786,0.92806,0.12669,-0.80137
baixa-b150,sis-p01,852,0.93223,0.93235,0.13159,-0.80077
baixa-b150,sis-p01,1000,0.93416,0.93431,0.13359,-0.80072
baixa-b150,sis-p01,1174,0.93594,0.93610,0.13559,-0.80052
baixa-b150,sis-p01,1619,0.93912,0.93923,0.13829,-0.80094
baixa-b150,sis-p01,2233,0.94182,0.94187,0.13909,-0.80278
baixa-b150,sis-p01,3079,0.94412,0.94414,0.13919,-0.80495
baixa-b150,sis-p01,4245,0.94608,0.94600,0.13919,-0.80681
baixa-b150,sis-p01,5854,0.94775,0.94760,0.13919,-0.80841
baixa-b150,sis-p01,8072,0.94917,0.94888,0.13919,-0.80969
baixa-b150,sis-p01,10000,0.95000,0.94951,0.13919,-0.81032
baixa-b150,sis-p01,11130,0.95000,0.94951,0.13919,-0.81032
baixa-b150,sis-p01,15348,0.95000,0.94951,0.13919,-0.81032
baixa-b150,sis-p01,21163,0.95000,0.94951,0.13919,-0.81032
baixa-b150,sis-p01,29182,0.95000,0.94951,0.13919,-0.81032
baixa-b150,sis-p01,40239,0.95000,0.94951,0.13919,-0.81032
baixa-b150,sis-p01,55486,0.95000,0.94951,0.13919,-0.81032
baixa-b150,sis-p01,76510,0.95000,0.94951,0.13919,-0.81032
baixa-b150,sis-p01,105501,0.95000,0.94951,0.13919,-0.81032
baixa-b150,sis-p01,145476,0.95000,0.94951,0.13919,-0.81032
baixa-b150,sis-p01,200598,0.95000,0.94951,0.13919,-0.81032
baixa-b150,sis-p01,276605,0.95000,0.94951,0.13919,-0.81032
baixa-b150,sis-p01,381413,0.95000,0.94951,0.13919,-0.81032
baixa-b150,sis-p01,525933,0.95000,0.94951,0.13919,-0.81032
baixa-b150,sis-p01,725212,0.95000,0.94951,0.13919,-0.81032
baixa-b150,sis-p01,1000000,0.95000,0.94951,0.13919,-0.81032
baixa-b150,sis-p10,1,0.36646,0.36689,0.07270,-0.29419
baixa-b150,sis-p10,2,0.49602,0.49609,0.11344,-0.38266
baixa-b150,sis-p10,3,0.56655,0.56675,0.14190,-0.42485
baixa-b150,sis-p10,4,0.61235,0.61235,0.16475,-0.44761
baixa-b150,sis-p10,5,0.64513,0.64528,0.18294,-0.46234
baixa-b150,sis-p10,7,0.68985,0.68976,0.21285,-0.47691
baixa-b150,sis-p10,9,0.71962,0.71945,0.23471,-0.48474
baixa-b150,sis-p10,10,0.73121,0.73123,0.24473,-0.48651
baixa-b150,sis-p10,13,0.75789,0.75765,0.26902,-0.48864
baixa-b150,sis-p10,18,0.78694,0.78670,0.29880,-0.48790
baixa-b150,sis-p10,25,0.81220,0.81212,0.32903,-0.48309
baixa-b150,sis-p10,34,0.83255,0.83260,0.35706,-0.47554
baixa-b150,sis-p10,47,0.85099,0.85105,0.38495,-0.46610
baixa-b150,sis-p10,65,0.86677,0.86681,0.41372,-0.45310
baixa-b150,sis-p10,90,0.88029,0.88028,0.44145,-0.43883
baixa-b150,sis-p10,100,0.88422,0.88428,0.45014,-0.43414
baixa-b150,sis-p10,124,0.89164,0.89191,0.46705,-0.42486
baixa-b150,sis-p10,171,0.90136,0.90185,0.49075,-0.41110
baixa-b150,sis-p10,236,0.90967,0.91019,0.51205,-0.39813
baixa-b150,sis-p10,325,0.91671,0.91713,0.53126,-0.38586
baixa-b150,sis-p10,448,0.92272,0.92310,0.54935,-0.37375
baixa-b150,sis-p10,618,0.92786,0.92806,0.56624,-0.36181
baixa-b150,sis-p10,852,0.93223,0.93235,0.58133,-0.35102
baixa-b150,sis-p10,1000,0.93416,0.93431,0.58825,-0.34606
baixa-b150,sis-p10,1174,0.93594,0.93610,0.59495,-0.34115
baixa-b150,sis-p10,1619,0.93912,0.93923,0.60589,-0.33334
baixa-b150,sis-p10,2233,0.94182,0.94187,0.61632,-0.32554
baixa-b150,sis-p10,3079,0.94412,0.94414,0.62498,-0.31916
baixa-b150,sis-p10,4245,0.94608,0.94600,0.63270,-0.31330
baixa-b150,sis-p10,5854,0.94775,0.94760,0.63869,-0.30890
baixa-b150,sis-p10,8072,0.94917,0.94888,0.64160,-0.30727
baixa-b150,sis-p10,10000,0.95000,0.94951,0.64185,-0.30766
baixa-b150,sis-p10,11130,0.95000,0.94951,0.64186,-0.30765
baixa-b150,sis-p10,15348,0.95000,0.94951,0.64190,-0.30761
baixa-b150,sis-p10,21163,0.95000,0.94951,0.64190,-0.30761
baixa-b150,sis-p10,29182,0.95000,0.94951,0.64190,-0.30761
baixa-b150,sis-p10,40239,0.95000,0.94951,0.64190,-0.30761
baixa-b150,sis-p10,55486,0.95000,0.94951,0.64190,-0.30761
baixa-b150,sis-p10,76510,0.95000,0.94951,0.64190,-0.30761
baixa-b150,sis-p10,105501,0.95000,0.94951,0.64190,-0.30761
baixa-b150,sis-p10,145476,0.95000,0.94951,0.64190,-0.30761
baixa-b150,sis-p10,200598,0.95000,0.94951,0.64190,-0.30761
baixa-b150,sis-p10,276605,0.95000,0.94951,0.64190,-0.30761
baixa-b150,sis-p10,381413,0.95000,0.94951,0.64190,-0.30761
baixa-b150,sis-p10,525933,0.95000,0.94951,0.64190,-0.30761
baixa-b150,sis-p10,725212,0.95000,0.94951,0.64190,-0.30761
baixa-b150,sis-p10,1000000,0.95000,0.94951,0.64190,-0.30761
baixa-b150,sis-p20,1,0.36646,0.36689,0.11384,-0.25305
baixa-b150,sis-p20,2,0.49602,0.49609,0.17933,-0.31676
baixa-b150,sis-p20,3,0.56655,0.56675,0.22358,-0.34316
baixa-b150,sis-p20,4,0.61235,0.61235,0.25663,-0.35572
baixa-b150,sis-p20,5,0.64513,0.64528,0.28250,-0.36278
baixa-b150,sis-p20,7,0.68985,0.68976,0.32310,-0.36666
baixa-b150,sis-p20,9,0.71962,0.71945,0.35444,-0.36501
baixa-b150,sis-p20,10,0.73121,0.73123,0.36693,-0.36430
baixa-b150,sis-p20,13,0.75789,0.75765,0.39873,-0.35892
baixa-b150,sis-p20,18,0.78694,0.78670,0.43714,-0.34955
baixa-b150,sis-p20,25,0.81220,0.81212,0.47374,-0.33838
baixa-b150,sis-p20,34,0.83255,0.83260,0.50662,-0.32598
baixa-b150,sis-p20,47,0.85099,0.85105,0.53975,-0.31130
baixa-b150,sis-p20,65,0.86677,0.86681,0.57045,-0.29636
baixa-b150,sis-p20,90,0.88029,0.88028,0.59939,-0.28089
baixa-b150,sis-p20,100,0.88422,0.88428,0.60841,-0.27586
baixa-b150,sis-p20,124,0.89164,0.89191,0.62554,-0.26637
baixa-b150,sis-p20,171,0.90136,0.90185,0.64905,-0.25280
baixa-b150,sis-p20,236,0.90967,0.91019,0.66957,-0.24062
baixa-b150,sis-p20,325,0.91671,0.91713,0.68805,-0.22908
baixa-b150,sis-p20,448,0.92272,0.92310,0.70420,-0.21890
baixa-b150,sis-p20,618,0.92786,0.92806,0.71875,-0.20931
baixa-b150,sis-p20,852,0.93223,0.93235,0.73175,-0.20061
baixa-b150,sis-p20,1000,0.93416,0.93431,0.73744,-0.19687
baixa-b150,sis-p20,1174,0.93594,0.93610,0.74295,-0.19316
baixa-b150,sis-p20,1619,0.93912,0.93923,0.75275,-0.18648
baixa-b150,sis-p20,2233,0.94182,0.94187,0.76102,-0.18085
baixa-b150,sis-p20,3079,0.94412,0.94414,0.76820,-0.17594
baixa-b150,sis-p20,4245,0.94608,0.94600,0.77458,-0.17142
baixa-b150,sis-p20,5854,0.94775,0.94760,0.77976,-0.16784
baixa-b150,sis-p20,8072,0.94917,0.94888,0.78354,-0.16533
baixa-b150,sis-p20,10000,0.95000,0.94951,0.78423,-0.16528
baixa-b150,sis-p20,11130,0.95000,0.94951,0.78426,-0.16525
baixa-b150,sis-p20,15348,0.95000,0.94951,0.78430,-0.16521
baixa-b150,sis-p20,21163,0.95000,0.94951,0.78430,-0.16521
baixa-b150,sis-p20,29182,0.95000,0.94951,0.78430,-0.16521
baixa-b150,sis-p20,40239,0.95000,0.94951,0.78430,-0.16521
baixa-b150,sis-p20,55486,0.95000,0.94951,0.78430,-0.16521
baixa-b150,sis-p20,76510,0.95000,0.94951,0.78430,-0.16521
baixa-b150,sis-p20,105501,0.95000,0.94951,0.78430,-0.16521
baixa-b150,sis-p20,145476,0.95000,0.94951,0.78430,-0.16521
baixa-b150,sis-p20,200598,0.95000,0.94951,0.78430,-0.16521
baixa-b150,sis-p20,276605,0.95000,0.94951,0.78430,-0.16521
baixa-b150,sis-p20,381413,0.95000,0.94951,0.78430,-0.16521
baixa-b150,sis-p20,525933,0.95000,0.94951,0.78430,-0.16521
baixa-b150,sis-p20,725212,0.95000,0.94951,0.78430,-0.16521
baixa-b150,sis-p20,1000000,0.95000,0.94951,0.78430,-0.16521
baixa-b150,jan-p01-t1k,1,0.36646,0.36689,0.36220,-0.00468
baixa-b150,jan-p01-t1k,2,0.49602,0.49609,0.49000,-0.00609
baixa-b150,jan-p01-t1k,3,0.56655,0.56675,0.55990,-0.00685
baixa-b150,jan-p01-t1k,4,0.61235,0.61235,0.60440,-0.00795
baixa-b150,jan-p01-t1k,5,0.64513,0.64528,0.63820,-0.00708
baixa-b150,jan-p01-t1k,7,0.68985,0.68976,0.68190,-0.00786
baixa-b150,jan-p01-t1k,9,0.71962,0.71945,0.71270,-0.00675
baixa-b150,jan-p01-t1k,10,0.73121,0.73123,0.72600,-0.00523
baixa-b150,jan-p01-t1k,13,0.75789,0.75765,0.75010,-0.00755
baixa-b150,jan-p01-t1k,18,0.78694,0.78670,0.77730,-0.00940
baixa-b150,jan-p01-t1k,25,0.81220,0.81212,0.80110,-0.01102
baixa-b150,jan-p01-t1k,34,0.83255,0.83260,0.82120,-0.01140
baixa-b150,jan-p01-t1k,47,0.85099,0.85105,0.83710,-0.01395
baixa-b150,jan-p01-t1k,65,0.86677,0.86681,0.84770,-0.01911
baixa-b150,jan-p01-t1k,90,0.88029,0.88028,0.85500,-0.02528
baixa-b150,jan-p01-t1k,100,0.88422,0.88428,0.85760,-0.02668
baixa-b150,jan-p01-t1k,124,0.89164,0.89191,0.85960,-0.03231
baixa-b150,jan-p01-t1k,171,0.90136,0.90185,0.85980,-0.04205
baixa-b150,jan-p01-t1k,236,0.90967,0.91019,0.86000,-0.05019
baixa-b150,jan-p01-t1k,325,0.91671,0.91713,0.86000,-0.05713
baixa-b150,jan-p01-t1k,448,0.92272,0.92310,0.86000,-0.06310
baixa-b150,jan-p01-t1k,618,0.92786,0.92806,0.86000,-0.06806
baixa-b150,jan-p01-t1k,852,0.93223,0.93235,0.86000,-0.07235
baixa-b150,jan-p01-t1k,1000,0.93416,0.93431,0.86000,-0.07431
baixa-b150,jan-p01-t1k,1174,0.93594,0.93610,0.86000,-0.07610
baixa-b150,jan-p01-t1k,1619,0.93912,0.93923,0.86000,-0.07923
baixa-b150,jan-p01-t1k,2233,0.94182,0.94187,0.86000,-0.08187
baixa-b150,jan-p01-t1k,3079,0.94412,0.94414,0.86000,-0.08414
baixa-b150,jan-p01-t1k,4245,0.94608,0.94600,0.86000,-0.08600
baixa-b150,jan-p01-t1k,5854,0.94775,0.94760,0.86000,-0.08760
baixa-b150,jan-p01-t1k,8072,0.94917,0.94888,0.86000,-0.08888
baixa-b150,jan-p01-t1k,10000,0.95000,0.94951,0.86000,-0.08951
baixa-b150,jan-p01-t1k,11130,0.95000,0.94951,0.86000,-0.08951
baixa-b150,jan-p01-t1k,15348,0.95000,0.94951,0.86000,-0.08951
baixa-b150,jan-p01-t1k,21163,0.95000,0.94951,0.86000,-0.08951
baixa-b150,jan-p01-t1k,29182,0.95000,0.94951,0.86000,-0.08951
baixa-b150,jan-p01-t1k,40239,0.95000,0.94951,0.86000,-0.08951
baixa-b150,jan-p01-t1k,55486,0.95000,0.94951,0.86000,-0.08951
baixa-b150,jan-p01-t1k,76510,0.95000,0.94951,0.86000,-0.08951
baixa-b150,jan-p01-t1k,105501,0.95000,0.94951,0.86000,-0.08951
baixa-b150,jan-p01-t1k,145476,0.95000,0.94951,0.86000,-0.08951
baixa-b150,jan-p01-t1k,200598,0.95000,0.94951,0.86000,-0.08951
baixa-b150,jan-p01-t1k,276605,0.95000,0.94951,0.86000,-0.08951
baixa-b150,jan-p01-t1k,381413,0.95000,0.94951,0.86000,-0.08951
baixa-b150,jan-p01-t1k,525933,0.95000,0.94951,0.86000,-0.08951
baixa-b150,jan-p01-t1k,725212,0.95000,0.94951,0.86000,-0.08951
baixa-b150,jan-p01-t1k,1000000,0.95000,0.94951,0.86000,-0.08951
baixa-b150,jan-p10-t1k,1,0.36646,0.36689,0.36632,-0.00057
baixa-b150,jan-p10-t1k,2,0.49602,0.49609,0.49373,-0.00236
baixa-b150,jan-p10-t1k,3,0.56655,0.56675,0.56532,-0.00143
baixa-b150,jan-p10-t1k,4,0.61235,0.61235,0.61033,-0.00202
baixa-b150,jan-p10-t1k,5,0.64513,0.64528,0.64336,-0.00192
baixa-b150,jan-p10-t1k,7,0.68985,0.68976,0.68669,-0.00307
baixa-b150,jan-p10-t1k,9,0.71962,0.71945,0.71571,-0.00374
baixa-b150,jan-p10-t1k,10,0.73121,0.73123,0.72775,-0.00348
baixa-b150,jan-p10-t1k,13,0.75789,0.75765,0.75270,-0.00495
baixa-b150,jan-p10-t1k,18,0.78694,0.78670,0.78051,-0.00619
baixa-b150,jan-p10-t1k,25,0.81220,0.81212,0.80433,-0.00779
baixa-b150,jan-p10-t1k,34,0.83255,0.83260,0.82248,-0.01012
baixa-b150,jan-p10-t1k,47,0.85099,0.85105,0.83731,-0.01374
baixa-b150,jan-p10-t1k,65,0.86677,0.86681,0.84852,-0.01829
baixa-b150,jan-p10-t1k,90,0.88029,0.88028,0.85653,-0.02375
baixa-b150,jan-p10-t1k,100,0.88422,0.88428,0.85867,-0.02561
baixa-b150,jan-p10-t1k,124,0.89164,0.89191,0.86139,-0.03052
baixa-b150,jan-p10-t1k,171,0.90136,0.90185,0.86320,-0.03865
baixa-b150,jan-p10-t1k,236,0.90967,0.91019,0.86473,-0.04546
baixa-b150,jan-p10-t1k,325,0.91671,0.91713,0.86632,-0.05081
baixa-b150,jan-p10-t1k,448,0.92272,0.92310,0.86783,-0.05527
baixa-b150,jan-p10-t1k,618,0.92786,0.92806,0.86900,-0.05906
baixa-b150,jan-p10-t1k,852,0.93223,0.93235,0.87002,-0.06233
baixa-b150,jan-p10-t1k,1000,0.93416,0.93431,0.87064,-0.06367
baixa-b150,jan-p10-t1k,1174,0.93594,0.93610,0.87112,-0.06498
baixa-b150,jan-p10-t1k,1619,0.93912,0.93923,0.87195,-0.06728
baixa-b150,jan-p10-t1k,2233,0.94182,0.94187,0.87272,-0.06915
baixa-b150,jan-p10-t1k,3079,0.94412,0.94414,0.87301,-0.07113
baixa-b150,jan-p10-t1k,4245,0.94608,0.94600,0.87311,-0.07289
baixa-b150,jan-p10-t1k,5854,0.94775,0.94760,0.87311,-0.07449
baixa-b150,jan-p10-t1k,8072,0.94917,0.94888,0.87311,-0.07577
baixa-b150,jan-p10-t1k,10000,0.95000,0.94951,0.87311,-0.07640
baixa-b150,jan-p10-t1k,11130,0.95000,0.94951,0.87311,-0.07640
baixa-b150,jan-p10-t1k,15348,0.95000,0.94951,0.87311,-0.07640
baixa-b150,jan-p10-t1k,21163,0.95000,0.94951,0.87311,-0.07640
baixa-b150,jan-p10-t1k,29182,0.95000,0.94951,0.87311,-0.07640
baixa-b150,jan-p10-t1k,40239,0.95000,0.94951,0.87311,-0.07640
baixa-b150,jan-p10-t1k,55486,0.95000,0.94951,0.87311,-0.07640
baixa-b150,jan-p10-t1k,76510,0.95000,0.94951,0.87311,-0.07640
baixa-b150,jan-p10-t1k,105501,0.95000,0.94951,0.87311,-0.07640
baixa-b150,jan-p10-t1k,145476,0.95000,0.94951,0.87311,-0.07640
baixa-b150,jan-p10-t1k,200598,0.95000,0.94951,0.87311,-0.07640
baixa-b150,jan-p10-t1k,276605,0.95000,0.94951,0.87311,-0.07640
baixa-b150,jan-p10-t1k,381413,0.95000,0.94951,0.87311,-0.07640
baixa-b150,jan-p10-t1k,525933,0.95000,0.94951,0.87311,-0.07640
baixa-b150,jan-p10-t1k,725212,0.95000,0.94951,0.87311,-0.07640
baixa-b150,jan-p10-t1k,1000000,0.95000,0.94951,0.87311,-0.07640
baixa-b150,jan-p20-t1k,1,0.36646,0.36689,0.36527,-0.00162
baixa-b150,jan-p20-t1k,2,0.49602,0.49609,0.49378,-0.00231
baixa-b150,jan-p20-t1k,3,0.56655,0.56675,0.56480,-0.00195
baixa-b150,jan-p20-t1k,4,0.61235,0.61235,0.61039,-0.00196
baixa-b150,jan-p20-t1k,5,0.64513,0.64528,0.64331,-0.00198
baixa-b150,jan-p20-t1k,7,0.68985,0.68976,0.68693,-0.00283
baixa-b150,jan-p20-t1k,9,0.71962,0.71945,0.71605,-0.00341
baixa-b150,jan-p20-t1k,10,0.73121,0.73123,0.72810,-0.00313
baixa-b150,jan-p20-t1k,13,0.75789,0.75765,0.75310,-0.00455
baixa-b150,jan-p20-t1k,18,0.78694,0.78670,0.78086,-0.00584
baixa-b150,jan-p20-t1k,25,0.81220,0.81212,0.80409,-0.00804
baixa-b150,jan-p20-t1k,34,0.83255,0.83260,0.82237,-0.01023
baixa-b150,jan-p20-t1k,47,0.85099,0.85105,0.83764,-0.01341
baixa-b150,jan-p20-t1k,65,0.86677,0.86681,0.84932,-0.01749
baixa-b150,jan-p20-t1k,90,0.88029,0.88028,0.85794,-0.02234
baixa-b150,jan-p20-t1k,100,0.88422,0.88428,0.86033,-0.02395
baixa-b150,jan-p20-t1k,124,0.89164,0.89191,0.86364,-0.02827
baixa-b150,jan-p20-t1k,171,0.90136,0.90185,0.86691,-0.03493
baixa-b150,jan-p20-t1k,236,0.90967,0.91019,0.87020,-0.03999
baixa-b150,jan-p20-t1k,325,0.91671,0.91713,0.87287,-0.04425
baixa-b150,jan-p20-t1k,448,0.92272,0.92310,0.87561,-0.04749
baixa-b150,jan-p20-t1k,618,0.92786,0.92806,0.87794,-0.05011
baixa-b150,jan-p20-t1k,852,0.93223,0.93235,0.88009,-0.05227
baixa-b150,jan-p20-t1k,1000,0.93416,0.93431,0.88111,-0.05321
baixa-b150,jan-p20-t1k,1174,0.93594,0.93610,0.88207,-0.05403
baixa-b150,jan-p20-t1k,1619,0.93912,0.93923,0.88384,-0.05539
baixa-b150,jan-p20-t1k,2233,0.94182,0.94187,0.88535,-0.05652
baixa-b150,jan-p20-t1k,3079,0.94412,0.94414,0.88672,-0.05742
baixa-b150,jan-p20-t1k,4245,0.94608,0.94600,0.88772,-0.05827
baixa-b150,jan-p20-t1k,5854,0.94775,0.94760,0.88799,-0.05961
baixa-b150,jan-p20-t1k,8072,0.94917,0.94888,0.88804,-0.06083
baixa-b150,jan-p20-t1k,10000,0.95000,0.94951,0.88804,-0.06147
baixa-b150,jan-p20-t1k,11130,0.95000,0.94951,0.88804,-0.06147
baixa-b150,jan-p20-t1k,15348,0.95000,0.94951,0.88804,-0.06147
baixa-b150,jan-p20-t1k,21163,0.95000,0.94951,0.88804,-0.06147
baixa-b150,jan-p20-t1k,29182,0.95000,0.94951,0.88804,-0.06147
baixa-b150,jan-p20-t1k,40239,0.95000,0.94951,0.88804,-0.06147
baixa-b150,jan-p20-t1k,55486,0.95000,0.94951,0.88804,-0.06147
baixa-b150,jan-p20-t1k,76510,0.95000,0.94951,0.88804,-0.06147
baixa-b150,jan-p20-t1k,105501,0.95000,0.94951,0.88804,-0.06147
baixa-b150,jan-p20-t1k,145476,0.95000,0.94951,0.88804,-0.06147
baixa-b150,jan-p20-t1k,200598,0.95000,0.94951,0.88804,-0.06147
baixa-b150,jan-p20-t1k,276605,0.95000,0.94951,0.88804,-0.06147
baixa-b150,jan-p20-t1k,381413,0.95000,0.94951,0.88804,-0.06147
baixa-b150,jan-p20-t1k,525933,0.95000,0.94951,0.88804,-0.06147
baixa-b150,jan-p20-t1k,725212,0.95000,0.94951,0.88804,-0.06147
baixa-b150,jan-p20-t1k,1000000,0.95000,0.94951,0.88804,-0.06147
baixa-b150,jan-p01-t10k,1,0.36646,0.36689,0.36370,-0.00318
baixa-b150,jan-p01-t10k,2,0.49602,0.49609,0.49330,-0.00279
baixa-b150,jan-p01-t10k,3,0.56655,0.56675,0.56370,-0.00305
baixa-b150,jan-p01-t10k,4,0.61235,0.61235,0.61090,-0.00145
baixa-b150,jan-p01-t10k,5,0.64513,0.64528,0.64140,-0.00388
baixa-b150,jan-p01-t10k,7,0.68985,0.68976,0.68450,-0.00526
baixa-b150,jan-p01-t10k,9,0.71962,0.71945,0.71420,-0.00525
baixa-b150,jan-p01-t10k,10,0.73121,0.73123,0.72550,-0.00573
baixa-b150,jan-p01-t10k,13,0.75789,0.75765,0.75160,-0.00605
baixa-b150,jan-p01-t10k,18,0.78694,0.78670,0.77860,-0.00810
baixa-b150,jan-p01-t10k,25,0.81220,0.81212,0.80400,-0.00812
baixa-b150,jan-p01-t10k,34,0.83255,0.83260,0.82450,-0.00810
baixa-b150,jan-p01-t10k,47,0.85099,0.85105,0.84050,-0.01055
baixa-b150,jan-p01-t10k,65,0.86677,0.86681,0.85660,-0.01021
baixa-b150,jan-p01-t10k,90,0.88029,0.88028,0.87200,-0.00828
baixa-b150,jan-p01-t10k,100,0.88422,0.88428,0.87620,-0.00808
baixa-b150,jan-p01-t10k,124,0.89164,0.89191,0.88450,-0.00741
baixa-b150,jan-p01-t10k,171,0.90136,0.90185,0.89390,-0.00795
baixa-b150,jan-p01-t10k,236,0.90967,0.91019,0.90140,-0.00879
baixa-b150,jan-p01-t10k,325,0.91671,0.91713,0.90660,-0.01053
baixa-b150,jan-p01-t10k,448,0.92272,0.92310,0.91080,-0.01230
baixa-b150,jan-p01-t10k,618,0.92786,0.92806,0.91330,-0.01476
baixa-b150,jan-p01-t10k,852,0.93223,0.93235,0.91410,-0.01825
baixa-b150,jan-p01-t10k,1000,0.93416,0.93431,0.91410,-0.02021
baixa-b150,jan-p01-t10k,1174,0.93594,0.93610,0.91410,-0.02200
baixa-b150,jan-p01-t10k,1619,0.93912,0.93923,0.91410,-0.02513
baixa-b150,jan-p01-t10k,2233,0.94182,0.94187,0.91410,-0.02777
baixa-b150,jan-p01-t10k,3079,0.94412,0.94414,0.91410,-0.03004
baixa-b150,jan-p01-t10k,4245,0.94608,0.94600,0.91410,-0.03190
baixa-b150,jan-p01-t10k,5854,0.94775,0.94760,0.91410,-0.03350
baixa-b150,jan-p01-t10k,8072,0.94917,0.94888,0.91410,-0.03478
baixa-b150,jan-p01-t10k,10000,0.95000,0.94951,0.91410,-0.03541
baixa-b150,jan-p01-t10k,11130,0.95000,0.94951,0.91410,-0.03541
baixa-b150,jan-p01-t10k,15348,0.95000,0.94951,0.91410,-0.03541
baixa-b150,jan-p01-t10k,21163,0.95000,0.94951,0.91410,-0.03541
baixa-b150,jan-p01-t10k,29182,0.95000,0.94951,0.91410,-0.03541
baixa-b150,jan-p01-t10k,40239,0.95000,0.94951,0.91410,-0.03541
baixa-b150,jan-p01-t10k,55486,0.95000,0.94951,0.91410,-0.03541
baixa-b150,jan-p01-t10k,76510,0.95000,0.94951,0.91410,-0.03541
baixa-b150,jan-p01-t10k,105501,0.95000,0.94951,0.91410,-0.03541
baixa-b150,jan-p01-t10k,145476,0.95000,0.94951,0.91410,-0.03541
baixa-b150,jan-p01-t10k,200598,0.95000,0.94951,0.91410,-0.03541
baixa-b150,jan-p01-t10k,276605,0.95000,0.94951,0.91410,-0.03541
baixa-b150,jan-p01-t10k,381413,0.95000,0.94951,0.91410,-0.03541
baixa-b150,jan-p01-t10k,525933,0.95000,0.94951,0.91410,-0.03541
baixa-b150,jan-p01-t10k,725212,0.95000,0.94951,0.91410,-0.03541
baixa-b150,jan-p01-t10k,1000000,0.95000,0.94951,0.91410,-0.03541
baixa-b150,jan-p10-t10k,1,0.36646,0.36689,0.36712,0.00023
baixa-b150,jan-p10-t10k,2,0.49602,0.49609,0.49561,-0.00048
baixa-b150,jan-p10-t10k,3,0.56655,0.56675,0.56566,-0.00109
baixa-b150,jan-p10-t10k,4,0.61235,0.61235,0.61171,-0.00065
baixa-b150,jan-p10-t10k,5,0.64513,0.64528,0.64363,-0.00165
baixa-b150,jan-p10-t10k,7,0.68985,0.68976,0.68805,-0.00171
baixa-b150,jan-p10-t10k,9,0.71962,0.71945,0.71813,-0.00132
baixa-b150,jan-p10-t10k,10,0.73121,0.73123,0.72946,-0.00177
baixa-b150,jan-p10-t10k,13,0.75789,0.75765,0.75511,-0.00255
baixa-b150,jan-p10-t10k,18,0.78694,0.78670,0.78453,-0.00217
baixa-b150,jan-p10-t10k,25,0.81220,0.81212,0.80948,-0.00264
baixa-b150,jan-p10-t10k,34,0.83255,0.83260,0.82973,-0.00287
baixa-b150,jan-p10-t10k,47,0.85099,0.85105,0.84739,-0.00366
baixa-b150,jan-p10-t10k,65,0.86677,0.86681,0.86259,-0.00422
baixa-b150,jan-p10-t10k,90,0.88029,0.88028,0.87578,-0.00450
baixa-b150,jan-p10-t10k,100,0.88422,0.88428,0.87977,-0.00451
baixa-b150,jan-p10-t10k,124,0.89164,0.89191,0.88717,-0.00474
baixa-b150,jan-p10-t10k,171,0.90136,0.90185,0.89637,-0.00548
baixa-b150,jan-p10-t10k,236,0.90967,0.91019,0.90329,-0.00690
baixa-b150,jan-p10-t10k,325,0.91671,0.91713,0.90878,-0.00835
baixa-b150,jan-p10-t10k,448,0.92272,0.92310,0.91272,-0.01038
baixa-b150,jan-p10-t10k,618,0.92786,0.92806,0.91512,-0.01294
baixa-b150,jan-p10-t10k,852,0.93223,0.93235,0.91626,-0.01609
baixa-b150,jan-p10-t10k,1000,0.93416,0.93431,0.91645,-0.01786
baixa-b150,jan-p10-t10k,1174,0.93594,0.93610,0.91659,-0.01951
baixa-b150,jan-p10-t10k,1619,0.93912,0.93923,0.91684,-0.02239
baixa-b150,jan-p10-t10k,2233,0.94182,0.94187,0.91689,-0.02498
baixa-b150,jan-p10-t10k,3079,0.94412,0.94414,0.91694,-0.02720
baixa-b150,jan-p10-t10k,4245,0.94608,0.94600,0.91694,-0.02906
baixa-b150,jan-p10-t10k,5854,0.94775,0.94760,0.91694,-0.03066
baixa-b150,jan-p10-t10k,8072,0.94917,0.94888,0.91694,-0.03194
baixa-b150,jan-p10-t10k,10000,0.95000,0.94951,0.91694,-0.03257
baixa-b150,jan-p10-t10k,11130,0.95000,0.94951,0.91694,-0.03257
baixa-b150,jan-p10-t10k,15348,0.95000,0.94951,0.91694,-0.03257
baixa-b150,jan-p10-t10k,21163,0.95000,0.94951,0.91694,-0.03257
baixa-b150,jan-p10-t10k,29182,0.95000,0.94951,0.91694,-0.03257
baixa-b150,jan-p10-t10k,40239,0.95000,0.94951,0.91694,-0.03257
baixa-b150,jan-p10-t10k,55486,0.95000,0.94951,0.91694,-0.03257
baixa-b150,jan-p10-t10k,76510,0.95000,0.94951,0.91694,-0.03257
baixa-b150,jan-p10-t10k,105501,0.95000,0.94951,0.91694,-0.03257
baixa-b150,jan-p10-t10k,145476,0.95000,0.94951,0.91694,-0.03257
baixa-b150,jan-p10-t10k,200598,0.95000,0.94951,0.91694,-0.03257
baixa-b150,jan-p10-t10k,276605,0.95000,0.94951,0.91694,-0.03257
baixa-b150,jan-p10-t10k,381413,0.95000,0.94951,0.91694,-0.03257
baixa-b150,jan-p10-t10k,525933,0.95000,0.94951,0.91694,-0.03257
baixa-b150,jan-p10-t10k,725212,0.95000,0.94951,0.91694,-0.03257
baixa-b150,jan-p10-t10k,1000000,0.95000,0.94951,0.91694,-0.03257
baixa-b150,jan-p20-t10k,1,0.36646,0.36689,0.36698,0.00009
baixa-b150,jan-p20-t10k,2,0.49602,0.49609,0.49611,0.00002
baixa-b150,jan-p20-t10k,3,0.56655,0.56675,0.56697,0.00022
baixa-b150,jan-p20-t10k,4,0.61235,0.61235,0.61279,0.00043
baixa-b150,jan-p20-t10k,5,0.64513,0.64528,0.64498,-0.00030
baixa-b150,jan-p20-t10k,7,0.68985,0.68976,0.68961,-0.00015
baixa-b150,jan-p20-t10k,9,0.71962,0.71945,0.71930,-0.00016
baixa-b150,jan-p20-t10k,10,0.73121,0.73123,0.73094,-0.00029
baixa-b150,jan-p20-t10k,13,0.75789,0.75765,0.75679,-0.00087
baixa-b150,jan-p20-t10k,18,0.78694,0.78670,0.78556,-0.00114
baixa-b150,jan-p20-t10k,25,0.81220,0.81212,0.81071,-0.00141
baixa-b150,jan-p20-t10k,34,0.83255,0.83260,0.83084,-0.00176
baixa-b150,jan-p20-t10k,47,0.85099,0.85105,0.84874,-0.00231
baixa-b150,jan-p20-t10k,65,0.86677,0.86681,0.86393,-0.00289
baixa-b150,jan-p20-t10k,90,0.88029,0.88028,0.87712,-0.00316
baixa-b150,jan-p20-t10k,100,0.88422,0.88428,0.88113,-0.00315
baixa-b150,jan-p20-t10k,124,0.89164,0.89191,0.88838,-0.00353
baixa-b150,jan-p20-t10k,171,0.90136,0.90185,0.89745,-0.00440
baixa-b150,jan-p20-t10k,236,0.90967,0.91019,0.90453,-0.00566
baixa-b150,jan-p20-t10k,325,0.91671,0.91713,0.90986,-0.00727
baixa-b150,jan-p20-t10k,448,0.92272,0.92310,0.91392,-0.00918
baixa-b150,jan-p20-t10k,618,0.92786,0.92806,0.91667,-0.01139
baixa-b150,jan-p20-t10k,852,0.93223,0.93235,0.91804,-0.01431
baixa-b150,jan-p20-t10k,1000,0.93416,0.93431,0.91846,-0.01585
baixa-b150,jan-p20-t10k,1174,0.93594,0.93610,0.91890,-0.01721
baixa-b150,jan-p20-t10k,1619,0.93912,0.93923,0.91972,-0.01951
baixa-b150,jan-p20-t10k,2233,0.94182,0.94187,0.92039,-0.02147
baixa-b150,jan-p20-t10k,3079,0.94412,0.94414,0.92082,-0.02332
baixa-b150,jan-p20-t10k,4245,0.94608,0.94600,0.92094,-0.02506
baixa-b150,jan-p20-t10k,5854,0.94775,0.94760,0.92097,-0.02663
baixa-b150,jan-p20-t10k,8072,0.94917,0.94888,0.92097,-0.02791
baixa-b150,jan-p20-t10k,10000,0.95000,0.94951,0.92097,-0.02854
baixa-b150,jan-p20-t10k,11130,0.95000,0.94951,0.92097,-0.02854
baixa-b150,jan-p20-t10k,15348,0.95000,0.94951,0.92097,-0.02854
baixa-b150,jan-p20-t10k,21163,0.95000,0.94951,0.92097,-0.02854
baixa-b150,jan-p20-t10k,29182,0.95000,0.94951,0.92097,-0.02854
baixa-b150,jan-p20-t10k,40239,0.95000,0.94951,0.92097,-0.02854
baixa-b150,jan-p20-t10k,55486,0.95000,0.94951,0.92097,-0.02854
baixa-b150,jan-p20-t10k,76510,0.95000,0.94951,0.92097,-0.02854
baixa-b150,jan-p20-t10k,105501,0.95000,0.94951,0.92097,-0.02854
baixa-b150,jan-p20-t10k,145476,0.95000,0.94951,0.92097,-0.02854
baixa-b150,jan-p20-t10k,200598,0.95000,0.94951,0.92097,-0.02854
baixa-b150,jan-p20-t10k,276605,0.95000,0.94951,0.92097,-0.02854
baixa-b150,jan-p20-t10k,381413,0.95000,0.94951,0.92097,-0.02854
baixa-b150,jan-p20-t10k,525933,0.95000,0.94951,0.92097,-0.02854
baixa-b150,jan-p20-t10k,725212,0.95000,0.94951,0.92097,-0.02854
baixa-b150,jan-p20-t10k,1000000,0.95000,0.94951,0.92097,-0.02854
media-b100,completa,1,0.09706,0.09718,0.09718,0.00000
media-b100,completa,2,0.14559,0.14625,0.14625,0.00000
media-b100,completa,3,0.17795,0.17861,0.17861,0.00000
media-b100,completa,4,0.20221,0.20271,0.20271,0.00000
media-b100,completa,5,0.22162,0.22220,0.22220,0.00000
media-b100,completa,7,0.25167,0.25221,0.25221,0.00000
media-b100,completa,9,0.27458,0.27524,0.27524,0.00000
media-b100,completa,10,0.28429,0.28503,0.28503,0.00000
media-b100,completa,13,0.30867,0.30941,0.30941,0.00000
media-b100,completa,18,0.33924,0.33991,0.33991,0.00000
media-b100,completa,25,0.37038,0.37078,0.37078,0.00000
media-b100,completa,34,0.39972,0.40023,0.40023,0.00000
media-b100,completa,47,0.43076,0.43099,0.43099,0.00000
media-b100,completa,65,0.46194,0.46212,0.46212,0.00000
media-b100,completa,90,0.49332,0.49345,0.49345,0.00000
media-b100,completa,100,0.50349,0.50353,0.50353,0.00000
media-b100,completa,124,0.52428,0.52425,0.52425,0.00000
media-b100,completa,171,0.55537,0.55566,0.55566,0.00000
media-b100,completa,236,0.58656,0.58641,0.58641,0.00000
media-b100,completa,325,0.61756,0.61747,0.61747,0.00000
media-b100,completa,448,0.64867,0.64868,0.64868,0.00000
media-b100,completa,618,0.67987,0.67979,0.67979,0.00000
media-b100,completa,852,0.71101,0.71056,0.71056,0.00000
media-b100,completa,1000,0.72655,0.72637,0.72637,0.00000
media-b100,completa,1174,0.74211,0.74188,0.74188,0.00000
media-b100,completa,1619,0.77330,0.77261,0.77261,0.00000
media-b100,completa,2233,0.80450,0.80373,0.80373,0.00000
media-b100,completa,3079,0.83567,0.83480,0.83480,0.00000
media-b100,completa,4245,0.86684,0.86550,0.86550,0.00000
media-b100,completa,5854,0.89803,0.89625,0.89625,0.00000
media-b100,completa,8072,0.92921,0.92572,0.92572,0.00000
media-b100,completa,10000,0.95000,0.94515,0.94515,0.00000
media-b100,completa,11130,0.95000,0.94515,0.94515,0.00000
media-b100,completa,15348,0.95000,0.94515,0.94515,0.00000
media-b100,completa,21163,0.95000,0.94515,0.94515,0.00000
media-b100,completa,29182,0.95000,0.94515,0.94515,0.00000
media-b100,completa,40239,0.95000,0.94515,0.94515,0.00000
media-b100,completa,55486,0.95000,0.94515,0.94515,0.00000
media-b100,completa,76510,0.95000,0.94515,0.94515,0.00000
media-b100,completa,105501,0.95000,0.94515,0.94515,0.00000
media-b100,completa,145476,0.95000,0.94515,0.94515,0.00000
media-b100,completa,200598,0.95000,0.94515,0.94515,0.00000
media-b100,completa,276605,0.95000,0.94515,0.94515,0.00000
media-b100,completa,381413,0.95000,0.94515,0.94515,0.00000
media-b100,completa,525933,0.95000,0.94515,0.94515,0.00000
media-b100,completa,725212,0.95000,0.94515,0.94515,0.00000
media-b100,completa,1000000,0.95000,0.94515,0.94515,0.00000
media-b100,sis-p01,1,0.09706,0.09718,0.00270,-0.09448
media-b100,sis-p01,2,0.14559,0.14625,0.00390,-0.14235
media-b100,sis-p01,3,0.17795,0.17861,0.00450,-0.17411
media-b100,sis-p01,4,0.20221,0.20271,0.00530,-0.19741
media-b100,sis-p01,5,0.22162,0.22220,0.00660,-0.21560
media-b100,sis-p01,7,0.25167,0.25221,0.00740,-0.24481
media-b100,sis-p01,9,0.27458,0.27524,0.00850,-0.26674
media-b100,sis-p01,10,0.28429,0.28503,0.00930,-0.27573
media-b100,sis-p01,13,0.30867,0.30941,0.00990,-0.29951
media-b100,sis-p01,18,0.33924,0.33991,0.01190,-0.32801
media-b100,sis-p01,25,0.37038,0.37078,0.01400,-0.35678
media-b100,sis-p01,34,0.39972,0.40023,0.01700,-0.38323
media-b100,sis-p01,47,0.43076,0.43099,0.01920,-0.41179
media-b100,sis-p01,65,0.46194,0.46212,0.02310,-0.43902
media-b100,sis-p01,90,0.49332,0.49345,0.02770,-0.46576
media-b100,sis-p01,100,0.50349,0.50353,0.02940,-0.47413
media-b100,sis-p01,124,0.52428,0.52425,0.03300,-0.49125
media-b100,sis-p01,171,0.55537,0.55566,0.03950,-0.51616
media-b100,sis-p01,236,0.58656,0.58641,0.04530,-0.54112
media-b100,sis-p01,325,0.61756,0.61747,0.05329,-0.56418
media-b100,sis-p01,448,0.64867,0.64868,0.06309,-0.58558
media-b100,sis-p01,618,0.67987,0.67979,0.07489,-0.60490
media-b100,sis-p01,852,0.71101,0.71056,0.08999,-0.62056
media-b100,sis-p01,1000,0.72655,0.72637,0.09799,-0.62838
media-b100,sis-p01,1174,0.74211,0.74188,0.10589,-0.63599
media-b100,sis-p01,1619,0.77330,0.77261,0.11939,-0.65322
media-b100,sis-p01,2233,0.80450,0.80373,0.13069,-0.67304
media-b100,sis-p01,3079,0.83567,0.83480,0.13709,-0.69772
media-b100,sis-p01,4245,0.86684,0.86550,0.13999,-0.72551
media-b100,sis-p01,5854,0.89803,0.89625,0.14069,-0.75557
media-b100,sis-p01,8072,0.92921,0.92572,0.14069,-0.78503
media-b100,sis-p01,10000,0.95000,0.94515,0.14069,-0.80446
media-b100,sis-p01,11130,0.95000,0.94515,0.14069,-0.80446
media-b100,sis-p01,15348,0.95000,0.94515,0.14069,-0.80446
media-b100,sis-p01,21163,0.95000,0.94515,0.14069,-0.80446
media-b100,sis-p01,29182,0.95000,0.94515,0.14069,-0.80446
media-b100,sis-p01,40239,0.95000,0.94515,0.14069,-0.80446
media-b100,sis-p01,55486,0.95000,0.94515,0.14069,-0.80446
media-b100,sis-p01,76510,0.95000,0.94515,0.14069,-0.80446
media-b100,sis-p01,105501,0.95000,0.94515,0.14069,-0.80446
media-b100,sis-p01,145476,0.95000,0.94515,0.14069,-0.80446
media-b100,sis-p01,200598,0.95000,0.94515,0.14069,-0.80446
media-b100,sis-p01,276605,0.95000,0.94515,0.14069,-0.80446
media-b100,sis-p01,381413,0.95000,0.94515,0.14069,-0.80446
media-b100,sis-p01,525933,0.95000,0.94515,0.14069,-0.80446
media-b100,sis-p01,725212,0.95000,0.94515,0.14069,-0.80446
media-b100,sis-p01,1000000,0.95000,0.94515,0.14069,-0.80446
media-b100,sis-p10,1,0.09706,0.09718,0.01454,-0.08264
media-b100,sis-p10,2,0.14559,0.14625,0.02271,-0.12354
media-b100,sis-p10,3,0.17795,0.17861,0.02895,-0.14966
media-b100,sis-p10,4,0.20221,0.20271,0.03412,-0.16859
media-b100,sis-p10,5,0.22162,0.22220,0.03826,-0.18394
media-b100,sis-p10,7,0.25167,0.25221,0.04486,-0.20735
media-b100,sis-p10,9,0.27458,0.27524,0.05010,-0.22514
media-b100,sis-p10,10,0.28429,0.28503,0.05298,-0.23205
media-b100,sis-p10,13,0.30867,0.30941,0.05969,-0.24972
media-b100,sis-p10,18,0.33924,0.33991,0.06770,-0.27221
media-b100,sis-p10,25,0.37038,0.37078,0.07753,-0.29325
media-b100,sis-p10,34,0.39972,0.40023,0.08718,-0.31305
media-b100,sis-p10,47,0.43076,0.43099,0.09868,-0.33231
media-b100,sis-p10,65,0.46194,0.46212,0.11111,-0.35101
media-b100,sis-p10,90,0.49332,0.49345,0.12447,-0.36898
media-b100,sis-p10,100,0.50349,0.50353,0.12935,-0.37418
media-b100,sis-p10,124,0.52428,0.52425,0.14006,-0.38419
media-b100,sis-p10,171,0.55537,0.55566,0.15715,-0.39851
media-b100,sis-p10,236,0.58656,0.58641,0.17573,-0.41068
media-b100,sis-p10,325,0.61756,0.61747,0.19568,-0.42179
media-b100,sis-p10,448,0.64867,0.64868,0.21849,-0.43019
media-b100,sis-p10,618,0.67987,0.67979,0.24457,-0.43522
media-b100,sis-p10,852,0.71101,0.71056,0.27487,-0.43569
media-b100,sis-p10,1000,0.72655,0.72637,0.29128,-0.43509
media-b100,sis-p10,1174,0.74211,0.74188,0.30906,-0.43282
media-b100,sis-p10,1619,0.77330,0.77261,0.34841,-0.42420
media-b100,sis-p10,2233,0.80450,0.80373,0.39294,-0.41079
media-b100,sis-p10,3079,0.83567,0.83480,0.44496,-0.38985
media-b100,sis-p10,4245,0.86684,0.86550,0.50423,-0.36126
media-b100,sis-p10,5854,0.89803,0.89625,0.56895,-0.32730
media-b100,sis-p10,8072,0.92921,0.92572,0.60830,-0.31741
media-b100,sis-p10,10000,0.95000,0.94515,0.62115,-0.32399
media-b100,sis-p10,11130,0.95000,0.94515,0.62410,-0.32104
media-b100,sis-p10,15348,0.95000,0.94515,0.62736,-0.31778
media-b100,sis-p10,21163,0.95000,0.94515,0.62757,-0.31757
media-b100,sis-p10,29182,0.95000,0.94515,0.62757,-0.31757
media-b100,sis-p10,40239,0.95000,0.94515,0.62757,-0.31757
media-b100,sis-p10,55486,0.95000,0.94515,0.62757,-0.31757
media-b100,sis-p10,76510,0.95000,0.94515,0.62757,-0.31757
media-b100,sis-p10,105501,0.95000,0.94515,0.62757,-0.31757
media-b100,sis-p10,145476,0.95000,0.94515,0.62757,-0.31757
media-b100,sis-p10,200598,0.95000,0.94515,0.62757,-0.31757
media-b100,sis-p10,276605,0.95000,0.94515,0.62757,-0.31757
media-b100,sis-p10,381413,0.95000,0.94515,0.62757,-0.31757
media-b100,sis-p10,525933,0.95000,0.94515,0.62757,-0.31757
media-b100,sis-p10,725212,0.95000,0.94515,0.62757,-0.31757
media-b100,sis-p10,1000000,0.95000,0.94515,0.62757,-0.31757
media-b100,sis-p20,1,0.09706,0.09718,0.02588,-0.07130
media-b100,sis-p20,2,0.14559,0.14625,0.04033,-0.10592
media-b100,sis-p20,3,0.17795,0.17861,0.05074,-0.12787
media-b100,sis-p20,4,0.20221,0.20271,0.05892,-0.14379
media-b100,sis-p20,5,0.22162,0.22220,0.06597,-0.15623
media-b100,sis-p20,7,0.25167,0.25221,0.07673,-0.17547
media-b100,sis-p20,9,0.27458,0.27524,0.08572,-0.18952
media-b100,sis-p20,10,0.28429,0.28503,0.08939,-0.19564
media-b100,sis-p20,13,0.30867,0.30941,0.09959,-0.20982
media-b100,sis-p20,18,0.33924,0.33991,0.11340,-0.22651
media-b100,sis-p20,25,0.37038,0.37078,0.12844,-0.24234
media-b100,sis-p20,34,0.39972,0.40023,0.14282,-0.25741
media-b100,sis-p20,47,0.43076,0.43099,0.15940,-0.27159
media-b100,sis-p20,65,0.46194,0.46212,0.17779,-0.28433
media-b100,sis-p20,90,0.49332,0.49345,0.19760,-0.29585
media-b100,sis-p20,100,0.50349,0.50353,0.20432,-0.29921
media-b100,sis-p20,124,0.52428,0.52425,0.21804,-0.30621
media-b100,sis-p20,171,0.55537,0.55566,0.24074,-0.31492
media-b100,sis-p20,236,0.58656,0.58641,0.26547,-0.32094
media-b100,sis-p20,325,0.61756,0.61747,0.29101,-0.32646
media-b100,sis-p20,448,0.64867,0.64868,0.31973,-0.32894
media-b100,sis-p20,618,0.67987,0.67979,0.35105,-0.32874
media-b100,sis-p20,852,0.71101,0.71056,0.38580,-0.32476
media-b100,sis-p20,1000,0.72655,0.72637,0.40451,-0.32185
media-b100,sis-p20,1174,0.74211,0.74188,0.42394,-0.31794
media-b100,sis-p20,1619,0.77330,0.77261,0.46622,-0.30639
media-b100,sis-p20,2233,0.80450,0.80373,0.51345,-0.29028
media-b100,sis-p20,3079,0.83567,0.83480,0.56484,-0.26996
media-b100,sis-p20,4245,0.86684,0.86550,0.62320,-0.24230
media-b100,sis-p20,5854,0.89803,0.89625,0.68628,-0.20997
media-b100,sis-p20,8072,0.92921,0.92572,0.74858,-0.17714
media-b100,sis-p20,10000,0.95000,0.94515,0.76521,-0.17994
media-b100,sis-p20,11130,0.95000,0.94515,0.76919,-0.17596
media-b100,sis-p20,15348,0.95000,0.94515,0.77256,-0.17259
media-b100,sis-p20,21163,0.95000,0.94515,0.77278,-0.17237
media-b100,sis-p20,29182,0.95000,0.94515,0.77278,-0.17237
media-b100,sis-p20,40239,0.95000,0.94515,0.77278,-0.17237
media-b100,sis-p20,55486,0.95000,0.94515,0.77278,-0.17237
media-b100,sis-p20,76510,0.95000,0.94515,0.77278,-0.17237
media-b100,sis-p20,105501,0.95000,0.94515,0.77278,-0.17237
media-b100,sis-p20,145476,0.95000,0.94515,0.77278,-0.17237
media-b100,sis-p20,200598,0.95000,0.94515,0.77278,-0.17237
media-b100,sis-p20,276605,0.95000,0.94515,0.77278,-0.17237
media-b100,sis-p20,381413,0.95000,0.94515,0.77278,-0.17237
media-b100,sis-p20,525933,0.95000,0.94515,0.77278,-0.17237
media-b100,sis-p20,725212,0.95000,0.94515,0.77278,-0.17237
media-b100,sis-p20,1000000,0.95000,0.94515,0.77278,-0.17237
media-b100,jan-p01-t1k,1,0.09706,0.09718,0.09960,0.00242
media-b100,jan-p01-t1k,2,0.14559,0.14625,0.14800,0.00175
media-b100,jan-p01-t1k,3,0.17795,0.17861,0.17960,0.00099
media-b100,jan-p01-t1k,4,0.20221,0.20271,0.20540,0.00269
media-b100,jan-p01-t1k,5,0.22162,0.22220,0.22380,0.00160
media-b100,jan-p01-t1k,7,0.25167,0.25221,0.25450,0.00229
media-b100,jan-p01-t1k,9,0.27458,0.27524,0.27470,-0.00054
media-b100,jan-p01-t1k,10,0.28429,0.28503,0.28440,-0.00063
media-b100,jan-p01-t1k,13,0.30867,0.30941,0.30570,-0.00371
media-b100,jan-p01-t1k,18,0.33924,0.33991,0.33490,-0.00501
media-b100,jan-p01-t1k,25,0.37038,0.37078,0.36400,-0.00678
media-b100,jan-p01-t1k,34,0.39972,0.40023,0.39130,-0.00893
media-b100,jan-p01-t1k,47,0.43076,0.43099,0.41990,-0.01109
media-b100,jan-p01-t1k,65,0.46194,0.46212,0.44990,-0.01222
media-b100,jan-p01-t1k,90,0.49332,0.49345,0.47650,-0.01695
media-b100,jan-p01-t1k,100,0.50349,0.50353,0.48480,-0.01873
media-b100,jan-p01-t1k,124,0.52428,0.52425,0.50070,-0.02355
media-b100,jan-p01-t1k,171,0.55537,0.55566,0.52350,-0.03216
media-b100,jan-p01-t1k,236,0.58656,0.58641,0.54180,-0.04461
media-b100,jan-p01-t1k,325,0.61756,0.61747,0.55570,-0.06177
media-b100,jan-p01-t1k,448,0.64867,0.64868,0.56510,-0.08357
media-b100,jan-p01-t1k,618,0.67987,0.67979,0.56860,-0.11119
media-b100,jan-p01-t1k,852,0.71101,0.71056,0.57250,-0.13806
media-b100,jan-p01-t1k,1000,0.72655,0.72637,0.57370,-0.15267
media-b100,jan-p01-t1k,1174,0.74211,0.74188,0.57470,-0.16718
media-b100,jan-p01-t1k,1619,0.77330,0.77261,0.57660,-0.19601
media-b100,jan-p01-t1k,2233,0.80450,0.80373,0.57710,-0.22663
media-b100,jan-p01-t1k,3079,0.83567,0.83480,0.57730,-0.25750
media-b100,jan-p01-t1k,4245,0.86684,0.86550,0.57730,-0.28820
media-b100,jan-p01-t1k,5854,0.89803,0.89625,0.57730,-0.31895
media-b100,jan-p01-t1k,8072,0.92921,0.92572,0.57730,-0.34842
media-b100,jan-p01-t1k,10000,0.95000,0.94515,0.57730,-0.36785
media-b100,jan-p01-t1k,11130,0.95000,0.94515,0.57730,-0.36785
media-b100,jan-p01-t1k,15348,0.95000,0.94515,0.57730,-0.36785
media-b100,jan-p01-t1k,21163,0.95000,0.94515,0.57730,-0.36785
media-b100,jan-p01-t1k,29182,0.95000,0.94515,0.57730,-0.36785
media-b100,jan-p01-t1k,40239,0.95000,0.94515,0.57730,-0.36785
media-b100,jan-p01-t1k,55486,0.95000,0.94515,0.57730,-0.36785
media-b100,jan-p01-t1k,76510,0.95000,0.94515,0.57730,-0.36785
media-b100,jan-p01-t1k,105501,0.95000,0.94515,0.57730,-0.36785
media-b100,jan-p01-t1k,145476,0.95000,0.94515,0.57730,-0.36785
media-b100,jan-p01-t1k,200598,0.95000,0.94515,0.57730,-0.36785
media-b100,jan-p01-t1k,276605,0.95000,0.94515,0.57730,-0.36785
media-b100,jan-p01-t1k,381413,0.95000,0.94515,0.57730,-0.36785
media-b100,jan-p01-t1k,525933,0.95000,0.94515,0.57730,-0.36785
media-b100,jan-p01-t1k,725212,0.95000,0.94515,0.57730,-0.36785
media-b100,jan-p01-t1k,1000000,0.95000,0.94515,0.57730,-0.36785
media-b100,jan-p10-t1k,1,0.09706,0.09718,0.09856,0.00138
media-b100,jan-p10-t1k,2,0.14559,0.14625,0.14811,0.00186
media-b100,jan-p10-t1k,3,0.17795,0.17861,0.17999,0.00138
media-b100,jan-p10-t1k,4,0.20221,0.20271,0.20419,0.00148
media-b100,jan-p10-t1k,5,0.22162,0.22220,0.22335,0.00115
media-b100,jan-p10-t1k,7,0.25167,0.25221,0.25276,0.00055
media-b100,jan-p10-t1k,9,0.27458,0.27524,0.27496,-0.00028
media-b100,jan-p10-t1k,10,0.28429,0.28503,0.28467,-0.00036
media-b100,jan-p10-t1k,13,0.30867,0.30941,0.30820,-0.00121
media-b100,jan-p10-t1k,18,0.33924,0.33991,0.33783,-0.00208
media-b100,jan-p10-t1k,25,0.37038,0.37078,0.36776,-0.00302
media-b100,jan-p10-t1k,34,0.39972,0.40023,0.39590,-0.00433
media-b100,jan-p10-t1k,47,0.43076,0.43099,0.42356,-0.00743
media-b100,jan-p10-t1k,65,0.46194,0.46212,0.45258,-0.00954
media-b100,jan-p10-t1k,90,0.49332,0.49345,0.47981,-0.01364
media-b100,jan-p10-t1k,100,0.50349,0.50353,0.48817,-0.01536
media-b100,jan-p10-t1k,124,0.52428,0.52425,0.50517,-0.01908
media-b100,jan-p10-t1k,171,0.55537,0.55566,0.53004,-0.02562
media-b100,jan-p10-t1k,236,0.58656,0.58641,0.55096,-0.03545
media-b100,jan-p10-t1k,325,0.61756,0.61747,0.56741,-0.05006
media-b100,jan-p10-t1k,448,0.64867,0.64868,0.57947,-0.06920
media-b100,jan-p10-t1k,618,0.67987,0.67979,0.59002,-0.08977
media-b100,jan-p10-t1k,852,0.71101,0.71056,0.60234,-0.10822
media-b100,jan-p10-t1k,1000,0.72655,0.72637,0.60913,-0.11724
media-b100,jan-p10-t1k,1174,0.74211,0.74188,0.61622,-0.12566
media-b100,jan-p10-t1k,1619,0.77330,0.77261,0.63318,-0.13943
media-b100,jan-p10-t1k,2233,0.80450,0.80373,0.65283,-0.15090
media-b100,jan-p10-t1k,3079,0.83567,0.83480,0.67657,-0.15823
media-b100,jan-p10-t1k,4245,0.86684,0.86550,0.70041,-0.16509
media-b100,jan-p10-t1k,5854,0.89803,0.89625,0.71814,-0.17811
media-b100,jan-p10-t1k,8072,0.92921,0.92572,0.72747,-0.19825
media-b100,jan-p10-t1k,10000,0.95000,0.94515,0.73003,-0.21512
media-b100,jan-p10-t1k,11130,0.95000,0.94515,0.73069,-0.21446
media-b100,jan-p10-t1k,15348,0.95000,0.94515,0.73120,-0.21395
media-b100,jan-p10-t1k,21163,0.95000,0.94515,0.73123,-0.21392
media-b100,jan-p10-t1k,29182,0.95000,0.94515,0.73123,-0.21392
media-b100,jan-p10-t1k,40239,0.95000,0.94515,0.73123,-0.21392
media-b100,jan-p10-t1k,55486,0.95000,0.94515,0.73123,-0.21392
media-b100,jan-p10-t1k,76510,0.95000,0.94515,0.73123,-0.21392
media-b100,jan-p10-t1k,105501,0.95000,0.94515,0.73123,-0.21392
media-b100,jan-p10-t1k,145476,0.95000,0.94515,0.73123,-0.21392
media-b100,jan-p10-t1k,200598,0.95000,0.94515,0.73123,-0.21392
media-b100,jan-p10-t1k,276605,0.95000,0.94515,0.73123,-0.21392
media-b100,jan-p10-t1k,381413,0.95000,0.94515,0.73123,-0.21392
media-b100,jan-p10-t1k,525933,0.95000,0.94515,0.73123,-0.21392
media-b100,jan-p10-t1k,725212,0.95000,0.94515,0.73123,-0.21392
media-b100,jan-p10-t1k,1000000,0.95000,0.94515,0.73123,-0.21392
media-b100,jan-p20-t1k,1,0.09706,0.09718,0.09725,0.00008
media-b100,jan-p20-t1k,2,0.14559,0.14625,0.14633,0.00008
media-b100,jan-p20-t1k,3,0.17795,0.17861,0.17845,-0.00016
media-b100,jan-p20-t1k,4,0.20221,0.20271,0.20245,-0.00027
media-b100,jan-p20-t1k,5,0.22162,0.22220,0.22159,-0.00061
media-b100,jan-p20-t1k,7,0.25167,0.25221,0.25112,-0.00109
media-b100,jan-p20-t1k,9,0.27458,0.27524,0.27361,-0.00163
media-b100,jan-p20-t1k,10,0.28429,0.28503,0.28343,-0.00160
media-b100,jan-p20-t1k,13,0.30867,0.30941,0.30717,-0.00224
media-b100,jan-p20-t1k,18,0.33924,0.33991,0.33703,-0.00288
media-b100,jan-p20-t1k,25,0.37038,0.37078,0.36682,-0.00396
media-b100,jan-p20-t1k,34,0.39972,0.40023,0.39524,-0.00499
media-b100,jan-p20-t1k,47,0.43076,0.43099,0.42350,-0.00749
media-b100,jan-p20-t1k,65,0.46194,0.46212,0.45260,-0.00953
media-b100,jan-p20-t1k,90,0.49332,0.49345,0.48002,-0.01343
media-b100,jan-p20-t1k,100,0.50349,0.50353,0.48883,-0.01470
media-b100,jan-p20-t1k,124,0.52428,0.52425,0.50576,-0.01849
media-b100,jan-p20-t1k,171,0.55537,0.55566,0.53083,-0.02482
media-b100,jan-p20-t1k,236,0.58656,0.58641,0.55267,-0.03374
media-b100,jan-p20-t1k,325,0.61756,0.61747,0.57105,-0.04642
media-b100,jan-p20-t1k,448,0.64867,0.64868,0.58598,-0.06270
media-b100,jan-p20-t1k,618,0.67987,0.67979,0.60047,-0.07932
media-b100,jan-p20-t1k,852,0.71101,0.71056,0.61652,-0.09404
media-b100,jan-p20-t1k,1000,0.72655,0.72637,0.62537,-0.10100
media-b100,jan-p20-t1k,1174,0.74211,0.74188,0.63528,-0.10660
media-b100,jan-p20-t1k,1619,0.77330,0.77261,0.65667,-0.11594
media-b100,jan-p20-t1k,2233,0.80450,0.80373,0.68009,-0.12364
media-b100,jan-p20-t1k,3079,0.83567,0.83480,0.70818,-0.12662
media-b100,jan-p20-t1k,4245,0.86684,0.86550,0.74058,-0.12492
media-b100,jan-p20-t1k,5854,0.89803,0.89625,0.77734,-0.11891
media-b100,jan-p20-t1k,8072,0.92921,0.92572,0.79949,-0.12623
media-b100,jan-p20-t1k,10000,0.95000,0.94515,0.80654,-0.13860
media-b100,jan-p20-t1k,11130,0.95000,0.94515,0.80814,-0.13701
media-b100,jan-p20-t1k,15348,0.95000,0.94515,0.80977,-0.13538
media-b100,jan-p20-t1k,21163,0.95000,0.94515,0.80989,-0.13526
media-b100,jan-p20-t1k,29182,0.95000,0.94515,0.80989,-0.13526
media-b100,jan-p20-t1k,40239,0.95000,0.94515,0.80989,-0.13526
media-b100,jan-p20-t1k,55486,0.95000,0.94515,0.80989,-0.13526
media-b100,jan-p20-t1k,76510,0.95000,0.94515,0.80989,-0.13526
media-b100,jan-p20-t1k,105501,0.95000,0.94515,0.80989,-0.13526
media-b100,jan-p20-t1k,145476,0.95000,0.94515,0.80989,-0.13526
media-b100,jan-p20-t1k,200598,0.95000,0.94515,0.80989,-0.13526
media-b100,jan-p20-t1k,276605,0.95000,0.94515,0.80989,-0.13526
media-b100,jan-p20-t1k,381413,0.95000,0.94515,0.80989,-0.13526
media-b100,jan-p20-t1k,525933,0.95000,0.94515,0.80989,-0.13526
media-b100,jan-p20-t1k,725212,0.95000,0.94515,0.80989,-0.13526
media-b100,jan-p20-t1k,1000000,0.95000,0.94515,0.80989,-0.13526
media-b100,jan-p01-t10k,1,0.09706,0.09718,0.09010,-0.00708
media-b100,jan-p01-t10k,2,0.14559,0.14625,0.14030,-0.00595
media-b100,jan-p01-t10k,3,0.17795,0.17861,0.17490,-0.00371
media-b100,jan-p01-t10k,4,0.20221,0.20271,0.19840,-0.00431
media-b100,jan-p01-t10k,5,0.22162,0.22220,0.21680,-0.00540
media-b100,jan-p01-t10k,7,0.25167,0.25221,0.24650,-0.00571
media-b100,jan-p01-t10k,9,0.27458,0.27524,0.26900,-0.00624
media-b100,jan-p01-t10k,10,0.28429,0.28503,0.28000,-0.00503
media-b100,jan-p01-t10k,13,0.30867,0.30941,0.30620,-0.00321
media-b100,jan-p01-t10k,18,0.33924,0.33991,0.33530,-0.00461
media-b100,jan-p01-t10k,25,0.37038,0.37078,0.36810,-0.00268
media-b100,jan-p01-t10k,34,0.39972,0.40023,0.39660,-0.00363
media-b100,jan-p01-t10k,47,0.43076,0.43099,0.42520,-0.00579
media-b100,jan-p01-t10k,65,0.46194,0.46212,0.45820,-0.00392
media-b100,jan-p01-t10k,90,0.49332,0.49345,0.48940,-0.00405
media-b100,jan-p01-t10k,100,0.50349,0.50353,0.49970,-0.00383
media-b100,jan-p01-t10k,124,0.52428,0.52425,0.51860,-0.00565
media-b100,jan-p01-t10k,171,0.55537,0.55566,0.54980,-0.00586
media-b100,jan-p01-t10k,236,0.58656,0.58641,0.57970,-0.00671
media-b100,jan-p01-t10k,325,0.61756,0.61747,0.60980,-0.00767
media-b100,jan-p01-t10k,448,0.64867,0.64868,0.63610,-0.01258
media-b100,jan-p01-t10k,618,0.67987,0.67979,0.66090,-0.01889
media-b100,jan-p01-t10k,852,0.71101,0.71056,0.68720,-0.02336
media-b100,jan-p01-t10k,1000,0.72655,0.72637,0.69880,-0.02757
media-b100,jan-p01-t10k,1174,0.74211,0.74188,0.70820,-0.03368
media-b100,jan-p01-t10k,1619,0.77330,0.77261,0.72630,-0.04631
media-b100,jan-p01-t10k,2233,0.80450,0.80373,0.73570,-0.06803
media-b100,jan-p01-t10k,3079,0.83567,0.83480,0.73750,-0.09730
media-b100,jan-p01-t10k,4245,0.86684,0.86550,0.73750,-0.12800
media-b100,jan-p01-t10k,5854,0.89803,0.89625,0.73750,-0.15875
media-b100,jan-p01-t10k,8072,0.92921,0.92572,0.73750,-0.18822
media-b100,jan-p01-t10k,10000,0.95000,0.94515,0.73750,-0.20765
media-b100,jan-p01-t10k,11130,0.95000,0.94515,0.73750,-0.20765
media-b100,jan-p01-t10k,15348,0.95000,0.94515,0.73750,-0.20765
media-b100,jan-p01-t10k,21163,0.95000,0.94515,0.73750,-0.20765
media-b100,jan-p01-t10k,29182,0.95000,0.94515,0.73750,-0.20765
media-b100,jan-p01-t10k,40239,0.95000,0.94515,0.73750,-0.20765
media-b100,jan-p01-t10k,55486,0.95000,0.94515,0.73750,-0.20765
media-b100,jan-p01-t10k,76510,0.95000,0.94515,0.73750,-0.20765
media-b100,jan-p01-t10k,105501,0.95000,0.94515,0.73750,-0.20765
media-b100,jan-p01-t10k,145476,0.95000,0.94515,0.73750,-0.20765
media-b100,jan-p01-t10k,200598,0.95000,0.94515,0.73750,-0.20765
media-b100,jan-p01-t10k,276605,0.95000,0.94515,0.73750,-0.20765
media-b100,jan-p01-t10k,381413,0.95000,0.94515,0.73750,-0.20765
media-b100,jan-p01-t10k,525933,0.95000,0.94515,0.73750,-0.20765
media-b100,jan-p01-t10k,725212,0.95000,0.94515,0.73750,-0.20765
media-b100,jan-p01-t10k,1000000,0.95000,0.94515,0.73750,-0.20765
media-b100,jan-p10-t10k,1,0.09706,0.09718,0.09733,0.00015
media-b100,jan-p10-t10k,2,0.14559,0.14625,0.14669,0.00044
media-b100,jan-p10-t10k,3,0.17795,0.17861,0.17939,0.00078
media-b100,jan-p10-t10k,4,0.20221,0.20271,0.20382,0.00111
media-b100,jan-p10-t10k,5,0.22162,0.22220,0.22273,0.00053
media-b100,jan-p10-t10k,7,0.25167,0.25221,0.25248,0.00027
media-b100,jan-p10-t10k,9,0.27458,0.27524,0.27554,0.00030
media-b100,jan-p10-t10k,10,0.28429,0.28503,0.28508,0.00005
media-b100,jan-p10-t10k,13,0.30867,0.30941,0.31008,0.00067
media-b100,jan-p10-t10k,18,0.33924,0.33991,0.33962,-0.00029
media-b100,jan-p10-t10k,25,0.37038,0.37078,0.37089,0.00011
media-b100,jan-p10-t10k,34,0.39972,0.40023,0.40026,0.00003
media-b100,jan-p10-t10k,47,0.43076,0.43099,0.43001,-0.00098
media-b100,jan-p10-t10k,65,0.46194,0.46212,0.46148,-0.00064
media-b100,jan-p10-t10k,90,0.49332,0.49345,0.49191,-0.00154
media-b100,jan-p10-t10k,100,0.50349,0.50353,0.50178,-0.00175
media-b100,jan-p10-t10k,124,0.52428,0.52425,0.52169,-0.00256
media-b100,jan-p10-t10k,171,0.55537,0.55566,0.55238,-0.00328
media-b100,jan-p10-t10k,236,0.58656,0.58641,0.58168,-0.00473
media-b100,jan-p10-t10k,325,0.61756,0.61747,0.61165,-0.00582
media-b100,jan-p10-t10k,448,0.64867,0.64868,0.63956,-0.00911
media-b100,jan-p10-t10k,618,0.67987,0.67979,0.66721,-0.01258
media-b100,jan-p10-t10k,852,0.71101,0.71056,0.69377,-0.01679
media-b100,jan-p10-t10k,1000,0.72655,0.72637,0.70694,-0.01943
media-b100,jan-p10-t10k,1174,0.74211,0.74188,0.71822,-0.02366
media-b100,jan-p10-t10k,1619,0.77330,0.77261,0.73910,-0.03351
media-b100,jan-p10-t10k,2233,0.80450,0.80373,0.75652,-0.04721
media-b100,jan-p10-t10k,3079,0.83567,0.83480,0.76917,-0.06563
media-b100,jan-p10-t10k,4245,0.86684,0.86550,0.78098,-0.08452
media-b100,jan-p10-t10k,5854,0.89803,0.89625,0.78770,-0.10855
media-b100,jan-p10-t10k,8072,0.92921,0.92572,0.79078,-0.13494
media-b100,jan-p10-t10k,10000,0.95000,0.94515,0.79141,-0.15374
media-b100,jan-p10-t10k,11130,0.95000,0.94515,0.79156,-0.15359
media-b100,jan-p10-t10k,15348,0.95000,0.94515,0.79159,-0.15356
media-b100,jan-p10-t10k,21163,0.95000,0.94515,0.79161,-0.15354
media-b100,jan-p10-t10k,29182,0.95000,0.94515,0.79161,-0.15354
media-b100,jan-p10-t10k,40239,0.95000,0.94515,0.79161,-0.15354
media-b100,jan-p10-t10k,55486,0.95000,0.94515,0.79161,-0.15354
media-b100,jan-p10-t10k,76510,0.95000,0.94515,0.79161,-0.15354
media-b100,jan-p10-t10k,105501,0.95000,0.94515,0.79161,-0.15354
media-b100,jan-p10-t10k,145476,0.95000,0.94515,0.79161,-0.15354
media-b100,jan-p10-t10k,200598,0.95000,0.94515,0.79161,-0.15354
media-b100,jan-p10-t10k,276605,0.95000,0.94515,0.79161,-0.15354
media-b100,jan-p10-t10k,381413,0.95000,0.94515,0.79161,-0.15354
media-b100,jan-p10-t10k,525933,0.95000,0.94515,0.79161,-0.15354
media-b100,jan-p10-t10k,725212,0.95000,0.94515,0.79161,-0.15354
media-b100,jan-p10-t10k,1000000,0.95000,0.94515,0.79161,-0.15354
media-b100,jan-p20-t10k,1,0.09706,0.09718,0.09752,0.00034
media-b100,jan-p20-t10k,2,0.14559,0.14625,0.14713,0.00088
media-b100,jan-p20-t10k,3,0.17795,0.17861,0.17927,0.00066
media-b100,jan-p20-t10k,4,0.20221,0.20271,0.20394,0.00122
media-b100,jan-p20-t10k,5,0.22162,0.22220,0.22302,0.00082
media-b100,jan-p20-t10k,7,0.25167,0.25221,0.25340,0.00120
media-b100,jan-p20-t10k,9,0.27458,0.27524,0.27621,0.00097
media-b100,jan-p20-t10k,10,0.28429,0.28503,0.28590,0.00087
media-b100,jan-p20-t10k,13,0.30867,0.30941,0.31035,0.00095
media-b100,jan-p20-t10k,18,0.33924,0.33991,0.34008,0.00016
media-b100,jan-p20-t10k,25,0.37038,0.37078,0.37068,-0.00010
media-b100,jan-p20-t10k,34,0.39972,0.40023,0.40022,-0.00000
media-b100,jan-p20-t10k,47,0.43076,0.43099,0.43055,-0.00044
media-b100,jan-p20-t10k,65,0.46194,0.46212,0.46160,-0.00052
media-b100,jan-p20-t10k,90,0.49332,0.49345,0.49247,-0.00098
media-b100,jan-p20-t10k,100,0.50349,0.50353,0.50223,-0.00130
media-b100,jan-p20-t10k,124,0.52428,0.52425,0.52251,-0.00174
media-b100,jan-p20-t10k,171,0.55537,0.55566,0.55337,-0.00229
media-b100,jan-p20-t10k,236,0.58656,0.58641,0.58309,-0.00332
media-b100,jan-p20-t10k,325,0.61756,0.61747,0.61277,-0.00470
media-b100,jan-p20-t10k,448,0.64867,0.64868,0.64117,-0.00750
media-b100,jan-p20-t10k,618,0.67987,0.67979,0.66902,-0.01077
media-b100,jan-p20-t10k,852,0.71101,0.71056,0.69571,-0.01485
media-b100,jan-p20-t10k,1000,0.72655,0.72637,0.70896,-0.01741
media-b100,jan-p20-t10k,1174,0.74211,0.74188,0.72083,-0.02105
media-b100,jan-p20-t10k,1619,0.77330,0.77261,0.74312,-0.02949
media-b100,jan-p20-t10k,2233,0.80450,0.80373,0.76342,-0.04031
media-b100,jan-p20-t10k,3079,0.83567,0.83480,0.78199,-0.05282
media-b100,jan-p20-t10k,4245,0.86684,0.86550,0.80331,-0.06219
media-b100,jan-p20-t10k,5854,0.89803,0.89625,0.82178,-0.07447
media-b100,jan-p20-t10k,8072,0.92921,0.92572,0.83285,-0.09287
media-b100,jan-p20-t10k,10000,0.95000,0.94515,0.83627,-0.10888
media-b100,jan-p20-t10k,11130,0.95000,0.94515,0.83713,-0.10802
media-b100,jan-p20-t10k,15348,0.95000,0.94515,0.83781,-0.10734
media-b100,jan-p20-t10k,21163,0.95000,0.94515,0.83787,-0.10728
media-b100,jan-p20-t10k,29182,0.95000,0.94515,0.83787,-0.10728
media-b100,jan-p20-t10k,40239,0.95000,0.94515,0.83787,-0.10728
media-b100,jan-p20-t10k,55486,0.95000,0.94515,0.83787,-0.10728
media-b100,jan-p20-t10k,76510,0.95000,0.94515,0.83787,-0.10728
media-b100,jan-p20-t10k,105501,0.95000,0.94515,0.83787,-0.10728
media-b100,jan-p20-t10k,145476,0.95000,0.94515,0.83787,-0.10728
media-b100,jan-p20-t10k,200598,0.95000,0.94515,0.83787,-0.10728
media-b100,jan-p20-t10k,276605,0.95000,0.94515,0.83787,-0.10728
media-b100,jan-p20-t10k,381413,0.95000,0.94515,0.83787,-0.10728
media-b100,jan-p20-t10k,525933,0.95000,0.94515,0.83787,-0.10728
media-b100,jan-p20-t10k,725212,0.95000,0.94515,0.83787,-0.10728
media-b100,jan-p20-t10k,1000000,0.95000,0.94515,0.83787,-0.10728
alta-b050,completa,1,0.00478,0.00488,0.00488,0.00000
alta-b050,completa,2,0.00817,0.00824,0.00824,0.00000
alta-b050,completa,3,0.01093,0.01109,0.01109,0.00000
alta-b050,completa,4,0.01332,0.01353,0.01353,0.00000
alta-b050,completa,5,0.01546,0.01562,0.01562,0.00000
alta-b050,completa,7,0.01922,0.01924,0.01924,0.00000
alta-b050,completa,9,0.02251,0.02259,0.02259,0.00000
alta-b050,completa,10,0.02402,0.02411,0.02411,0.00000
alta-b050,completa,13,0.02818,0.02816,0.02816,0.00000
alta-b050,completa,18,0.03417,0.03424,0.03424,0.00000
alta-b050,completa,25,0.04134,0.04145,0.04145,0.00000
alta-b050,completa,34,0.04922,0.04923,0.04923,0.00000
alta-b050,completa,47,0.05897,0.05912,0.05912,0.00000
alta-b050,completa,65,0.07046,0.07062,0.07062,0.00000
alta-b050,completa,90,0.08405,0.08414,0.08414,0.00000
alta-b050,completa,100,0.08895,0.08909,0.08909,0.00000
alta-b050,completa,124,0.09979,0.10000,0.10000,0.00000
alta-b050,completa,171,0.11833,0.11870,0.11870,0.00000
alta-b050,completa,236,0.14018,0.14071,0.14071,0.00000
alta-b050,completa,325,0.16566,0.16632,0.16632,0.00000
alta-b050,completa,448,0.19568,0.19612,0.19612,0.00000
alta-b050,completa,618,0.23101,0.23159,0.23159,0.00000
alta-b050,completa,852,0.27242,0.27296,0.27296,0.00000
alta-b050,completa,1000,0.29571,0.29626,0.29626,0.00000
alta-b050,completa,1174,0.32097,0.32156,0.32156,0.00000
alta-b050,completa,1619,0.37812,0.37825,0.37825,0.00000
alta-b050,completa,2233,0.44527,0.44496,0.44496,0.00000
alta-b050,completa,3079,0.52406,0.52328,0.52328,0.00000
alta-b050,completa,4245,0.61655,0.61518,0.61518,0.00000
alta-b050,completa,5854,0.72523,0.72291,0.72291,0.00000
alta-b050,completa,8072,0.85282,0.84837,0.84837,0.00000
alta-b050,completa,10000,0.95000,0.94274,0.94274,0.00000
alta-b050,completa,11130,0.95000,0.94274,0.94274,0.00000
alta-b050,completa,15348,0.95000,0.94274,0.94274,0.00000
alta-b050,completa,21163,0.95000,0.94274,0.94274,0.00000
alta-b050,completa,29182,0.95000,0.94274,0.94274,0.00000
alta-b050,completa,40239,0.95000,0.94274,0.94274,0.00000
alta-b050,completa,55486,0.95000,0.94274,0.94274,0.00000
alta-b050,completa,76510,0.95000,0.94274,0.94274,0.00000
alta-b050,completa,105501,0.95000,0.94274,0.94274,0.00000
alta-b050,completa,145476,0.95000,0.94274,0.94274,0.00000
alta-b050,completa,200598,0.95000,0.94274,0.94274,0.00000
alta-b050,completa,276605,0.95000,0.94274,0.94274,0.00000
alta-b050,completa,381413,0.95000,0.94274,0.94274,0.00000
alta-b050,completa,525933,0.95000,0.94274,0.94274,0.00000
alta-b050,completa,725212,0.95000,0.94274,0.94274,0.00000
alta-b050,completa,1000000,0.95000,0.94274,0.94274,0.00000
alta-b050,sis-p01,1,0.00478,0.00488,0.00040,-0.00448
alta-b050,sis-p01,2,0.00817,0.00824,0.00070,-0.00754
alta-b050,sis-p01,3,0.01093,0.01109,0.00090,-0.01019
alta-b050,sis-p01,4,0.01332,0.01353,0.00110,-0.01243
alta-b050,sis-p01,5,0.01546,0.01562,0.00130,-0.01432
alta-b050,sis-p01,7,0.01922,0.01924,0.00170,-0.01754
alta-b050,sis-p01,9,0.02251,0.02259,0.00200,-0.02059
alta-b050,sis-p01,10,0.02402,0.02411,0.00230,-0.02181
alta-b050,sis-p01,13,0.02818,0.02816,0.00300,-0.02516
alta-b050,sis-p01,18,0.03417,0.03424,0.00400,-0.03024
alta-b050,sis-p01,25,0.04134,0.04145,0.00470,-0.03675
alta-b050,sis-p01,34,0.04922,0.04923,0.00570,-0.04353
alta-b050,sis-p01,47,0.05897,0.05912,0.00740,-0.05172
alta-b050,sis-p01,65,0.07046,0.07062,0.00930,-0.06132
alta-b050,sis-p01,90,0.08405,0.08414,0.01200,-0.07215
alta-b050,sis-p01,100,0.08895,0.08909,0.01290,-0.07619
alta-b050,sis-p01,124,0.09979,0.10000,0.01520,-0.08480
alta-b050,sis-p01,171,0.11833,0.11870,0.02050,-0.09820
alta-b050,sis-p01,236,0.14018,0.14071,0.02650,-0.11421
alta-b050,sis-p01,325,0.16566,0.16632,0.03530,-0.13102
alta-b050,sis-p01,448,0.19568,0.19612,0.04870,-0.14743
alta-b050,sis-p01,618,0.23101,0.23159,0.06199,-0.16960
alta-b050,sis-p01,852,0.27242,0.27296,0.07729,-0.19567
alta-b050,sis-p01,1000,0.29571,0.29626,0.08499,-0.21127
alta-b050,sis-p01,1174,0.32097,0.32156,0.09249,-0.22907
alta-b050,sis-p01,1619,0.37812,0.37825,0.10819,-0.27006
alta-b050,sis-p01,2233,0.44527,0.44496,0.12179,-0.32318
alta-b050,sis-p01,3079,0.52406,0.52328,0.13279,-0.39049
alta-b050,sis-p01,4245,0.61655,0.61518,0.13749,-0.47769
alta-b050,sis-p01,5854,0.72523,0.72291,0.13869,-0.58422
alta-b050,sis-p01,8072,0.85282,0.84837,0.13879,-0.70959
alta-b050,sis-p01,10000,0.95000,0.94274,0.13879,-0.80395
alta-b050,sis-p01,11130,0.95000,0.94274,0.13879,-0.80395
alta-b050,sis-p01,15348,0.95000,0.94274,0.13879,-0.80395
alta-b050,sis-p01,21163,0.95000,0.94274,0.13879,-0.80395
alta-b050,sis-p01,29182,0.95000,0.94274,0.13879,-0.80395
alta-b050,sis-p01,40239,0.95000,0.94274,0.13879,-0.80395
alta-b050,sis-p01,55486,0.95000,0.94274,0.13879,-0.80395
alta-b050,sis-p01,76510,0.95000,0.94274,0.13879,-0.80395
alta-b050,sis-p01,105501,0.95000,0.94274,0.13879,-0.80395
alta-b050,sis-p01,145476,0.95000,0.94274,0.13879,-0.80395
alta-b050,sis-p01,200598,0.95000,0.94274,0.13879,-0.80395
alta-b050,sis-p01,276605,0.95000,0.94274,0.13879,-0.80395
alta-b050,sis-p01,381413,0.95000,0.94274,0.13879,-0.80395
alta-b050,sis-p01,525933,0.95000,0.94274,0.13879,-0.80395
alta-b050,sis-p01,725212,0.95000,0.94274,0.13879,-0.80395
alta-b050,sis-p01,1000000,0.95000,0.94274,0.13879,-0.80395
alta-b050,sis-p10,1,0.00478,0.00488,0.00133,-0.00355
alta-b050,sis-p10,2,0.00817,0.00824,0.00268,-0.00556
alta-b050,sis-p10,3,0.01093,0.01109,0.00359,-0.00750
alta-b050,sis-p10,4,0.01332,0.01353,0.00431,-0.00922
alta-b050,sis-p10,5,0.01546,0.01562,0.00507,-0.01055
alta-b050,sis-p10,7,0.01922,0.01924,0.00627,-0.01297
alta-b050,sis-p10,9,0.02251,0.02259,0.00713,-0.01546
alta-b050,sis-p10,10,0.02402,0.02411,0.00767,-0.01644
alta-b050,sis-p10,13,0.02818,0.02816,0.00920,-0.01896
alta-b050,sis-p10,18,0.03417,0.03424,0.01136,-0.02288
alta-b050,sis-p10,25,0.04134,0.04145,0.01397,-0.02748
alta-b050,sis-p10,34,0.04922,0.04923,0.01690,-0.03233
alta-b050,sis-p10,47,0.05897,0.05912,0.02047,-0.03865
alta-b050,sis-p10,65,0.07046,0.07062,0.02478,-0.04584
alta-b050,sis-p10,90,0.08405,0.08414,0.02992,-0.05423
alta-b050,sis-p10,100,0.08895,0.08909,0.03173,-0.05736
alta-b050,sis-p10,124,0.09979,0.10000,0.03617,-0.06383
alta-b050,sis-p10,171,0.11833,0.11870,0.04381,-0.07489
alta-b050,sis-p10,236,0.14018,0.14071,0.05308,-0.08763
alta-b050,sis-p10,325,0.16566,0.16632,0.06465,-0.10167
alta-b050,sis-p10,448,0.19568,0.19612,0.07951,-0.11661
alta-b050,sis-p10,618,0.23101,0.23159,0.09784,-0.13375
alta-b050,sis-p10,852,0.27242,0.27296,0.12267,-0.15029
alta-b050,sis-p10,1000,0.29571,0.29626,0.13675,-0.15951
alta-b050,sis-p10,1174,0.32097,0.32156,0.15256,-0.16900
alta-b050,sis-p10,1619,0.37812,0.37825,0.19313,-0.18512
alta-b050,sis-p10,2233,0.44527,0.44496,0.24689,-0.19808
alta-b050,sis-p10,3079,0.52406,0.52328,0.31882,-0.20446
alta-b050,sis-p10,4245,0.61655,0.61518,0.40740,-0.20778
alta-b050,sis-p10,5854,0.72523,0.72291,0.49775,-0.22516
alta-b050,sis-p10,8072,0.85282,0.84837,0.57223,-0.27614
alta-b050,sis-p10,10000,0.95000,0.94274,0.60161,-0.34112
alta-b050,sis-p10,11130,0.95000,0.94274,0.60972,-0.33301
alta-b050,sis-p10,15348,0.95000,0.94274,0.61945,-0.32328
alta-b050,sis-p10,21163,0.95000,0.94274,0.62045,-0.32228
alta-b050,sis-p10,29182,0.95000,0.94274,0.62050,-0.32223
alta-b050,sis-p10,40239,0.95000,0.94274,0.62050,-0.32223
alta-b050,sis-p10,55486,0.95000,0.94274,0.62050,-0.32223
alta-b050,sis-p10,76510,0.95000,0.94274,0.62050,-0.32223
alta-b050,sis-p10,105501,0.95000,0.94274,0.62050,-0.32223
alta-b050,sis-p10,145476,0.95000,0.94274,0.62050,-0.32223
alta-b050,sis-p10,200598,0.95000,0.94274,0.62050,-0.32223
alta-b050,sis-p10,276605,0.95000,0.94274,0.62050,-0.32223
alta-b050,sis-p10,381413,0.95000,0.94274,0.62050,-0.32223
alta-b050,sis-p10,525933,0.95000,0.94274,0.62050,-0.32223
alta-b050,sis-p10,725212,0.95000,0.94274,0.62050,-0.32223
alta-b050,sis-p10,1000000,0.95000,0.94274,0.62050,-0.32223
alta-b050,sis-p20,1,0.00478,0.00488,0.00209,-0.00279
alta-b050,sis-p20,2,0.00817,0.00824,0.00365,-0.00459
alta-b050,sis-p20,3,0.01093,0.01109,0.00489,-0.00619
alta-b050,sis-p20,4,0.01332,0.01353,0.00611,-0.00741
alta-b050,sis-p20,5,0.01546,0.01562,0.00711,-0.00851
alta-b050,sis-p20,7,0.01922,0.01924,0.00888,-0.01036
alta-b050,sis-p20,9,0.02251,0.02259,0.01038,-0.01221
alta-b050,sis-p20,10,0.02402,0.02411,0.01116,-0.01295
alta-b050,sis-p20,13,0.02818,0.02816,0.01303,-0.01513
alta-b050,sis-p20,18,0.03417,0.03424,0.01570,-0.01854
alta-b050,sis-p20,25,0.04134,0.04145,0.01926,-0.02219
alta-b050,sis-p20,34,0.04922,0.04923,0.02326,-0.02596
alta-b050,sis-p20,47,0.05897,0.05912,0.02819,-0.03093
alta-b050,sis-p20,65,0.07046,0.07062,0.03408,-0.03654
alta-b050,sis-p20,90,0.08405,0.08414,0.04136,-0.04278
alta-b050,sis-p20,100,0.08895,0.08909,0.04385,-0.04524
alta-b050,sis-p20,124,0.09979,0.10000,0.04932,-0.05068
alta-b050,sis-p20,171,0.11833,0.11870,0.05950,-0.05920
alta-b050,sis-p20,236,0.14018,0.14071,0.07167,-0.06904
alta-b050,sis-p20,325,0.16566,0.16632,0.08587,-0.08045
alta-b050,sis-p20,448,0.19568,0.19612,0.10299,-0.09313
alta-b050,sis-p20,618,0.23101,0.23159,0.12519,-0.10640
alta-b050,sis-p20,852,0.27242,0.27296,0.15270,-0.12026
alta-b050,sis-p20,1000,0.29571,0.29626,0.16892,-0.12734
alta-b050,sis-p20,1174,0.32097,0.32156,0.18676,-0.13480
alta-b050,sis-p20,1619,0.37812,0.37825,0.23096,-0.14728
alta-b050,sis-p20,2233,0.44527,0.44496,0.28609,-0.15887
alta-b050,sis-p20,3079,0.52406,0.52328,0.35787,-0.16541
alta-b050,sis-p20,4245,0.61655,0.61518,0.45357,-0.16161
alta-b050,sis-p20,5854,0.72523,0.72291,0.57725,-0.14566
alta-b050,sis-p20,8072,0.85282,0.84837,0.69331,-0.15507
alta-b050,sis-p20,10000,0.95000,0.94274,0.74160,-0.20114
alta-b050,sis-p20,11130,0.95000,0.94274,0.75464,-0.18809
alta-b050,sis-p20,15348,0.95000,0.94274,0.76588,-0.17685
alta-b050,sis-p20,21163,0.95000,0.94274,0.76657,-0.17616
alta-b050,sis-p20,29182,0.95000,0.94274,0.76658,-0.17615
alta-b050,sis-p20,40239,0.95000,0.94274,0.76658,-0.17615
alta-b050,sis-p20,55486,0.95000,0.94274,0.76658,-0.17615
alta-b050,sis-p20,76510,0.95000,0.94274,0.76658,-0.17615
alta-b050,sis-p20,105501,0.95000,0.94274,0.76658,-0.17615
alta-b050,sis-p20,145476,0.95000,0.94274,0.76658,-0.17615
alta-b050,sis-p20,200598,0.95000,0.94274,0.76658,-0.17615
alta-b050,sis-p20,276605,0.95000,0.94274,0.76658,-0.17615
alta-b050,sis-p20,381413,0.95000,0.94274,0.76658,-0.17615
alta-b050,sis-p20,525933,0.95000,0.94274,0.76658,-0.17615
alta-b050,sis-p20,725212,0.95000,0.94274,0.76658,-0.17615
alta-b050,sis-p20,1000000,0.95000,0.94274,0.76658,-0.17615
alta-b050,jan-p01-t1k,1,0.00478,0.00488,0.00570,0.00082
alta-b050,jan-p01-t1k,2,0.00817,0.00824,0.00900,0.00076
alta-b050,jan-p01-t1k,3,0.01093,0.01109,0.01260,0.00151
alta-b050,jan-p01-t1k,4,0.01332,0.01353,0.01410,0.00057
alta-b050,jan-p01-t1k,5,0.01546,0.01562,0.01550,-0.00012
alta-b050,jan-p01-t1k,7,0.01922,0.01924,0.01850,-0.00074
alta-b050,jan-p01-t1k,9,0.02251,0.02259,0.02250,-0.00009
alta-b050,jan-p01-t1k,10,0.02402,0.02411,0.02400,-0.00011
alta-b050,jan-p01-t1k,13,0.02818,0.02816,0.02830,0.00014
alta-b050,jan-p01-t1k,18,0.03417,0.03424,0.03420,-0.00004
alta-b050,jan-p01-t1k,25,0.04134,0.04145,0.04130,-0.00015
alta-b050,jan-p01-t1k,34,0.04922,0.04923,0.04830,-0.00093
alta-b050,jan-p01-t1k,47,0.05897,0.05912,0.05950,0.00038
alta-b050,jan-p01-t1k,65,0.07046,0.07062,0.07050,-0.00012
alta-b050,jan-p01-t1k,90,0.08405,0.08414,0.08210,-0.00204
alta-b050,jan-p01-t1k,100,0.08895,0.08909,0.08690,-0.00219
alta-b050,jan-p01-t1k,124,0.09979,0.10000,0.09840,-0.00160
alta-b050,jan-p01-t1k,171,0.11833,0.11870,0.11310,-0.00560
alta-b050,jan-p01-t1k,236,0.14018,0.14071,0.13090,-0.00981
alta-b050,jan-p01-t1k,325,0.16566,0.16632,0.15040,-0.01592
alta-b050,jan-p01-t1k,448,0.19568,0.19612,0.17190,-0.02422
alta-b050,jan-p01-t1k,618,0.23101,0.23159,0.18820,-0.04339
alta-b050,jan-p01-t1k,852,0.27242,0.27296,0.20230,-0.07066
alta-b050,jan-p01-t1k,1000,0.29571,0.29626,0.20830,-0.08796
alta-b050,jan-p01-t1k,1174,0.32097,0.32156,0.21450,-0.10706
alta-b050,jan-p01-t1k,1619,0.37812,0.37825,0.22510,-0.15315
alta-b050,jan-p01-t1k,2233,0.44527,0.44496,0.23770,-0.20726
alta-b050,jan-p01-t1k,3079,0.52406,0.52328,0.24500,-0.27828
alta-b050,jan-p01-t1k,4245,0.61655,0.61518,0.24880,-0.36638
alta-b050,jan-p01-t1k,5854,0.72523,0.72291,0.24970,-0.47321
alta-b050,jan-p01-t1k,8072,0.85282,0.84837,0.24970,-0.59867
alta-b050,jan-p01-t1k,10000,0.95000,0.94274,0.24970,-0.69304
alta-b050,jan-p01-t1k,11130,0.95000,0.94274,0.24970,-0.69304
alta-b050,jan-p01-t1k,15348,0.95000,0.94274,0.24970,-0.69304
alta-b050,jan-p01-t1k,21163,0.95000,0.94274,0.24970,-0.69304
alta-b050,jan-p01-t1k,29182,0.95000,0.94274,0.24970,-0.69304
alta-b050,jan-p01-t1k,40239,0.95000,0.94274,0.24970,-0.69304
alta-b050,jan-p01-t1k,55486,0.95000,0.94274,0.24970,-0.69304
alta-b050,jan-p01-t1k,76510,0.95000,0.94274,0.24970,-0.69304
alta-b050,jan-p01-t1k,105501,0.95000,0.94274,0.24970,-0.69304
alta-b050,jan-p01-t1k,145476,0.95000,0.94274,0.24970,-0.69304
alta-b050,jan-p01-t1k,200598,0.95000,0.94274,0.24970,-0.69304
alta-b050,jan-p01-t1k,276605,0.95000,0.94274,0.24970,-0.69304
alta-b050,jan-p01-t1k,381413,0.95000,0.94274,0.24970,-0.69304
alta-b050,jan-p01-t1k,525933,0.95000,0.94274,0.24970,-0.69304
alta-b050,jan-p01-t1k,725212,0.95000,0.94274,0.24970,-0.69304
alta-b050,jan-p01-t1k,1000000,0.95000,0.94274,0.24970,-0.69304
alta-b050,jan-p10-t1k,1,0.00478,0.00488,0.00489,0.00001
alta-b050,jan-p10-t1k,2,0.00817,0.00824,0.00827,0.00003
alta-b050,jan-p10-t1k,3,0.01093,0.01109,0.01145,0.00036
alta-b050,jan-p10-t1k,4,0.01332,0.01353,0.01386,0.00034
alta-b050,jan-p10-t1k,5,0.01546,0.01562,0.01573,0.00011
alta-b050,jan-p10-t1k,7,0.01922,0.01924,0.01948,0.00024
alta-b050,jan-p10-t1k,9,0.02251,0.02259,0.02305,0.00046
alta-b050,jan-p10-t1k,10,0.02402,0.02411,0.02460,0.00049
alta-b050,jan-p10-t1k,13,0.02818,0.02816,0.02857,0.00041
alta-b050,jan-p10-t1k,18,0.03417,0.03424,0.03442,0.00018
alta-b050,jan-p10-t1k,25,0.04134,0.04145,0.04173,0.00028
alta-b050,jan-p10-t1k,34,0.04922,0.04923,0.04955,0.00032
alta-b050,jan-p10-t1k,47,0.05897,0.05912,0.05949,0.00037
alta-b050,jan-p10-t1k,65,0.07046,0.07062,0.07057,-0.00005
alta-b050,jan-p10-t1k,90,0.08405,0.08414,0.08254,-0.00160
alta-b050,jan-p10-t1k,100,0.08895,0.08909,0.08738,-0.00171
alta-b050,jan-p10-t1k,124,0.09979,0.10000,0.09773,-0.00227
alta-b050,jan-p10-t1k,171,0.11833,0.11870,0.11402,-0.00468
alta-b050,jan-p10-t1k,236,0.14018,0.14071,0.13303,-0.00768
alta-b050,jan-p10-t1k,325,0.16566,0.16632,0.15322,-0.01310
alta-b050,jan-p10-t1k,448,0.19568,0.19612,0.17503,-0.02109
alta-b050,jan-p10-t1k,618,0.23101,0.23159,0.19788,-0.03371
alta-b050,jan-p10-t1k,852,0.27242,0.27296,0.22067,-0.05229
alta-b050,jan-p10-t1k,1000,0.29571,0.29626,0.23364,-0.06262
alta-b050,jan-p10-t1k,1174,0.32097,0.32156,0.24845,-0.07311
alta-b050,jan-p10-t1k,1619,0.37812,0.37825,0.28417,-0.09408
alta-b050,jan-p10-t1k,2233,0.44527,0.44496,0.33144,-0.11352
alta-b050,jan-p10-t1k,3079,0.52406,0.52328,0.39347,-0.12981
alta-b050,jan-p10-t1k,4245,0.61655,0.61518,0.46578,-0.14940
alta-b050,jan-p10-t1k,5854,0.72523,0.72291,0.54044,-0.18247
alta-b050,jan-p10-t1k,8072,0.85282,0.84837,0.59974,-0.24863
alta-b050,jan-p10-t1k,10000,0.95000,0.94274,0.62284,-0.31990
alta-b050,jan-p10-t1k,11130,0.95000,0.94274,0.62965,-0.31309
alta-b050,jan-p10-t1k,15348,0.95000,0.94274,0.63752,-0.30522
alta-b050,jan-p10-t1k,21163,0.95000,0.94274,0.63854,-0.30420
alta-b050,jan-p10-t1k,29182,0.95000,0.94274,0.63857,-0.30417
alta-b050,jan-p10-t1k,40239,0.95000,0.94274,0.63857,-0.30417
alta-b050,jan-p10-t1k,55486,0.95000,0.94274,0.63857,-0.30417
alta-b050,jan-p10-t1k,76510,0.95000,0.94274,0.63857,-0.30417
alta-b050,jan-p10-t1k,105501,0.95000,0.94274,0.63857,-0.30417
alta-b050,jan-p10-t1k,145476,0.95000,0.94274,0.63857,-0.30417
alta-b050,jan-p10-t1k,200598,0.95000,0.94274,0.63857,-0.30417
alta-b050,jan-p10-t1k,276605,0.95000,0.94274,0.63857,-0.30417
alta-b050,jan-p10-t1k,381413,0.95000,0.94274,0.63857,-0.30417
alta-b050,jan-p10-t1k,525933,0.95000,0.94274,0.63857,-0.30417
alta-b050,jan-p10-t1k,725212,0.95000,0.94274,0.63857,-0.30417
alta-b050,jan-p10-t1k,1000000,0.95000,0.94274,0.63857,-0.30417
alta-b050,jan-p20-t1k,1,0.00478,0.00488,0.00492,0.00004
alta-b050,jan-p20-t1k,2,0.00817,0.00824,0.00833,0.00008
alta-b050,jan-p20-t1k,3,0.01093,0.01109,0.01132,0.00024
alta-b050,jan-p20-t1k,4,0.01332,0.01353,0.01383,0.00030
alta-b050,jan-p20-t1k,5,0.01546,0.01562,0.01578,0.00016
alta-b050,jan-p20-t1k,7,0.01922,0.01924,0.01949,0.00025
alta-b050,jan-p20-t1k,9,0.02251,0.02259,0.02286,0.00027
alta-b050,jan-p20-t1k,10,0.02402,0.02411,0.02436,0.00025
alta-b050,jan-p20-t1k,13,0.02818,0.02816,0.02823,0.00007
alta-b050,jan-p20-t1k,18,0.03417,0.03424,0.03401,-0.00023
alta-b050,jan-p20-t1k,25,0.04134,0.04145,0.04118,-0.00027
alta-b050,jan-p20-t1k,34,0.04922,0.04923,0.04880,-0.00043
alta-b050,jan-p20-t1k,47,0.05897,0.05912,0.05838,-0.00074
alta-b050,jan-p20-t1k,65,0.07046,0.07062,0.06920,-0.00142
alta-b050,jan-p20-t1k,90,0.08405,0.08414,0.08161,-0.00253
alta-b050,jan-p20-t1k,100,0.08895,0.08909,0.08633,-0.00275
alta-b050,jan-p20-t1k,124,0.09979,0.10000,0.09649,-0.00352
alta-b050,jan-p20-t1k,171,0.11833,0.11870,0.11275,-0.00595
alta-b050,jan-p20-t1k,236,0.14018,0.14071,0.13198,-0.00873
alta-b050,jan-p20-t1k,325,0.16566,0.16632,0.15242,-0.01390
alta-b050,jan-p20-t1k,448,0.19568,0.19612,0.17494,-0.02118
alta-b050,jan-p20-t1k,618,0.23101,0.23159,0.19960,-0.03199
alta-b050,jan-p20-t1k,852,0.27242,0.27296,0.22551,-0.04746
alta-b050,jan-p20-t1k,1000,0.29571,0.29626,0.23974,-0.05652
alta-b050,jan-p20-t1k,1174,0.32097,0.32156,0.25625,-0.06531
alta-b050,jan-p20-t1k,1619,0.37812,0.37825,0.29510,-0.08315
alta-b050,jan-p20-t1k,2233,0.44527,0.44496,0.34478,-0.10018
alta-b050,jan-p20-t1k,3079,0.52406,0.52328,0.41102,-0.11226
alta-b050,jan-p20-t1k,4245,0.61655,0.61518,0.49731,-0.11787
alta-b050,jan-p20-t1k,5854,0.72523,0.72291,0.60673,-0.11618
alta-b050,jan-p20-t1k,8072,0.85282,0.84837,0.70777,-0.14060
alta-b050,jan-p20-t1k,10000,0.95000,0.94274,0.74978,-0.19296
alta-b050,jan-p20-t1k,11130,0.95000,0.94274,0.76061,-0.18213
alta-b050,jan-p20-t1k,15348,0.95000,0.94274,0.77111,-0.17163
alta-b050,jan-p20-t1k,21163,0.95000,0.94274,0.77185,-0.17089
alta-b050,jan-p20-t1k,29182,0.95000,0.94274,0.77185,-0.17088
alta-b050,jan-p20-t1k,40239,0.95000,0.94274,0.77185,-0.17088
alta-b050,jan-p20-t1k,55486,0.95000,0.94274,0.77185,-0.17088
alta-b050,jan-p20-t1k,76510,0.95000,0.94274,0.77185,-0.17088
alta-b050,jan-p20-t1k,105501,0.95000,0.94274,0.77185,-0.17088
alta-b050,jan-p20-t1k,145476,0.95000,0.94274,0.77185,-0.17088
alta-b050,jan-p20-t1k,200598,0.95000,0.94274,0.77185,-0.17088
alta-b050,jan-p20-t1k,276605,0.95000,0.94274,0.77185,-0.17088
alta-b050,jan-p20-t1k,381413,0.95000,0.94274,0.77185,-0.17088
alta-b050,jan-p20-t1k,525933,0.95000,0.94274,0.77185,-0.17088
alta-b050,jan-p20-t1k,725212,0.95000,0.94274,0.77185,-0.17088
alta-b050,jan-p20-t1k,1000000,0.95000,0.94274,0.77185,-0.17088
alta-b050,jan-p01-t10k,1,0.00478,0.00488,0.00550,0.00062
alta-b050,jan-p01-t10k,2,0.00817,0.00824,0.00920,0.00096
alta-b050,jan-p01-t10k,3,0.01093,0.01109,0.01190,0.00081
alta-b050,jan-p01-t10k,4,0.01332,0.01353,0.01260,-0.00093
alta-b050,jan-p01-t10k,5,0.01546,0.01562,0.01420,-0.00142
alta-b050,jan-p01-t10k,7,0.01922,0.01924,0.01760,-0.00164
alta-b050,jan-p01-t10k,9,0.02251,0.02259,0.02070,-0.00189
alta-b050,jan-p01-t10k,10,0.02402,0.02411,0.02120,-0.00291
alta-b050,jan-p01-t10k,13,0.02818,0.02816,0.02430,-0.00386
alta-b050,jan-p01-t10k,18,0.03417,0.03424,0.02980,-0.00444
alta-b050,jan-p01-t10k,25,0.04134,0.04145,0.03680,-0.00465
alta-b050,jan-p01-t10k,34,0.04922,0.04923,0.04470,-0.00453
alta-b050,jan-p01-t10k,47,0.05897,0.05912,0.05450,-0.00462
alta-b050,jan-p01-t10k,65,0.07046,0.07062,0.06400,-0.00662
alta-b050,jan-p01-t10k,90,0.08405,0.08414,0.07730,-0.00685
alta-b050,jan-p01-t10k,100,0.08895,0.08909,0.08230,-0.00679
alta-b050,jan-p01-t10k,124,0.09979,0.10000,0.09320,-0.00680
alta-b050,jan-p01-t10k,171,0.11833,0.11870,0.11210,-0.00660
alta-b050,jan-p01-t10k,236,0.14018,0.14071,0.13370,-0.00701
alta-b050,jan-p01-t10k,325,0.16566,0.16632,0.15970,-0.00662
alta-b050,jan-p01-t10k,448,0.19568,0.19612,0.18890,-0.00722
alta-b050,jan-p01-t10k,618,0.23101,0.23159,0.22050,-0.01109
alta-b050,jan-p01-t10k,852,0.27242,0.27296,0.25710,-0.01586
alta-b050,jan-p01-t10k,1000,0.29571,0.29626,0.27820,-0.01806
alta-b050,jan-p01-t10k,1174,0.32097,0.32156,0.30070,-0.02086
alta-b050,jan-p01-t10k,1619,0.37812,0.37825,0.34670,-0.03155
alta-b050,jan-p01-t10k,2233,0.44527,0.44496,0.39480,-0.05016
alta-b050,jan-p01-t10k,3079,0.52406,0.52328,0.44460,-0.07868
alta-b050,jan-p01-t10k,4245,0.61655,0.61518,0.47900,-0.13618
alta-b050,jan-p01-t10k,5854,0.72523,0.72291,0.48640,-0.23651
alta-b050,jan-p01-t10k,8072,0.85282,0.84837,0.48640,-0.36197
alta-b050,jan-p01-t10k,10000,0.95000,0.94274,0.48640,-0.45634
alta-b050,jan-p01-t10k,11130,0.95000,0.94274,0.48640,-0.45634
alta-b050,jan-p01-t10k,15348,0.95000,0.94274,0.48640,-0.45634
alta-b050,jan-p01-t10k,21163,0.95000,0.94274,0.48640,-0.45634
alta-b050,jan-p01-t10k,29182,0.95000,0.94274,0.48640,-0.45634
alta-b050,jan-p01-t10k,40239,0.95000,0.94274,0.48640,-0.45634
alta-b050,jan-p01-t10k,55486,0.95000,0.94274,0.48640,-0.45634
alta-b050,jan-p01-t10k,76510,0.95000,0.94274,0.48640,-0.45634
alta-b050,jan-p01-t10k,105501,0.95000,0.94274,0.48640,-0.45634
alta-b050,jan-p01-t10k,145476,0.95000,0.94274,0.48640,-0.45634
alta-b050,jan-p01-t10k,200598,0.95000,0.94274,0.48640,-0.45634
alta-b050,jan-p01-t10k,276605,0.95000,0.94274,0.48640,-0.45634
alta-b050,jan-p01-t10k,381413,0.95000,0.94274,0.48640,-0.45634
alta-b050,jan-p01-t10k,525933,0.95000,0.94274,0.48640,-0.45634
alta-b050,jan-p01-t10k,725212,0.95000,0.94274,0.48640,-0.45634
alta-b050,jan-p01-t10k,1000000,0.95000,0.94274,0.48640,-0.45634
alta-b050,jan-p10-t10k,1,0.00478,0.00488,0.00481,-0.00007
alta-b050,jan-p10-t10k,2,0.00817,0.00824,0.00809,-0.00015
alta-b050,jan-p10-t10k,3,0.01093,0.01109,0.01091,-0.00018
alta-b050,jan-p10-t10k,4,0.01332,0.01353,0.01306,-0.00047
alta-b050,jan-p10-t10k,5,0.01546,0.01562,0.01491,-0.00071
alta-b050,jan-p10-t10k,7,0.01922,0.01924,0.01846,-0.00078
alta-b050,jan-p10-t10k,9,0.02251,0.02259,0.02184,-0.00075
alta-b050,jan-p10-t10k,10,0.02402,0.02411,0.02324,-0.00087
alta-b050,jan-p10-t10k,13,0.02818,0.02816,0.02708,-0.00108
alta-b050,jan-p10-t10k,18,0.03417,0.03424,0.03324,-0.00100
alta-b050,jan-p10-t10k,25,0.04134,0.04145,0.04042,-0.00103
alta-b050,jan-p10-t10k,34,0.04922,0.04923,0.04837,-0.00086
alta-b050,jan-p10-t10k,47,0.05897,0.05912,0.05835,-0.00077
alta-b050,jan-p10-t10k,65,0.07046,0.07062,0.06946,-0.00116
alta-b050,jan-p10-t10k,90,0.08405,0.08414,0.08323,-0.00091
alta-b050,jan-p10-t10k,100,0.08895,0.08909,0.08834,-0.00075
alta-b050,jan-p10-t10k,124,0.09979,0.10000,0.09985,-0.00015
alta-b050,jan-p10-t10k,171,0.11833,0.11870,0.11812,-0.00058
alta-b050,jan-p10-t10k,236,0.14018,0.14071,0.14006,-0.00065
alta-b050,jan-p10-t10k,325,0.16566,0.16632,0.16532,-0.00100
alta-b050,jan-p10-t10k,448,0.19568,0.19612,0.19481,-0.00131
alta-b050,jan-p10-t10k,618,0.23101,0.23159,0.22785,-0.00374
alta-b050,jan-p10-t10k,852,0.27242,0.27296,0.26628,-0.00668
alta-b050,jan-p10-t10k,1000,0.29571,0.29626,0.28795,-0.00831
alta-b050,jan-p10-t10k,1174,0.32097,0.32156,0.31089,-0.01067
alta-b050,jan-p10-t10k,1619,0.37812,0.37825,0.36018,-0.01807
alta-b050,jan-p10-t10k,2233,0.44527,0.44496,0.41642,-0.02854
alta-b050,jan-p10-t10k,3079,0.52406,0.52328,0.47895,-0.04433
alta-b050,jan-p10-t10k,4245,0.61655,0.61518,0.54139,-0.07379
alta-b050,jan-p10-t10k,5854,0.72523,0.72291,0.59819,-0.12472
alta-b050,jan-p10-t10k,8072,0.85282,0.84837,0.64529,-0.20308
alta-b050,jan-p10-t10k,10000,0.95000,0.94274,0.66128,-0.28146
alta-b050,jan-p10-t10k,11130,0.95000,0.94274,0.66651,-0.27623
alta-b050,jan-p10-t10k,15348,0.95000,0.94274,0.67179,-0.27095
alta-b050,jan-p10-t10k,21163,0.95000,0.94274,0.67231,-0.27043
alta-b050,jan-p10-t10k,29182,0.95000,0.94274,0.67233,-0.27041
alta-b050,jan-p10-t10k,40239,0.95000,0.94274,0.67233,-0.27041
alta-b050,jan-p10-t10k,55486,0.95000,0.94274,0.67233,-0.27041
alta-b050,jan-p10-t10k,76510,0.95000,0.94274,0.67233,-0.27041
alta-b050,jan-p10-t10k,105501,0.95000,0.94274,0.67233,-0.27041
alta-b050,jan-p10-t10k,145476,0.95000,0.94274,0.67233,-0.27041
alta-b050,jan-p10-t10k,200598,0.95000,0.94274,0.67233,-0.27041
alta-b050,jan-p10-t10k,276605,0.95000,0.94274,0.67233,-0.27041
alta-b050,jan-p10-t10k,381413,0.95000,0.94274,0.67233,-0.27041
alta-b050,jan-p10-t10k,525933,0.95000,0.94274,0.67233,-0.27041
alta-b050,jan-p10-t10k,725212,0.95000,0.94274,0.67233,-0.27041
alta-b050,jan-p10-t10k,1000000,0.95000,0.94274,0.67233,-0.27041
alta-b050,jan-p20-t10k,1,0.00478,0.00488,0.00487,-0.00001
alta-b050,jan-p20-t10k,2,0.00817,0.00824,0.00813,-0.00011
alta-b050,jan-p20-t10k,3,0.01093,0.01109,0.01091,-0.00017
alta-b050,jan-p20-t10k,4,0.01332,0.01353,0.01327,-0.00026
alta-b050,jan-p20-t10k,5,0.01546,0.01562,0.01524,-0.00037
alta-b050,jan-p20-t10k,7,0.01922,0.01924,0.01883,-0.00042
alta-b050,jan-p20-t10k,9,0.02251,0.02259,0.02222,-0.00037
alta-b050,jan-p20-t10k,10,0.02402,0.02411,0.02369,-0.00042
alta-b050,jan-p20-t10k,13,0.02818,0.02816,0.02786,-0.00030
alta-b050,jan-p20-t10k,18,0.03417,0.03424,0.03422,-0.00002
alta-b050,jan-p20-t10k,25,0.04134,0.04145,0.04147,0.00002
alta-b050,jan-p20-t10k,34,0.04922,0.04923,0.04931,0.00009
alta-b050,jan-p20-t10k,47,0.05897,0.05912,0.05915,0.00003
alta-b050,jan-p20-t10k,65,0.07046,0.07062,0.07040,-0.00022
alta-b050,jan-p20-t10k,90,0.08405,0.08414,0.08374,-0.00041
alta-b050,jan-p20-t10k,100,0.08895,0.08909,0.08886,-0.00023
alta-b050,jan-p20-t10k,124,0.09979,0.10000,0.10002,0.00001
alta-b050,jan-p20-t10k,171,0.11833,0.11870,0.11840,-0.00030
alta-b050,jan-p20-t10k,236,0.14018,0.14071,0.14053,-0.00018
alta-b050,jan-p20-t10k,325,0.16566,0.16632,0.16562,-0.00070
alta-b050,jan-p20-t10k,448,0.19568,0.19612,0.19504,-0.00108
alta-b050,jan-p20-t10k,618,0.23101,0.23159,0.22892,-0.00268
alta-b050,jan-p20-t10k,852,0.27242,0.27296,0.26804,-0.00492
alta-b050,jan-p20-t10k,1000,0.29571,0.29626,0.29003,-0.00623
alta-b050,jan-p20-t10k,1174,0.32097,0.32156,0.31348,-0.00808
alta-b050,jan-p20-t10k,1619,0.37812,0.37825,0.36480,-0.01344
alta-b050,jan-p20-t10k,2233,0.44527,0.44496,0.42514,-0.01982
alta-b050,jan-p20-t10k,3079,0.52406,0.52328,0.49480,-0.02848
alta-b050,jan-p20-t10k,4245,0.61655,0.61518,0.57173,-0.04344
alta-b050,jan-p20-t10k,5854,0.72523,0.72291,0.65522,-0.06768
alta-b050,jan-p20-t10k,8072,0.85282,0.84837,0.73335,-0.11503
alta-b050,jan-p20-t10k,10000,0.95000,0.94274,0.76540,-0.17734
alta-b050,jan-p20-t10k,11130,0.95000,0.94274,0.77402,-0.16872
alta-b050,jan-p20-t10k,15348,0.95000,0.94274,0.78343,-0.15931
alta-b050,jan-p20-t10k,21163,0.95000,0.94274,0.78409,-0.15865
alta-b050,jan-p20-t10k,29182,0.95000,0.94274,0.78411,-0.15863
alta-b050,jan-p20-t10k,40239,0.95000,0.94274,0.78411,-0.15863
alta-b050,jan-p20-t10k,55486,0.95000,0.94274,0.78411,-0.15863
alta-b050,jan-p20-t10k,76510,0.95000,0.94274,0.78411,-0.15863
alta-b050,jan-p20-t10k,105501,0.95000,0.94274,0.78411,-0.15863
alta-b050,jan-p20-t10k,145476,0.95000,0.94274,0.78411,-0.15863
alta-b050,jan-p20-t10k,200598,0.95000,0.94274,0.78411,-0.15863
alta-b050,jan-p20-t10k,276605,0.95000,0.94274,0.78411,-0.15863
alta-b050,jan-p20-t10k,381413,0.95000,0.94274,0.78411,-0.15863
alta-b050,jan-p20-t10k,525933,0.95000,0.94274,0.78411,-0.15863
alta-b050,jan-p20-t10k,725212,0.95000,0.94274,0.78411,-0.15863
alta-b050,jan-p20-t10k,1000000,0.95000,0.94274,0.78411,-0.15863
