cenario,amostra,d,P(d<x)_completa,P(d<x)_amostra
baixa-b150,completa,1,0.38639,0.38639
baixa-b150,completa,2,0.52247,0.52247
baixa-b150,completa,3,0.59688,0.59688
baixa-b150,completa,4,0.64492,0.64492
baixa-b150,completa,5,0.67959,0.67959
baixa-b150,completa,7,0.72644,0.72644
baixa-b150,completa,9,0.75771,0.75771
baixa-b150,completa,10,0.77012,0.77012
baixa-b150,completa,13,0.79794,0.79794
baixa-b150,completa,18,0.82853,0.82853
baixa-b150,completa,25,0.85530,0.85530
baixa-b150,completa,34,0.87687,0.87687
baixa-b150,completa,47,0.89630,0.89630
baixa-b150,completa,65,0.91290,0.91290
baixa-b150,completa,90,0.92709,0.92709
baixa-b150,completa,100,0.93130,0.93130
baixa-b150,completa,124,0.93933,0.93933
baixa-b150,completa,171,0.94980,0.94980
baixa-b150,completa,236,0.95859,0.95859
baixa-b150,completa,325,0.96589,0.96589
baixa-b150,completa,448,0.97219,0.97219
baixa-b150,completa,618,0.97741,0.97741
baixa-b150,completa,852,0.98193,0.98193
baixa-b150,completa,1000,0.98399,0.98399
baixa-b150,completa,1174,0.98588,0.98588
baixa-b150,completa,1619,0.98917,0.98917
baixa-b150,completa,2233,0.99195,0.99195
baixa-b150,completa,3079,0.99434,0.99434
baixa-b150,completa,4245,0.99630,0.99630
baixa-b150,completa,5854,0.99799,0.99799
baixa-b150,completa,8072,0.99933,0.99933
baixa-b150,completa,10000,1.00000,1.00000
baixa-b150,completa,11130,1.00000,1.00000
baixa-b150,completa,15348,1.00000,1.00000
baixa-b150,completa,21163,1.00000,1.00000
baixa-b150,completa,29182,1.00000,1.00000
baixa-b150,completa,40239,1.00000,1.00000
baixa-b150,completa,55486,1.00000,1.00000
baixa-b150,completa,76510,1.00000,1.00000
baixa-b150,completa,105501,1.00000,1.00000
baixa-b150,completa,145476,1.00000,1.00000
baixa-b150,completa,200598,1.00000,1.00000
baixa-b150,completa,276605,1.00000,1.00000
baixa-b150,completa,381413,1.00000,1.00000
baixa-b150,completa,525933,1.00000,1.00000
baixa-b150,completa,725212,1.00000,1.00000
baixa-b150,completa,1000000,1.00000,1.00000
baixa-b150,sis-p01,1,0.38639,0.10632
baixa-b150,sis-p01,2,0.52247,0.15302
baixa-b150,sis-p01,3,0.59688,0.18966
baixa-b150,sis-p01,4,0.64492,0.22701
baixa-b150,sis-p01,5,0.67959,0.25647
baixa-b150,sis-p01,7,0.72644,0.29813
baixa-b150,sis-p01,9,0.75771,0.32902
baixa-b150,sis-p01,10,0.77012,0.34626
baixa-b150,sis-p01,13,0.79794,0.38003
baixa-b150,sis-p01,18,0.82853,0.42457
baixa-b150,sis-p01,25,0.85530,0.46624
baixa-b150,sis-p01,34,0.87687,0.51221
baixa-b150,sis-p01,47,0.89630,0.56537
baixa-b150,sis-p01,65,0.91290,0.60991
baixa-b150,sis-p01,90,0.92709,0.66164
baixa-b150,sis-p01,100,0.93130,0.67744
baixa-b150,sis-p01,124,0.93933,0.70833
baixa-b150,sis-p01,171,0.94980,0.75790
baixa-b150,sis-p01,236,0.95859,0.80244
baixa-b150,sis-p01,325,0.96589,0.84483
baixa-b150,sis-p01,448,0.97219,0.88147
baixa-b150,sis-p01,618,0.97741,0.91020
baixa-b150,sis-p01,852,0.98193,0.94540
baixa-b150,sis-p01,1000,0.98399,0.95977
baixa-b150,sis-p01,1174,0.98588,0.97414
baixa-b150,sis-p01,1619,0.98917,0.99353
baixa-b150,sis-p01,2233,0.99195,0.99928
baixa-b150,sis-p01,3079,0.99434,1.00000
baixa-b150,sis-p01,4245,0.99630,1.00000
baixa-b150,sis-p01,5854,0.99799,1.00000
baixa-b150,sis-p01,8072,0.99933,1.00000
baixa-b150,sis-p01,10000,1.00000,1.00000
baixa-b150,sis-p01,11130,1.00000,1.00000
baixa-b150,sis-p01,15348,1.00000,1.00000
baixa-b150,sis-p01,21163,1.00000,1.00000
baixa-b150,sis-p01,29182,1.00000,1.00000
baixa-b150,sis-p01,40239,1.00000,1.00000
baixa-b150,sis-p01,55486,1.00000,1.00000
baixa-b150,sis-p01,76510,1.00000,1.00000
baixa-b150,sis-p01,105501,1.00000,1.00000
baixa-b150,sis-p01,145476,1.00000,1.00000
baixa-b150,sis-p01,200598,1.00000,1.00000
baixa-b150,sis-p01,276605,1.00000,1.00000
baixa-b150,sis-p01,381413,1.00000,1.00000
baixa-b150,sis-p01,525933,1.00000,1.00000
baixa-b150,sis-p01,725212,1.00000,1.00000
baixa-b150,sis-p01,1000000,1.00000,1.00000
baixa-b150,sis-p10,1,0.38639,0.11326
baixa-b150,sis-p10,2,0.52247,0.17672
baixa-b150,sis-p10,3,0.59688,0.22106
baixa-b150,sis-p10,4,0.64492,0.25666
baixa-b150,sis-p10,5,0.67959,0.28499
baixa-b150,sis-p10,7,0.72644,0.33159
baixa-b150,sis-p10,9,0.75771,0.36564
baixa-b150,sis-p10,10,0.77012,0.38125
baixa-b150,sis-p10,13,0.79794,0.41909
baixa-b150,sis-p10,18,0.82853,0.46549
baixa-b150,sis-p10,25,0.85530,0.51258
baixa-b150,sis-p10,34,0.87687,0.55625
baixa-b150,sis-p10,47,0.89630,0.59969
baixa-b150,sis-p10,65,0.91290,0.64451
baixa-b150,sis-p10,90,0.92709,0.68771
baixa-b150,sis-p10,100,0.93130,0.70125
baixa-b150,sis-p10,124,0.93933,0.72759
baixa-b150,sis-p10,171,0.94980,0.76452
baixa-b150,sis-p10,236,0.95859,0.79771
baixa-b150,sis-p10,325,0.96589,0.82764
baixa-b150,sis-p10,448,0.97219,0.85582
baixa-b150,sis-p10,618,0.97741,0.88213
baixa-b150,sis-p10,852,0.98193,0.90564
baixa-b150,sis-p10,1000,0.98399,0.91642
baixa-b150,sis-p10,1174,0.98588,0.92686
baixa-b150,sis-p10,1619,0.98917,0.94390
baixa-b150,sis-p10,2233,0.99195,0.96015
baixa-b150,sis-p10,3079,0.99434,0.97364
baixa-b150,sis-p10,4245,0.99630,0.98567
baixa-b150,sis-p10,5854,0.99799,0.99500
baixa-b150,sis-p10,8072,0.99933,0.99953
baixa-b150,sis-p10,10000,1.00000,0.99992
baixa-b150,sis-p10,11130,1.00000,0.99994
baixa-b150,sis-p10,15348,1.00000,1.00000
baixa-b150,sis-p10,21163,1.00000,1.00000
baixa-b150,sis-p10,29182,1.00000,1.00000
baixa-b150,sis-p10,40239,1.00000,1.00000
baixa-b150,sis-p10,55486,1.00000,1.00000
baixa-b150,sis-p10,76510,1.00000,1.00000
baixa-b150,sis-p10,105501,1.00000,1.00000
baixa-b150,sis-p10,145476,1.00000,1.00000
baixa-b150,sis-p10,200598,1.00000,1.00000
baixa-b150,sis-p10,276605,1.00000,1.00000
baixa-b150,sis-p10,381413,1.00000,1.00000
baixa-b150,sis-p10,525933,1.00000,1.00000
baixa-b150,sis-p10,725212,1.00000,1.00000
baixa-b150,sis-p10,1000000,1.00000,1.00000
baixa-b150,sis-p20,1,0.38639,0.14515
baixa-b150,sis-p20,2,0.52247,0.22865
baixa-b150,sis-p20,3,0.59688,0.28507
baixa-b150,sis-p20,4,0.64492,0.32721
baixa-b150,sis-p20,5,0.67959,0.36020
baixa-b150,sis-p20,7,0.72644,0.41196
baixa-b150,sis-p20,9,0.75771,0.45192
baixa-b150,sis-p20,10,0.77012,0.46785
baixa-b150,sis-p20,13,0.79794,0.50839
baixa-b150,sis-p20,18,0.82853,0.55737
baixa-b150,sis-p20,25,0.85530,0.60403
baixa-b150,sis-p20,34,0.87687,0.64595
baixa-b150,sis-p20,47,0.89630,0.68820
baixa-b150,sis-p20,65,0.91290,0.72734
baixa-b150,sis-p20,90,0.92709,0.76424
baixa-b150,sis-p20,100,0.93130,0.77574
baixa-b150,sis-p20,124,0.93933,0.79758
baixa-b150,sis-p20,171,0.94980,0.82755
baixa-b150,sis-p20,236,0.95859,0.85371
baixa-b150,sis-p20,325,0.96589,0.87728
baixa-b150,sis-p20,448,0.97219,0.89787
baixa-b150,sis-p20,618,0.97741,0.91642
baixa-b150,sis-p20,852,0.98193,0.93299
baixa-b150,sis-p20,1000,0.98399,0.94025
baixa-b150,sis-p20,1174,0.98588,0.94727
baixa-b150,sis-p20,1619,0.98917,0.95977
baixa-b150,sis-p20,2233,0.99195,0.97032
baixa-b150,sis-p20,3079,0.99434,0.97947
baixa-b150,sis-p20,4245,0.99630,0.98761
baixa-b150,sis-p20,5854,0.99799,0.99421
baixa-b150,sis-p20,8072,0.99933,0.99903
baixa-b150,sis-p20,10000,1.00000,0.99991
baixa-b150,sis-p20,11130,1.00000,0.99994
baixa-b150,sis-p20,15348,1.00000,1.00000
baixa-b150,sis-p20,21163,1.00000,1.00000
baixa-b150,sis-p20,29182,1.00000,1.00000
baixa-b150,sis-p20,40239,1.00000,1.00000
baixa-b150,sis-p20,55486,1.00000,1.00000
baixa-b150,sis-p20,76510,1.00000,1.00000
baixa-b150,sis-p20,105501,1.00000,1.00000
baixa-b150,sis-p20,145476,1.00000,1.00000
baixa-b150,sis-p20,200598,1.00000,1.00000
baixa-b150,sis-p20,276605,1.00000,1.00000
baixa-b150,sis-p20,381413,1.00000,1.00000
baixa-b150,sis-p20,525933,1.00000,1.00000
baixa-b150,sis-p20,725212,1.00000,1.00000
baixa-b150,sis-p20,1000000,1.00000,1.00000
baixa-b150,jan-p01-t1k,1,0.38639,0.42116
baixa-b150,jan-p01-t1k,2,0.52247,0.56977
baixa-b150,jan-p01-t1k,3,0.59688,0.65105
baixa-b150,jan-p01-t1k,4,0.64492,0.70279
baixa-b150,jan-p01-t1k,5,0.67959,0.74209
baixa-b150,jan-p01-t1k,7,0.72644,0.79291
baixa-b150,jan-p01-t1k,9,0.75771,0.82872
baixa-b150,jan-p01-t1k,10,0.77012,0.84419
baixa-b150,jan-p01-t1k,13,0.79794,0.87221
baixa-b150,jan-p01-t1k,18,0.82853,0.90384
baixa-b150,jan-p01-t1k,25,0.85530,0.93151
baixa-b150,jan-p01-t1k,34,0.87687,0.95488
baixa-b150,jan-p01-t1k,47,0.89630,0.97337
baixa-b150,jan-p01-t1k,65,0.91290,0.98570
baixa-b150,jan-p01-t1k,90,0.92709,0.99419
baixa-b150,jan-p01-t1k,100,0.93130,0.99721
baixa-b150,jan-p01-t1k,124,0.93933,0.99953
baixa-b150,jan-p01-t1k,171,0.94980,0.99977
baixa-b150,jan-p01-t1k,236,0.95859,1.00000
baixa-b150,jan-p01-t1k,325,0.96589,1.00000
baixa-b150,jan-p01-t1k,448,0.97219,1.00000
baixa-b150,jan-p01-t1k,618,0.97741,1.00000
baixa-b150,jan-p01-t1k,852,0.98193,1.00000
baixa-b150,jan-p01-t1k,1000,0.98399,1.00000
baixa-b150,jan-p01-t1k,1174,0.98588,1.00000
baixa-b150,jan-p01-t1k,1619,0.98917,1.00000
baixa-b150,jan-p01-t1k,2233,0.99195,1.00000
baixa-b150,jan-p01-t1k,3079,0.99434,1.00000
baixa-b150,jan-p01-t1k,4245,0.99630,1.00000
baixa-b150,jan-p01-t1k,5854,0.99799,1.00000
baixa-b150,jan-p01-t1k,8072,0.99933,1.00000
baixa-b150,jan-p01-t1k,10000,1.00000,1.00000
baixa-b150,jan-p01-t1k,11130,1.00000,1.00000
baixa-b150,jan-p01-t1k,15348,1.00000,1.00000
baixa-b150,jan-p01-t1k,21163,1.00000,1.00000
baixa-b150,jan-p01-t1k,29182,1.00000,1.00000
baixa-b150,jan-p01-t1k,40239,1.00000,1.00000
baixa-b150,jan-p01-t1k,55486,1.00000,1.00000
baixa-b150,jan-p01-t1k,76510,1.00000,1.00000
baixa-b150,jan-p01-t1k,105501,1.00000,1.00000
baixa-b150,jan-p01-t1k,145476,1.00000,1.00000
baixa-b150,jan-p01-t1k,200598,1.00000,1.00000
baixa-b150,jan-p01-t1k,276605,1.00000,1.00000
baixa-b150,jan-p01-t1k,381413,1.00000,1.00000
baixa-b150,jan-p01-t1k,525933,1.00000,1.00000
baixa-b150,jan-p01-t1k,725212,1.00000,1.00000
baixa-b150,jan-p01-t1k,1000000,1.00000,1.00000
baixa-b150,jan-p10-t1k,1,0.38639,0.41956
baixa-b150,jan-p10-t1k,2,0.52247,0.56548
baixa-b150,jan-p10-t1k,3,0.59688,0.64748
baixa-b150,jan-p10-t1k,4,0.64492,0.69903
baixa-b150,jan-p10-t1k,5,0.67959,0.73686
baixa-b150,jan-p10-t1k,7,0.72644,0.78649
baixa-b150,jan-p10-t1k,9,0.75771,0.81972
baixa-b150,jan-p10-t1k,10,0.77012,0.83351
baixa-b150,jan-p10-t1k,13,0.79794,0.86209
baixa-b150,jan-p10-t1k,18,0.82853,0.89394
baixa-b150,jan-p10-t1k,25,0.85530,0.92122
baixa-b150,jan-p10-t1k,34,0.87687,0.94201
baixa-b150,jan-p10-t1k,47,0.89630,0.95900
baixa-b150,jan-p10-t1k,65,0.91290,0.97184
baixa-b150,jan-p10-t1k,90,0.92709,0.98101
baixa-b150,jan-p10-t1k,100,0.93130,0.98346
baixa-b150,jan-p10-t1k,124,0.93933,0.98658
baixa-b150,jan-p10-t1k,171,0.94980,0.98865
baixa-b150,jan-p10-t1k,236,0.95859,0.99040
baixa-b150,jan-p10-t1k,325,0.96589,0.99222
baixa-b150,jan-p10-t1k,448,0.97219,0.99395
baixa-b150,jan-p10-t1k,618,0.97741,0.99529
baixa-b150,jan-p10-t1k,852,0.98193,0.99646
baixa-b150,jan-p10-t1k,1000,0.98399,0.99717
baixa-b150,jan-p10-t1k,1174,0.98588,0.99772
baixa-b150,jan-p10-t1k,1619,0.98917,0.99867
baixa-b150,jan-p10-t1k,2233,0.99195,0.99955
baixa-b150,jan-p10-t1k,3079,0.99434,0.99989
baixa-b150,jan-p10-t1k,4245,0.99630,1.00000
baixa-b150,jan-p10-t1k,5854,0.99799,1.00000
baixa-b150,jan-p10-t1k,8072,0.99933,1.00000
baixa-b150,jan-p10-t1k,10000,1.00000,1.00000
baixa-b150,jan-p10-t1k,11130,1.00000,1.00000
baixa-b150,jan-p10-t1k,15348,1.00000,1.00000
baixa-b150,jan-p10-t1k,21163,1.00000,1.00000
baixa-b150,jan-p10-t1k,29182,1.00000,1.00000
baixa-b150,jan-p10-t1k,40239,1.00000,1.00000
baixa-b150,jan-p10-t1k,55486,1.00000,1.00000
baixa-b150,jan-p10-t1k,76510,1.00000,1.00000
baixa-b150,jan-p10-t1k,105501,1.00000,1.00000
baixa-b150,jan-p10-t1k,145476,1.00000,1.00000
baixa-b150,jan-p10-t1k,200598,1.00000,1.00000
baixa-b150,jan-p10-t1k,276605,1.00000,1.00000
baixa-b150,jan-p10-t1k,381413,1.00000,1.00000
baixa-b150,jan-p10-t1k,525933,1.00000,1.00000
baixa-b150,jan-p10-t1k,725212,1.00000,1.00000
baixa-b150,jan-p10-t1k,1000000,1.00000,1.00000
baixa-b150,jan-p20-t1k,1,0.38639,0.41132
baixa-b150,jan-p20-t1k,2,0.52247,0.55604
baixa-b150,jan-p20-t1k,3,0.59688,0.63600
baixa-b150,jan-p20-t1k,4,0.64492,0.68734
baixa-b150,jan-p20-t1k,5,0.67959,0.72441
baixa-b150,jan-p20-t1k,7,0.72644,0.77353
baixa-b150,jan-p20-t1k,9,0.75771,0.80632
baixa-b150,jan-p20-t1k,10,0.77012,0.81989
baixa-b150,jan-p20-t1k,13,0.79794,0.84804
baixa-b150,jan-p20-t1k,18,0.82853,0.87930
baixa-b150,jan-p20-t1k,25,0.85530,0.90546
baixa-b150,jan-p20-t1k,34,0.87687,0.92604
baixa-b150,jan-p20-t1k,47,0.89630,0.94323
baixa-b150,jan-p20-t1k,65,0.91290,0.95639
baixa-b150,jan-p20-t1k,90,0.92709,0.96609
baixa-b150,jan-p20-t1k,100,0.93130,0.96879
baixa-b150,jan-p20-t1k,124,0.93933,0.97252
baixa-b150,jan-p20-t1k,171,0.94980,0.97621
baixa-b150,jan-p20-t1k,236,0.95859,0.97991
baixa-b150,jan-p20-t1k,325,0.96589,0.98292
baixa-b150,jan-p20-t1k,448,0.97219,0.98600
baixa-b150,jan-p20-t1k,618,0.97741,0.98863
baixa-b150,jan-p20-t1k,852,0.98193,0.99104
baixa-b150,jan-p20-t1k,1000,0.98399,0.99219
baixa-b150,jan-p20-t1k,1174,0.98588,0.99327
baixa-b150,jan-p20-t1k,1619,0.98917,0.99526
baixa-b150,jan-p20-t1k,2233,0.99195,0.99697
baixa-b150,jan-p20-t1k,3079,0.99434,0.99850
baixa-b150,jan-p20-t1k,4245,0.99630,0.99964
baixa-b150,jan-p20-t1k,5854,0.99799,0.99994
baixa-b150,jan-p20-t1k,8072,0.99933,1.00000
baixa-b150,jan-p20-t1k,10000,1.00000,1.00000
baixa-b150,jan-p20-t1k,11130,1.00000,1.00000
baixa-b150,jan-p20-t1k,15348,1.00000,1.00000
baixa-b150,jan-p20-t1k,21163,1.00000,1.00000
baixa-b150,jan-p20-t1k,29182,1.00000,1.00000
baixa-b150,jan-p20-t1k,40239,1.00000,1.00000
baixa-b150,jan-p20-t1k,55486,1.00000,1.00000
baixa-b150,jan-p20-t1k,76510,1.00000,1.00000
baixa-b150,jan-p20-t1k,105501,1.00000,1.00000
baixa-b150,jan-p20-t1k,145476,1.00000,1.00000
baixa-b150,jan-p20-t1k,200598,1.00000,1.00000
baixa-b150,jan-p20-t1k,276605,1.00000,1.00000
baixa-b150,jan-p20-t1k,381413,1.00000,1.00000
baixa-b150,jan-p20-t1k,525933,1.00000,1.00000
baixa-b150,jan-p20-t1k,725212,1.00000,1.00000
baixa-b150,jan-p20-t1k,1000000,1.00000,1.00000
baixa-b150,jan-p01-t10k,1,0.38639,0.39788
baixa-b150,jan-p01-t10k,2,0.52247,0.53966
baixa-b150,jan-p01-t10k,3,0.59688,0.61667
baixa-b150,jan-p01-t10k,4,0.64492,0.66831
baixa-b150,jan-p01-t10k,5,0.67959,0.70167
baixa-b150,jan-p01-t10k,7,0.72644,0.74882
baixa-b150,jan-p01-t10k,9,0.75771,0.78131
baixa-b150,jan-p01-t10k,10,0.77012,0.79368
baixa-b150,jan-p01-t10k,13,0.79794,0.82223
baixa-b150,jan-p01-t10k,18,0.82853,0.85177
baixa-b150,jan-p01-t10k,25,0.85530,0.87955
baixa-b150,jan-p01-t10k,34,0.87687,0.90198
baixa-b150,jan-p01-t10k,47,0.89630,0.91948
baixa-b150,jan-p01-t10k,65,0.91290,0.93710
baixa-b150,jan-p01-t10k,90,0.92709,0.95394
baixa-b150,jan-p01-t10k,100,0.93130,0.95854
baixa-b150,jan-p01-t10k,124,0.93933,0.96762
baixa-b150,jan-p01-t10k,171,0.94980,0.97790
baixa-b150,jan-p01-t10k,236,0.95859,0.98611
baixa-b150,jan-p01-t10k,325,0.96589,0.99180
baixa-b150,jan-p01-t10k,448,0.97219,0.99639
baixa-b150,jan-p01-t10k,618,0.97741,0.99912
baixa-b150,jan-p01-t10k,852,0.98193,1.00000
baixa-b150,jan-p01-t10k,1000,0.98399,1.00000
baixa-b150,jan-p01-t10k,1174,0.98588,1.00000
baixa-b150,jan-p01-t10k,1619,0.98917,1.00000
baixa-b150,jan-p01-t10k,2233,0.99195,1.00000
baixa-b150,jan-p01-t10k,3079,0.99434,1.00000
baixa-b150,jan-p01-t10k,4245,0.99630,1.00000
baixa-b150,jan-p01-t10k,5854,0.99799,1.00000
baixa-b150,jan-p01-t10k,8072,0.99933,1.00000
baixa-b150,jan-p01-t10k,10000,1.00000,1.00000
baixa-b150,jan-p01-t10k,11130,1.00000,1.00000
baixa-b150,jan-p01-t10k,15348,1.00000,1.00000
baixa-b150,jan-p01-t10k,21163,1.00000,1.00000
baixa-b150,jan-p01-t10k,29182,1.00000,1.00000
baixa-b150,jan-p01-t10k,40239,1.00000,1.00000
baixa-b150,jan-p01-t10k,55486,1.00000,1.00000
baixa-b150,jan-p01-t10k,76510,1.00000,1.00000
baixa-b150,jan-p01-t10k,105501,1.00000,1.00000
baixa-b150,jan-p01-t10k,145476,1.00000,1.00000
baixa-b150,jan-p01-t10k,200598,1.00000,1.00000
baixa-b150,jan-p01-t10k,276605,1.00000,1.00000
baixa-b150,jan-p01-t10k,381413,1.00000,1.00000
baixa-b150,jan-p01-t10k,525933,1.00000,1.00000
baixa-b150,jan-p01-t10k,725212,1.00000,1.00000
baixa-b150,jan-p01-t10k,1000000,1.00000,1.00000
baixa-b150,jan-p10-t10k,1,0.38639,0.40038
baixa-b150,jan-p10-t10k,2,0.52247,0.54050
baixa-b150,jan-p10-t10k,3,0.59688,0.61690
baixa-b150,jan-p10-t10k,4,0.64492,0.66712
baixa-b150,jan-p10-t10k,5,0.67959,0.70193
baixa-b150,jan-p10-t10k,7,0.72644,0.75038
baixa-b150,jan-p10-t10k,9,0.75771,0.78318
baixa-b150,jan-p10-t10k,10,0.77012,0.79554
baixa-b150,jan-p10-t10k,13,0.79794,0.82351
baixa-b150,jan-p10-t10k,18,0.82853,0.85560
baixa-b150,jan-p10-t10k,25,0.85530,0.88281
baixa-b150,jan-p10-t10k,34,0.87687,0.90489
baixa-b150,jan-p10-t10k,47,0.89630,0.92415
baixa-b150,jan-p10-t10k,65,0.91290,0.94073
baixa-b150,jan-p10-t10k,90,0.92709,0.95511
baixa-b150,jan-p10-t10k,100,0.93130,0.95946
baixa-b150,jan-p10-t10k,124,0.93933,0.96753
baixa-b150,jan-p10-t10k,171,0.94980,0.97757
baixa-b150,jan-p10-t10k,236,0.95859,0.98511
baixa-b150,jan-p10-t10k,325,0.96589,0.99110
baixa-b150,jan-p10-t10k,448,0.97219,0.99540
baixa-b150,jan-p10-t10k,618,0.97741,0.99802
baixa-b150,jan-p10-t10k,852,0.98193,0.99926
baixa-b150,jan-p10-t10k,1000,0.98399,0.99947
baixa-b150,jan-p10-t10k,1174,0.98588,0.99962
baixa-b150,jan-p10-t10k,1619,0.98917,0.99989
baixa-b150,jan-p10-t10k,2233,0.99195,0.99995
baixa-b150,jan-p10-t10k,3079,0.99434,1.00000
baixa-b150,jan-p10-t10k,4245,0.99630,1.00000
baixa-b150,jan-p10-t10k,5854,0.99799,1.00000
baixa-b150,jan-p10-t10k,8072,0.99933,1.00000
baixa-b150,jan-p10-t10k,10000,1.00000,1.00000
baixa-b150,jan-p10-t10k,11130,1.00000,1.00000
baixa-b150,jan-p10-t10k,15348,1.00000,1.00000
baixa-b150,jan-p10-t10k,21163,1.00000,1.00000
baixa-b150,jan-p10-t10k,29182,1.00000,1.00000
baixa-b150,jan-p10-t10k,40239,1.00000,1.00000
baixa-b150,jan-p10-t10k,55486,1.00000,1.00000
baixa-b150,jan-p10-t10k,76510,1.00000,1.00000
baixa-b150,jan-p10-t10k,105501,1.00000,1.00000
baixa-b150,jan-p10-t10k,145476,1.00000,1.00000
baixa-b150,jan-p10-t10k,200598,1.00000,1.00000
baixa-b150,jan-p10-t10k,276605,1.00000,1.00000
baixa-b150,jan-p10-t10k,381413,1.00000,1.00000
baixa-b150,jan-p10-t10k,525933,1.00000,1.00000
baixa-b150,jan-p10-t10k,725212,1.00000,1.00000
baixa-b150,jan-p10-t10k,1000000,1.00000,1.00000
baixa-b150,jan-p20-t10k,1,0.38639,0.39847
baixa-b150,jan-p20-t10k,2,0.52247,0.53868
baixa-b150,jan-p20-t10k,3,0.59688,0.61562
baixa-b150,jan-p20-t10k,4,0.64492,0.66537
baixa-b150,jan-p20-t10k,5,0.67959,0.70033
baixa-b150,jan-p20-t10k,7,0.72644,0.74879
baixa-b150,jan-p20-t10k,9,0.75771,0.78102
baixa-b150,jan-p20-t10k,10,0.77012,0.79367
baixa-b150,jan-p20-t10k,13,0.79794,0.82173
baixa-b150,jan-p20-t10k,18,0.82853,0.85297
baixa-b150,jan-p20-t10k,25,0.85530,0.88028
baixa-b150,jan-p20-t10k,34,0.87687,0.90214
baixa-b150,jan-p20-t10k,47,0.89630,0.92157
baixa-b150,jan-p20-t10k,65,0.91290,0.93806
baixa-b150,jan-p20-t10k,90,0.92709,0.95239
baixa-b150,jan-p20-t10k,100,0.93130,0.95674
baixa-b150,jan-p20-t10k,124,0.93933,0.96461
baixa-b150,jan-p20-t10k,171,0.94980,0.97446
baixa-b150,jan-p20-t10k,236,0.95859,0.98214
baixa-b150,jan-p20-t10k,325,0.96589,0.98794
baixa-b150,jan-p20-t10k,448,0.97219,0.99235
baixa-b150,jan-p20-t10k,618,0.97741,0.99533
baixa-b150,jan-p20-t10k,852,0.98193,0.99682
baixa-b150,jan-p20-t10k,1000,0.98399,0.99728
baixa-b150,jan-p20-t10k,1174,0.98588,0.99775
baixa-b150,jan-p20-t10k,1619,0.98917,0.99864
baixa-b150,jan-p20-t10k,2233,0.99195,0.99938
baixa-b150,jan-p20-t10k,3079,0.99434,0.99983
baixa-b150,jan-p20-t10k,4245,0.99630,0.99997
baixa-b150,jan-p20-t10k,5854,0.99799,1.00000
baixa-b150,jan-p20-t10k,8072,0.99933,1.00000
baixa-b150,jan-p20-t10k,10000,1.00000,1.00000
baixa-b150,jan-p20-t10k,11130,1.00000,1.00000
baixa-b150,jan-p20-t10k,15348,1.00000,1.00000
baixa-b150,jan-p20-t10k,21163,1.00000,1.00000
baixa-b150,jan-p20-t10k,29182,1.00000,1.00000
baixa-b150,jan-p20-t10k,40239,1.00000,1.00000
baixa-b150,jan-p20-t10k,55486,1.00000,1.00000
baixa-b150,jan-p20-t10k,76510,1.00000,1.00000
baixa-b150,jan-p20-t10k,105501,1.00000,1.00000
baixa-b150,jan-p20-t10k,145476,1.00000,1.00000
baixa-b150,jan-p20-t10k,200598,1.00000,1.00000
baixa-b150,jan-p20-t10k,276605,1.00000,1.00000
baixa-b150,jan-p20-t10k,381413,1.00000,1.00000
baixa-b150,jan-p20-t10k,525933,1.00000,1.00000
baixa-b150,jan-p20-t10k,725212,1.00000,1.00000
baixa-b150,jan-p20-t10k,1000000,1.00000,1.00000
media-b100,completa,1,0.10282,0.10282
media-b100,completa,2,0.15474,0.15474
media-b100,completa,3,0.18897,0.18897
media-b100,completa,4,0.21448,0.21448
media-b100,completa,5,0.23509,0.23509
media-b100,completa,7,0.26685,0.26685
media-b100,completa,9,0.29122,0.29122
media-b100,completa,10,0.30157,0.30157
media-b100,completa,13,0.32736,0.32736
media-b100,completa,18,0.35964,0.35964
media-b100,completa,25,0.39229,0.39229
media-b100,completa,34,0.42345,0.42345
media-b100,completa,47,0.45600,0.45600
media-b100,completa,65,0.48894,0.48894
media-b100,completa,90,0.52209,0.52209
media-b100,completa,100,0.53275,0.53275
media-b100,completa,124,0.55467,0.55467
media-b100,completa,171,0.58790,0.58790
media-b100,completa,236,0.62044,0.62044
media-b100,completa,325,0.65331,0.65331
media-b100,completa,448,0.68632,0.68632
media-b100,completa,618,0.71924,0.71924
media-b100,completa,852,0.75179,0.75179
media-b100,completa,1000,0.76852,0.76852
media-b100,completa,1174,0.78494,0.78494
media-b100,completa,1619,0.81745,0.81745
media-b100,completa,2233,0.85037,0.85037
media-b100,completa,3079,0.88325,0.88325
media-b100,completa,4245,0.91573,0.91573
media-b100,completa,5854,0.94827,0.94827
media-b100,completa,8072,0.97944,0.97944
media-b100,completa,10000,1.00000,1.00000
media-b100,completa,11130,1.00000,1.00000
media-b100,completa,15348,1.00000,1.00000
media-b100,completa,21163,1.00000,1.00000
media-b100,completa,29182,1.00000,1.00000
media-b100,completa,40239,1.00000,1.00000
media-b100,completa,55486,1.00000,1.00000
media-b100,completa,76510,1.00000,1.00000
media-b100,completa,105501,1.00000,1.00000
media-b100,completa,145476,1.00000,1.00000
media-b100,completa,200598,1.00000,1.00000
media-b100,completa,276605,1.00000,1.00000
media-b100,completa,381413,1.00000,1.00000
media-b100,completa,525933,1.00000,1.00000
media-b100,completa,725212,1.00000,1.00000
media-b100,completa,1000000,1.00000,1.00000
media-b100,sis-p01,1,0.10282,0.01919
media-b100,sis-p01,2,0.15474,0.02772
media-b100,sis-p01,3,0.18897,0.03198
media-b100,sis-p01,4,0.21448,0.03767
media-b100,sis-p01,5,0.23509,0.04691
media-b100,sis-p01,7,0.26685,0.05259
media-b100,sis-p01,9,0.29122,0.06041
media-b100,sis-p01,10,0.30157,0.06610
media-b100,sis-p01,13,0.32736,0.07036
media-b100,sis-p01,18,0.35964,0.08458
media-b100,sis-p01,25,0.39229,0.09950
media-b100,sis-p01,34,0.42345,0.12082
media-b100,sis-p01,47,0.45600,0.13646
media-b100,sis-p01,65,0.48894,0.16418
media-b100,sis-p01,90,0.52209,0.19687
media-b100,sis-p01,100,0.53275,0.20896
media-b100,sis-p01,124,0.55467,0.23454
media-b100,sis-p01,171,0.58790,0.28074
media-b100,sis-p01,236,0.62044,0.32196
media-b100,sis-p01,325,0.65331,0.37882
media-b100,sis-p01,448,0.68632,0.44847
media-b100,sis-p01,618,0.71924,0.53234
media-b100,sis-p01,852,0.75179,0.63966
media-b100,sis-p01,1000,0.76852,0.69652
media-b100,sis-p01,1174,0.78494,0.75267
media-b100,sis-p01,1619,0.81745,0.84861
media-b100,sis-p01,2233,0.85037,0.92893
media-b100,sis-p01,3079,0.88325,0.97441
media-b100,sis-p01,4245,0.91573,0.99502
media-b100,sis-p01,5854,0.94827,1.00000
media-b100,sis-p01,8072,0.97944,1.00000
media-b100,sis-p01,10000,1.00000,1.00000
media-b100,sis-p01,11130,1.00000,1.00000
media-b100,sis-p01,15348,1.00000,1.00000
media-b100,sis-p01,21163,1.00000,1.00000
media-b100,sis-p01,29182,1.00000,1.00000
media-b100,sis-p01,40239,1.00000,1.00000
media-b100,sis-p01,55486,1.00000,1.00000
media-b100,sis-p01,76510,1.00000,1.00000
media-b100,sis-p01,105501,1.00000,1.00000
media-b100,sis-p01,145476,1.00000,1.00000
media-b100,sis-p01,200598,1.00000,1.00000
media-b100,sis-p01,276605,1.00000,1.00000
media-b100,sis-p01,381413,1.00000,1.00000
media-b100,sis-p01,525933,1.00000,1.00000
media-b100,sis-p01,725212,1.00000,1.00000
media-b100,sis-p01,1000000,1.00000,1.00000
media-b100,sis-p10,1,0.10282,0.02317
media-b100,sis-p10,2,0.15474,0.03619
media-b100,sis-p10,3,0.18897,0.04613
media-b100,sis-p10,4,0.21448,0.05437
media-b100,sis-p10,5,0.23509,0.06096
media-b100,sis-p10,7,0.26685,0.07148
media-b100,sis-p10,9,0.29122,0.07983
media-b100,sis-p10,10,0.30157,0.08442
media-b100,sis-p10,13,0.32736,0.09511
media-b100,sis-p10,18,0.35964,0.10787
media-b100,sis-p10,25,0.39229,0.12354
media-b100,sis-p10,34,0.42345,0.13891
media-b100,sis-p10,47,0.45600,0.15724
media-b100,sis-p10,65,0.48894,0.17705
media-b100,sis-p10,90,0.52209,0.19833
media-b100,sis-p10,100,0.53275,0.20611
media-b100,sis-p10,124,0.55467,0.22317
media-b100,sis-p10,171,0.58790,0.25041
media-b100,sis-p10,236,0.62044,0.28001
media-b100,sis-p10,325,0.65331,0.31180
media-b100,sis-p10,448,0.68632,0.34815
media-b100,sis-p10,618,0.71924,0.38970
media-b100,sis-p10,852,0.75179,0.43798
media-b100,sis-p10,1000,0.76852,0.46413
media-b100,sis-p10,1174,0.78494,0.49246
media-b100,sis-p10,1619,0.81745,0.55516
media-b100,sis-p10,2233,0.85037,0.62612
media-b100,sis-p10,3079,0.88325,0.70901
media-b100,sis-p10,4245,0.91573,0.80347
media-b100,sis-p10,5854,0.94827,0.90659
media-b100,sis-p10,8072,0.97944,0.96929
media-b100,sis-p10,10000,1.00000,0.98977
media-b100,sis-p10,11130,1.00000,0.99447
media-b100,sis-p10,15348,1.00000,0.99967
media-b100,sis-p10,21163,1.00000,1.00000
media-b100,sis-p10,29182,1.00000,1.00000
media-b100,sis-p10,40239,1.00000,1.00000
media-b100,sis-p10,55486,1.00000,1.00000
media-b100,sis-p10,76510,1.00000,1.00000
media-b100,sis-p10,105501,1.00000,1.00000
media-b100,sis-p10,145476,1.00000,1.00000
media-b100,sis-p10,200598,1.00000,1.00000
media-b100,sis-p10,276605,1.00000,1.00000
media-b100,sis-p10,381413,1.00000,1.00000
media-b100,sis-p10,525933,1.00000,1.00000
media-b100,sis-p10,725212,1.00000,1.00000
media-b100,sis-p10,1000000,1.00000,1.00000
media-b100,sis-p20,1,0.10282,0.03349
media-b100,sis-p20,2,0.15474,0.05219
media-b100,sis-p20,3,0.18897,0.06566
media-b100,sis-p20,4,0.21448,0.07624
media-b100,sis-p20,5,0.23509,0.08537
media-b100,sis-p20,7,0.26685,0.09930
media-b100,sis-p20,9,0.29122,0.11092
media-b100,sis-p20,10,0.30157,0.11568
media-b100,sis-p20,13,0.32736,0.12887
media-b100,sis-p20,18,0.35964,0.14674
media-b100,sis-p20,25,0.39229,0.16620
media-b100,sis-p20,34,0.42345,0.18481
media-b100,sis-p20,47,0.45600,0.20627
media-b100,sis-p20,65,0.48894,0.23006
media-b100,sis-p20,90,0.52209,0.25571
media-b100,sis-p20,100,0.53275,0.26440
media-b100,sis-p20,124,0.55467,0.28215
media-b100,sis-p20,171,0.58790,0.31152
media-b100,sis-p20,236,0.62044,0.34352
media-b100,sis-p20,325,0.65331,0.37657
media-b100,sis-p20,448,0.68632,0.41374
media-b100,sis-p20,618,0.71924,0.45427
media-b100,sis-p20,852,0.75179,0.49923
media-b100,sis-p20,1000,0.76852,0.52345
media-b100,sis-p20,1174,0.78494,0.54859
media-b100,sis-p20,1619,0.81745,0.60330
media-b100,sis-p20,2233,0.85037,0.66442
media-b100,sis-p20,3079,0.88325,0.73091
media-b100,sis-p20,4245,0.91573,0.80643
media-b100,sis-p20,5854,0.94827,0.88806
media-b100,sis-p20,8072,0.97944,0.96868
media-b100,sis-p20,10000,1.00000,0.99020
media-b100,sis-p20,11130,1.00000,0.99535
media-b100,sis-p20,15348,1.00000,0.99972
media-b100,sis-p20,21163,1.00000,0.99999
media-b100,sis-p20,29182,1.00000,1.00000
media-b100,sis-p20,40239,1.00000,1.00000
media-b100,sis-p20,55486,1.00000,1.00000
media-b100,sis-p20,76510,1.00000,1.00000
media-b100,sis-p20,105501,1.00000,1.00000
media-b100,sis-p20,145476,1.00000,1.00000
media-b100,sis-p20,200598,1.00000,1.00000
media-b100,sis-p20,276605,1.00000,1.00000
media-b100,sis-p20,381413,1.00000,1.00000
media-b100,sis-p20,525933,1.00000,1.00000
media-b100,sis-p20,725212,1.00000,1.00000
media-b100,sis-p20,1000000,1.00000,1.00000
media-b100,jan-p01-t1k,1,0.10282,0.17253
media-b100,jan-p01-t1k,2,0.15474,0.25637
media-b100,jan-p01-t1k,3,0.18897,0.31110
media-b100,jan-p01-t1k,4,0.21448,0.35579
media-b100,jan-p01-t1k,5,0.23509,0.38767
media-b100,jan-p01-t1k,7,0.26685,0.44085
media-b100,jan-p01-t1k,9,0.29122,0.47584
media-b100,jan-p01-t1k,10,0.30157,0.49264
media-b100,jan-p01-t1k,13,0.32736,0.52953
media-b100,jan-p01-t1k,18,0.35964,0.58011
media-b100,jan-p01-t1k,25,0.39229,0.63052
media-b100,jan-p01-t1k,34,0.42345,0.67781
media-b100,jan-p01-t1k,47,0.45600,0.72735
media-b100,jan-p01-t1k,65,0.48894,0.77932
media-b100,jan-p01-t1k,90,0.52209,0.82539
media-b100,jan-p01-t1k,100,0.53275,0.83977
media-b100,jan-p01-t1k,124,0.55467,0.86731
media-b100,jan-p01-t1k,171,0.58790,0.90681
media-b100,jan-p01-t1k,236,0.62044,0.93851
media-b100,jan-p01-t1k,325,0.65331,0.96258
media-b100,jan-p01-t1k,448,0.68632,0.97887
media-b100,jan-p01-t1k,618,0.71924,0.98493
media-b100,jan-p01-t1k,852,0.75179,0.99169
media-b100,jan-p01-t1k,1000,0.76852,0.99376
media-b100,jan-p01-t1k,1174,0.78494,0.99550
media-b100,jan-p01-t1k,1619,0.81745,0.99879
media-b100,jan-p01-t1k,2233,0.85037,0.99965
media-b100,jan-p01-t1k,3079,0.88325,1.00000
media-b100,jan-p01-t1k,4245,0.91573,1.00000
media-b100,jan-p01-t1k,5854,0.94827,1.00000
media-b100,jan-p01-t1k,8072,0.97944,1.00000
media-b100,jan-p01-t1k,10000,1.00000,1.00000
media-b100,jan-p01-t1k,11130,1.00000,1.00000
media-b100,jan-p01-t1k,15348,1.00000,1.00000
media-b100,jan-p01-t1k,21163,1.00000,1.00000
media-b100,jan-p01-t1k,29182,1.00000,1.00000
media-b100,jan-p01-t1k,40239,1.00000,1.00000
media-b100,jan-p01-t1k,55486,1.00000,1.00000
media-b100,jan-p01-t1k,76510,1.00000,1.00000
media-b100,jan-p01-t1k,105501,1.00000,1.00000
media-b100,jan-p01-t1k,145476,1.00000,1.00000
media-b100,jan-p01-t1k,200598,1.00000,1.00000
media-b100,jan-p01-t1k,276605,1.00000,1.00000
media-b100,jan-p01-t1k,381413,1.00000,1.00000
media-b100,jan-p01-t1k,525933,1.00000,1.00000
media-b100,jan-p01-t1k,725212,1.00000,1.00000
media-b100,jan-p01-t1k,1000000,1.00000,1.00000
media-b100,jan-p10-t1k,1,0.10282,0.13479
media-b100,jan-p10-t1k,2,0.15474,0.20255
media-b100,jan-p10-t1k,3,0.18897,0.24615
media-b100,jan-p10-t1k,4,0.21448,0.27924
media-b100,jan-p10-t1k,5,0.23509,0.30544
media-b100,jan-p10-t1k,7,0.26685,0.34566
media-b100,jan-p10-t1k,9,0.29122,0.37602
media-b100,jan-p10-t1k,10,0.30157,0.38930
media-b100,jan-p10-t1k,13,0.32736,0.42148
media-b100,jan-p10-t1k,18,0.35964,0.46200
media-b100,jan-p10-t1k,25,0.39229,0.50293
media-b100,jan-p10-t1k,34,0.42345,0.54142
media-b100,jan-p10-t1k,47,0.45600,0.57924
media-b100,jan-p10-t1k,65,0.48894,0.61893
media-b100,jan-p10-t1k,90,0.52209,0.65617
media-b100,jan-p10-t1k,100,0.53275,0.66760
media-b100,jan-p10-t1k,124,0.55467,0.69085
media-b100,jan-p10-t1k,171,0.58790,0.72486
media-b100,jan-p10-t1k,236,0.62044,0.75347
media-b100,jan-p10-t1k,325,0.65331,0.77597
media-b100,jan-p10-t1k,448,0.68632,0.79246
media-b100,jan-p10-t1k,618,0.71924,0.80689
media-b100,jan-p10-t1k,852,0.75179,0.82374
media-b100,jan-p10-t1k,1000,0.76852,0.83302
media-b100,jan-p10-t1k,1174,0.78494,0.84272
media-b100,jan-p10-t1k,1619,0.81745,0.86591
media-b100,jan-p10-t1k,2233,0.85037,0.89278
media-b100,jan-p10-t1k,3079,0.88325,0.92525
media-b100,jan-p10-t1k,4245,0.91573,0.95785
media-b100,jan-p10-t1k,5854,0.94827,0.98210
media-b100,jan-p10-t1k,8072,0.97944,0.99486
media-b100,jan-p10-t1k,10000,1.00000,0.99836
media-b100,jan-p10-t1k,11130,1.00000,0.99926
media-b100,jan-p10-t1k,15348,1.00000,0.99996
media-b100,jan-p10-t1k,21163,1.00000,1.00000
media-b100,jan-p10-t1k,29182,1.00000,1.00000
media-b100,jan-p10-t1k,40239,1.00000,1.00000
media-b100,jan-p10-t1k,55486,1.00000,1.00000
media-b100,jan-p10-t1k,76510,1.00000,1.00000
media-b100,jan-p10-t1k,105501,1.00000,1.00000
media-b100,jan-p10-t1k,145476,1.00000,1.00000
media-b100,jan-p10-t1k,200598,1.00000,1.00000
media-b100,jan-p10-t1k,276605,1.00000,1.00000
media-b100,jan-p10-t1k,381413,1.00000,1.00000
media-b100,jan-p10-t1k,525933,1.00000,1.00000
media-b100,jan-p10-t1k,725212,1.00000,1.00000
media-b100,jan-p10-t1k,1000000,1.00000,1.00000
media-b100,jan-p20-t1k,1,0.10282,0.12008
media-b100,jan-p20-t1k,2,0.15474,0.18069
media-b100,jan-p20-t1k,3,0.18897,0.22034
media-b100,jan-p20-t1k,4,0.21448,0.24997
media-b100,jan-p20-t1k,5,0.23509,0.27360
media-b100,jan-p20-t1k,7,0.26685,0.31007
media-b100,jan-p20-t1k,9,0.29122,0.33784
media-b100,jan-p20-t1k,10,0.30157,0.34997
media-b100,jan-p20-t1k,13,0.32736,0.37927
media-b100,jan-p20-t1k,18,0.35964,0.41615
media-b100,jan-p20-t1k,25,0.39229,0.45293
media-b100,jan-p20-t1k,34,0.42345,0.48801
media-b100,jan-p20-t1k,47,0.45600,0.52290
media-b100,jan-p20-t1k,65,0.48894,0.55884
media-b100,jan-p20-t1k,90,0.52209,0.59270
media-b100,jan-p20-t1k,100,0.53275,0.60358
media-b100,jan-p20-t1k,124,0.55467,0.62448
media-b100,jan-p20-t1k,171,0.58790,0.65544
media-b100,jan-p20-t1k,236,0.62044,0.68240
media-b100,jan-p20-t1k,325,0.65331,0.70509
media-b100,jan-p20-t1k,448,0.68632,0.72353
media-b100,jan-p20-t1k,618,0.71924,0.74142
media-b100,jan-p20-t1k,852,0.75179,0.76124
media-b100,jan-p20-t1k,1000,0.76852,0.77217
media-b100,jan-p20-t1k,1174,0.78494,0.78441
media-b100,jan-p20-t1k,1619,0.81745,0.81081
media-b100,jan-p20-t1k,2233,0.85037,0.83973
media-b100,jan-p20-t1k,3079,0.88325,0.87442
media-b100,jan-p20-t1k,4245,0.91573,0.91442
media-b100,jan-p20-t1k,5854,0.94827,0.95982
media-b100,jan-p20-t1k,8072,0.97944,0.98716
media-b100,jan-p20-t1k,10000,1.00000,0.99587
media-b100,jan-p20-t1k,11130,1.00000,0.99783
media-b100,jan-p20-t1k,15348,1.00000,0.99985
media-b100,jan-p20-t1k,21163,1.00000,1.00000
media-b100,jan-p20-t1k,29182,1.00000,1.00000
media-b100,jan-p20-t1k,40239,1.00000,1.00000
media-b100,jan-p20-t1k,55486,1.00000,1.00000
media-b100,jan-p20-t1k,76510,1.00000,1.00000
media-b100,jan-p20-t1k,105501,1.00000,1.00000
media-b100,jan-p20-t1k,145476,1.00000,1.00000
media-b100,jan-p20-t1k,200598,1.00000,1.00000
media-b100,jan-p20-t1k,276605,1.00000,1.00000
media-b100,jan-p20-t1k,381413,1.00000,1.00000
media-b100,jan-p20-t1k,525933,1.00000,1.00000
media-b100,jan-p20-t1k,725212,1.00000,1.00000
media-b100,jan-p20-t1k,1000000,1.00000,1.00000
media-b100,jan-p01-t10k,1,0.10282,0.12217
media-b100,jan-p01-t10k,2,0.15474,0.19024
media-b100,jan-p01-t10k,3,0.18897,0.23715
media-b100,jan-p01-t10k,4,0.21448,0.26902
media-b100,jan-p01-t10k,5,0.23509,0.29397
media-b100,jan-p01-t10k,7,0.26685,0.33424
media-b100,jan-p01-t10k,9,0.29122,0.36475
media-b100,jan-p01-t10k,10,0.30157,0.37966
media-b100,jan-p01-t10k,13,0.32736,0.41519
media-b100,jan-p01-t10k,18,0.35964,0.45464
media-b100,jan-p01-t10k,25,0.39229,0.49912
media-b100,jan-p01-t10k,34,0.42345,0.53776
media-b100,jan-p01-t10k,47,0.45600,0.57654
media-b100,jan-p01-t10k,65,0.48894,0.62129
media-b100,jan-p01-t10k,90,0.52209,0.66359
media-b100,jan-p01-t10k,100,0.53275,0.67756
media-b100,jan-p01-t10k,124,0.55467,0.70319
media-b100,jan-p01-t10k,171,0.58790,0.74549
media-b100,jan-p01-t10k,236,0.62044,0.78603
media-b100,jan-p01-t10k,325,0.65331,0.82685
media-b100,jan-p01-t10k,448,0.68632,0.86251
media-b100,jan-p01-t10k,618,0.71924,0.89614
media-b100,jan-p01-t10k,852,0.75179,0.93180
media-b100,jan-p01-t10k,1000,0.76852,0.94753
media-b100,jan-p01-t10k,1174,0.78494,0.96027
media-b100,jan-p01-t10k,1619,0.81745,0.98481
media-b100,jan-p01-t10k,2233,0.85037,0.99756
media-b100,jan-p01-t10k,3079,0.88325,1.00000
media-b100,jan-p01-t10k,4245,0.91573,1.00000
media-b100,jan-p01-t10k,5854,0.94827,1.00000
media-b100,jan-p01-t10k,8072,0.97944,1.00000
media-b100,jan-p01-t10k,10000,1.00000,1.00000
media-b100,jan-p01-t10k,11130,1.00000,1.00000
media-b100,jan-p01-t10k,15348,1.00000,1.00000
media-b100,jan-p01-t10k,21163,1.00000,1.00000
media-b100,jan-p01-t10k,29182,1.00000,1.00000
media-b100,jan-p01-t10k,40239,1.00000,1.00000
media-b100,jan-p01-t10k,55486,1.00000,1.00000
media-b100,jan-p01-t10k,76510,1.00000,1.00000
media-b100,jan-p01-t10k,105501,1.00000,1.00000
media-b100,jan-p01-t10k,145476,1.00000,1.00000
media-b100,jan-p01-t10k,200598,1.00000,1.00000
media-b100,jan-p01-t10k,276605,1.00000,1.00000
media-b100,jan-p01-t10k,381413,1.00000,1.00000
media-b100,jan-p01-t10k,525933,1.00000,1.00000
media-b100,jan-p01-t10k,725212,1.00000,1.00000
media-b100,jan-p01-t10k,1000000,1.00000,1.00000
media-b100,jan-p10-t10k,1,0.10282,0.12295
media-b100,jan-p10-t10k,2,0.15474,0.18531
media-b100,jan-p10-t10k,3,0.18897,0.22661
media-b100,jan-p10-t10k,4,0.21448,0.25748
media-b100,jan-p10-t10k,5,0.23509,0.28136
media-b100,jan-p10-t10k,7,0.26685,0.31894
media-b100,jan-p10-t10k,9,0.29122,0.34808
media-b100,jan-p10-t10k,10,0.30157,0.36013
media-b100,jan-p10-t10k,13,0.32736,0.39171
media-b100,jan-p10-t10k,18,0.35964,0.42902
media-b100,jan-p10-t10k,25,0.39229,0.46853
media-b100,jan-p10-t10k,34,0.42345,0.50563
media-b100,jan-p10-t10k,47,0.45600,0.54321
media-b100,jan-p10-t10k,65,0.48894,0.58296
media-b100,jan-p10-t10k,90,0.52209,0.62140
media-b100,jan-p10-t10k,100,0.53275,0.63387
media-b100,jan-p10-t10k,124,0.55467,0.65902
media-b100,jan-p10-t10k,171,0.58790,0.69779
media-b100,jan-p10-t10k,236,0.62044,0.73481
media-b100,jan-p10-t10k,325,0.65331,0.77267
media-b100,jan-p10-t10k,448,0.68632,0.80792
media-b100,jan-p10-t10k,618,0.71924,0.84285
media-b100,jan-p10-t10k,852,0.75179,0.87640
media-b100,jan-p10-t10k,1000,0.76852,0.89304
media-b100,jan-p10-t10k,1174,0.78494,0.90729
media-b100,jan-p10-t10k,1619,0.81745,0.93367
media-b100,jan-p10-t10k,2233,0.85037,0.95567
media-b100,jan-p10-t10k,3079,0.88325,0.97165
media-b100,jan-p10-t10k,4245,0.91573,0.98657
media-b100,jan-p10-t10k,5854,0.94827,0.99506
media-b100,jan-p10-t10k,8072,0.97944,0.99895
media-b100,jan-p10-t10k,10000,1.00000,0.99975
media-b100,jan-p10-t10k,11130,1.00000,0.99994
media-b100,jan-p10-t10k,15348,1.00000,0.99997
media-b100,jan-p10-t10k,21163,1.00000,1.00000
media-b100,jan-p10-t10k,29182,1.00000,1.00000
media-b100,jan-p10-t10k,40239,1.00000,1.00000
media-b100,jan-p10-t10k,55486,1.00000,1.00000
media-b100,jan-p10-t10k,76510,1.00000,1.00000
media-b100,jan-p10-t10k,105501,1.00000,1.00000
media-b100,jan-p10-t10k,145476,1.00000,1.00000
media-b100,jan-p10-t10k,200598,1.00000,1.00000
media-b100,jan-p10-t10k,276605,1.00000,1.00000
media-b100,jan-p10-t10k,381413,1.00000,1.00000
media-b100,jan-p10-t10k,525933,1.00000,1.00000
media-b100,jan-p10-t10k,725212,1.00000,1.00000
media-b100,jan-p10-t10k,1000000,1.00000,1.00000
media-b100,jan-p20-t10k,1,0.10282,0.11639
media-b100,jan-p20-t10k,2,0.15474,0.17561
media-b100,jan-p20-t10k,3,0.18897,0.21395
media-b100,jan-p20-t10k,4,0.21448,0.24340
media-b100,jan-p20-t10k,5,0.23509,0.26617
media-b100,jan-p20-t10k,7,0.26685,0.30244
media-b100,jan-p20-t10k,9,0.29122,0.32966
media-b100,jan-p20-t10k,10,0.30157,0.34122
media-b100,jan-p20-t10k,13,0.32736,0.37041
media-b100,jan-p20-t10k,18,0.35964,0.40588
media-b100,jan-p20-t10k,25,0.39229,0.44241
media-b100,jan-p20-t10k,34,0.42345,0.47767
media-b100,jan-p20-t10k,47,0.45600,0.51386
media-b100,jan-p20-t10k,65,0.48894,0.55093
media-b100,jan-p20-t10k,90,0.52209,0.58777
media-b100,jan-p20-t10k,100,0.53275,0.59941
media-b100,jan-p20-t10k,124,0.55467,0.62362
media-b100,jan-p20-t10k,171,0.58790,0.66045
media-b100,jan-p20-t10k,236,0.62044,0.69592
media-b100,jan-p20-t10k,325,0.65331,0.73134
media-b100,jan-p20-t10k,448,0.68632,0.76524
media-b100,jan-p20-t10k,618,0.71924,0.79848
media-b100,jan-p20-t10k,852,0.75179,0.83033
media-b100,jan-p20-t10k,1000,0.76852,0.84614
media-b100,jan-p20-t10k,1174,0.78494,0.86031
media-b100,jan-p20-t10k,1619,0.81745,0.88692
media-b100,jan-p20-t10k,2233,0.85037,0.91114
media-b100,jan-p20-t10k,3079,0.88325,0.93330
media-b100,jan-p20-t10k,4245,0.91573,0.95875
media-b100,jan-p20-t10k,5854,0.94827,0.98080
media-b100,jan-p20-t10k,8072,0.97944,0.99401
media-b100,jan-p20-t10k,10000,1.00000,0.99809
media-b100,jan-p20-t10k,11130,1.00000,0.99911
media-b100,jan-p20-t10k,15348,1.00000,0.99993
media-b100,jan-p20-t10k,21163,1.00000,1.00000
media-b100,jan-p20-t10k,29182,1.00000,1.00000
media-b100,jan-p20-t10k,40239,1.00000,1.00000
media-b100,jan-p20-t10k,55486,1.00000,1.00000
media-b100,jan-p20-t10k,76510,1.00000,1.00000
media-b100,jan-p20-t10k,105501,1.00000,1.00000
media-b100,jan-p20-t10k,145476,1.00000,1.00000
media-b100,jan-p20-t10k,200598,1.00000,1.00000
media-b100,jan-p20-t10k,276605,1.00000,1.00000
media-b100,jan-p20-t10k,381413,1.00000,1.00000
media-b100,jan-p20-t10k,525933,1.00000,1.00000
media-b100,jan-p20-t10k,725212,1.00000,1.00000
media-b100,jan-p20-t10k,1000000,1.00000,1.00000
alta-b050,completa,1,0.00518,0.00518
alta-b050,completa,2,0.00874,0.00874
alta-b050,completa,3,0.01176,0.01176
alta-b050,completa,4,0.01435,0.01435
alta-b050,completa,5,0.01657,0.01657
alta-b050,completa,7,0.02041,0.02041
alta-b050,completa,9,0.02396,0.02396
alta-b050,completa,10,0.02557,0.02557
alta-b050,completa,13,0.02987,0.02987
alta-b050,completa,18,0.03632,0.03632
alta-b050,completa,25,0.04397,0.04397
alta-b050,completa,34,0.05222,0.05222
alta-b050,completa,47,0.06271,0.06271
alta-b050,completa,65,0.07491,0.07491
alta-b050,completa,90,0.08926,0.08926
alta-b050,completa,100,0.09450,0.09450
alta-b050,completa,124,0.10608,0.10608
alta-b050,completa,171,0.12591,0.12591
alta-b050,completa,236,0.14926,0.14926
alta-b050,completa,325,0.17642,0.17642
alta-b050,completa,448,0.20803,0.20803
alta-b050,completa,618,0.24566,0.24566
alta-b050,completa,852,0.28954,0.28954
alta-b050,completa,1000,0.31426,0.31426
alta-b050,completa,1174,0.34109,0.34109
alta-b050,completa,1619,0.40122,0.40122
alta-b050,completa,2233,0.47199,0.47199
alta-b050,completa,3079,0.55506,0.55506
alta-b050,completa,4245,0.65254,0.65254
alta-b050,completa,5854,0.76682,0.76682
alta-b050,completa,8072,0.89991,0.89991
alta-b050,completa,10000,1.00000,1.00000
alta-b050,completa,11130,1.00000,1.00000
alta-b050,completa,15348,1.00000,1.00000
alta-b050,completa,21163,1.00000,1.00000
alta-b050,completa,29182,1.00000,1.00000
alta-b050,completa,40239,1.00000,1.00000
alta-b050,completa,55486,1.00000,1.00000
alta-b050,completa,76510,1.00000,1.00000
alta-b050,completa,105501,1.00000,1.00000
alta-b050,completa,145476,1.00000,1.00000
alta-b050,completa,200598,1.00000,1.00000
alta-b050,completa,276605,1.00000,1.00000
alta-b050,completa,381413,1.00000,1.00000
alta-b050,completa,525933,1.00000,1.00000
alta-b050,completa,725212,1.00000,1.00000
alta-b050,completa,1000000,1.00000,1.00000
alta-b050,sis-p01,1,0.00518,0.00288
alta-b050,sis-p01,2,0.00874,0.00504
alta-b050,sis-p01,3,0.01176,0.00648
alta-b050,sis-p01,4,0.01435,0.00793
alta-b050,sis-p01,5,0.01657,0.00937
alta-b050,sis-p01,7,0.02041,0.01225
alta-b050,sis-p01,9,0.02396,0.01441
alta-b050,sis-p01,10,0.02557,0.01657
alta-b050,sis-p01,13,0.02987,0.02161
alta-b050,sis-p01,18,0.03632,0.02882
alta-b050,sis-p01,25,0.04397,0.03386
alta-b050,sis-p01,34,0.05222,0.04107
alta-b050,sis-p01,47,0.06271,0.05331
alta-b050,sis-p01,65,0.07491,0.06700
alta-b050,sis-p01,90,0.08926,0.08646
alta-b050,sis-p01,100,0.09450,0.09294
alta-b050,sis-p01,124,0.10608,0.10951
alta-b050,sis-p01,171,0.12591,0.14769
alta-b050,sis-p01,236,0.14926,0.19092
alta-b050,sis-p01,325,0.17642,0.25432
alta-b050,sis-p01,448,0.20803,0.35086
alta-b050,sis-p01,618,0.24566,0.44669
alta-b050,sis-p01,852,0.28954,0.55692
alta-b050,sis-p01,1000,0.31426,0.61239
alta-b050,sis-p01,1174,0.34109,0.66643
alta-b050,sis-p01,1619,0.40122,0.77954
alta-b050,sis-p01,2233,0.47199,0.87752
alta-b050,sis-p01,3079,0.55506,0.95677
alta-b050,sis-p01,4245,0.65254,0.99063
alta-b050,sis-p01,5854,0.76682,0.99928
alta-b050,sis-p01,8072,0.89991,1.00000
alta-b050,sis-p01,10000,1.00000,1.00000
alta-b050,sis-p01,11130,1.00000,1.00000
alta-b050,sis-p01,15348,1.00000,1.00000
alta-b050,sis-p01,21163,1.00000,1.00000
alta-b050,sis-p01,29182,1.00000,1.00000
alta-b050,sis-p01,40239,1.00000,1.00000
alta-b050,sis-p01,55486,1.00000,1.00000
alta-b050,sis-p01,76510,1.00000,1.00000
alta-b050,sis-p01,105501,1.00000,1.00000
alta-b050,sis-p01,145476,1.00000,1.00000
alta-b050,sis-p01,200598,1.00000,1.00000
alta-b050,sis-p01,276605,1.00000,1.00000
alta-b050,sis-p01,381413,1.00000,1.00000
alta-b050,sis-p01,525933,1.00000,1.00000
alta-b050,sis-p01,725212,1.00000,1.00000
alta-b050,sis-p01,1000000,1.00000,1.00000
alta-b050,sis-p10,1,0.00518,0.00214
alta-b050,sis-p10,2,0.00874,0.00432
alta-b050,sis-p10,3,0.01176,0.00579
alta-b050,sis-p10,4,0.01435,0.00695
alta-b050,sis-p10,5,0.01657,0.00817
alta-b050,sis-p10,7,0.02041,0.01010
alta-b050,sis-p10,9,0.02396,0.01149
alta-b050,sis-p10,10,0.02557,0.01236
alta-b050,sis-p10,13,0.02987,0.01483
alta-b050,sis-p10,18,0.03632,0.01831
alta-b050,sis-p10,25,0.04397,0.02251
alta-b050,sis-p10,34,0.05222,0.02724
alta-b050,sis-p10,47,0.06271,0.03299
alta-b050,sis-p10,65,0.07491,0.03993
alta-b050,sis-p10,90,0.08926,0.04822
alta-b050,sis-p10,100,0.09450,0.05114
alta-b050,sis-p10,124,0.10608,0.05829
alta-b050,sis-p10,171,0.12591,0.07060
alta-b050,sis-p10,236,0.14926,0.08554
alta-b050,sis-p10,325,0.17642,0.10419
alta-b050,sis-p10,448,0.20803,0.12814
alta-b050,sis-p10,618,0.24566,0.15768
alta-b050,sis-p10,852,0.28954,0.19769
alta-b050,sis-p10,1000,0.31426,0.22038
alta-b050,sis-p10,1174,0.34109,0.24586
alta-b050,sis-p10,1619,0.40122,0.31124
alta-b050,sis-p10,2233,0.47199,0.39788
alta-b050,sis-p10,3079,0.55506,0.51380
alta-b050,sis-p10,4245,0.65254,0.65656
alta-b050,sis-p10,5854,0.76682,0.80216
alta-b050,sis-p10,8072,0.89991,0.92221
alta-b050,sis-p10,10000,1.00000,0.96956
alta-b050,sis-p10,11130,1.00000,0.98263
alta-b050,sis-p10,15348,1.00000,0.99831
alta-b050,sis-p10,21163,1.00000,0.99992
alta-b050,sis-p10,29182,1.00000,1.00000
alta-b050,sis-p10,40239,1.00000,1.00000
alta-b050,sis-p10,55486,1.00000,1.00000
alta-b050,sis-p10,76510,1.00000,1.00000
alta-b050,sis-p10,105501,1.00000,1.00000
alta-b050,sis-p10,145476,1.00000,1.00000
alta-b050,sis-p10,200598,1.00000,1.00000
alta-b050,sis-p10,276605,1.00000,1.00000
alta-b050,sis-p10,381413,1.00000,1.00000
alta-b050,sis-p10,525933,1.00000,1.00000
alta-b050,sis-p10,725212,1.00000,1.00000
alta-b050,sis-p10,1000000,1.00000,1.00000
alta-b050,sis-p20,1,0.00518,0.00273
alta-b050,sis-p20,2,0.00874,0.00476
alta-b050,sis-p20,3,0.01176,0.00639
alta-b050,sis-p20,4,0.01435,0.00798
alta-b050,sis-p20,5,0.01657,0.00927
alta-b050,sis-p20,7,0.02041,0.01158
alta-b050,sis-p20,9,0.02396,0.01355
alta-b050,sis-p20,10,0.02557,0.01456
alta-b050,sis-p20,13,0.02987,0.01700
alta-b050,sis-p20,18,0.03632,0.02048
alta-b050,sis-p20,25,0.04397,0.02513
alta-b050,sis-p20,34,0.05222,0.03035
alta-b050,sis-p20,47,0.06271,0.03677
alta-b050,sis-p20,65,0.07491,0.04446
alta-b050,sis-p20,90,0.08926,0.05396
alta-b050,sis-p20,100,0.09450,0.05720
alta-b050,sis-p20,124,0.10608,0.06434
alta-b050,sis-p20,171,0.12591,0.07762
alta-b050,sis-p20,236,0.14926,0.09349
alta-b050,sis-p20,325,0.17642,0.11202
alta-b050,sis-p20,448,0.20803,0.13436
alta-b050,sis-p20,618,0.24566,0.16331
alta-b050,sis-p20,852,0.28954,0.19920
alta-b050,sis-p20,1000,0.31426,0.22036
alta-b050,sis-p20,1174,0.34109,0.24363
alta-b050,sis-p20,1619,0.40122,0.30129
alta-b050,sis-p20,2233,0.47199,0.37321
alta-b050,sis-p20,3079,0.55506,0.46684
alta-b050,sis-p20,4245,0.65254,0.59168
alta-b050,sis-p20,5854,0.76682,0.75301
alta-b050,sis-p20,8072,0.89991,0.90441
alta-b050,sis-p20,10000,1.00000,0.96741
alta-b050,sis-p20,11130,1.00000,0.98442
alta-b050,sis-p20,15348,1.00000,0.99909
alta-b050,sis-p20,21163,1.00000,0.99999
alta-b050,sis-p20,29182,1.00000,1.00000
alta-b050,sis-p20,40239,1.00000,1.00000
alta-b050,sis-p20,55486,1.00000,1.00000
alta-b050,sis-p20,76510,1.00000,1.00000
alta-b050,sis-p20,105501,1.00000,1.00000
alta-b050,sis-p20,145476,1.00000,1.00000
alta-b050,sis-p20,200598,1.00000,1.00000
alta-b050,sis-p20,276605,1.00000,1.00000
alta-b050,sis-p20,381413,1.00000,1.00000
alta-b050,sis-p20,525933,1.00000,1.00000
alta-b050,sis-p20,725212,1.00000,1.00000
alta-b050,sis-p20,1000000,1.00000,1.00000
alta-b050,jan-p01-t1k,1,0.00518,0.02283
alta-b050,jan-p01-t1k,2,0.00874,0.03604
alta-b050,jan-p01-t1k,3,0.01176,0.05046
alta-b050,jan-p01-t1k,4,0.01435,0.05647
alta-b050,jan-p01-t1k,5,0.01657,0.06207
alta-b050,jan-p01-t1k,7,0.02041,0.07409
alta-b050,jan-p01-t1k,9,0.02396,0.09011
alta-b050,jan-p01-t1k,10,0.02557,0.09612
alta-b050,jan-p01-t1k,13,0.02987,0.11334
alta-b050,jan-p01-t1k,18,0.03632,0.13696
alta-b050,jan-p01-t1k,25,0.04397,0.16540
alta-b050,jan-p01-t1k,34,0.05222,0.19343
alta-b050,jan-p01-t1k,47,0.06271,0.23829
alta-b050,jan-p01-t1k,65,0.07491,0.28234
alta-b050,jan-p01-t1k,90,0.08926,0.32879
alta-b050,jan-p01-t1k,100,0.09450,0.34802
alta-b050,jan-p01-t1k,124,0.10608,0.39407
alta-b050,jan-p01-t1k,171,0.12591,0.45294
alta-b050,jan-p01-t1k,236,0.14926,0.52423
alta-b050,jan-p01-t1k,325,0.17642,0.60232
alta-b050,jan-p01-t1k,448,0.20803,0.68843
alta-b050,jan-p01-t1k,618,0.24566,0.75370
alta-b050,jan-p01-t1k,852,0.28954,0.81017
alta-b050,jan-p01-t1k,1000,0.31426,0.83420
alta-b050,jan-p01-t1k,1174,0.34109,0.85903
alta-b050,jan-p01-t1k,1619,0.40122,0.90148
alta-b050,jan-p01-t1k,2233,0.47199,0.95194
alta-b050,jan-p01-t1k,3079,0.55506,0.98118
alta-b050,jan-p01-t1k,4245,0.65254,0.99640
alta-b050,jan-p01-t1k,5854,0.76682,1.00000
alta-b050,jan-p01-t1k,8072,0.89991,1.00000
alta-b050,jan-p01-t1k,10000,1.00000,1.00000
alta-b050,jan-p01-t1k,11130,1.00000,1.00000
alta-b050,jan-p01-t1k,15348,1.00000,1.00000
alta-b050,jan-p01-t1k,21163,1.00000,1.00000
alta-b050,jan-p01-t1k,29182,1.00000,1.00000
alta-b050,jan-p01-t1k,40239,1.00000,1.00000
alta-b050,jan-p01-t1k,55486,1.00000,1.00000
alta-b050,jan-p01-t1k,76510,1.00000,1.00000
alta-b050,jan-p01-t1k,105501,1.00000,1.00000
alta-b050,jan-p01-t1k,145476,1.00000,1.00000
alta-b050,jan-p01-t1k,200598,1.00000,1.00000
alta-b050,jan-p01-t1k,276605,1.00000,1.00000
alta-b050,jan-p01-t1k,381413,1.00000,1.00000
alta-b050,jan-p01-t1k,525933,1.00000,1.00000
alta-b050,jan-p01-t1k,725212,1.00000,1.00000
alta-b050,jan-p01-t1k,1000000,1.00000,1.00000
alta-b050,jan-p10-t1k,1,0.00518,0.00766
alta-b050,jan-p10-t1k,2,0.00874,0.01295
alta-b050,jan-p10-t1k,3,0.01176,0.01793
alta-b050,jan-p10-t1k,4,0.01435,0.02170
alta-b050,jan-p10-t1k,5,0.01657,0.02463
alta-b050,jan-p10-t1k,7,0.02041,0.03051
alta-b050,jan-p10-t1k,9,0.02396,0.03610
alta-b050,jan-p10-t1k,10,0.02557,0.03852
alta-b050,jan-p10-t1k,13,0.02987,0.04474
alta-b050,jan-p10-t1k,18,0.03632,0.05390
alta-b050,jan-p10-t1k,25,0.04397,0.06535
alta-b050,jan-p10-t1k,34,0.05222,0.07760
alta-b050,jan-p10-t1k,47,0.06271,0.09316
alta-b050,jan-p10-t1k,65,0.07491,0.11051
alta-b050,jan-p10-t1k,90,0.08926,0.12926
alta-b050,jan-p10-t1k,100,0.09450,0.13684
alta-b050,jan-p10-t1k,124,0.10608,0.15305
alta-b050,jan-p10-t1k,171,0.12591,0.17856
alta-b050,jan-p10-t1k,236,0.14926,0.20832
alta-b050,jan-p10-t1k,325,0.17642,0.23994
alta-b050,jan-p10-t1k,448,0.20803,0.27410
alta-b050,jan-p10-t1k,618,0.24566,0.30988
alta-b050,jan-p10-t1k,852,0.28954,0.34557
alta-b050,jan-p10-t1k,1000,0.31426,0.36588
alta-b050,jan-p10-t1k,1174,0.34109,0.38907
alta-b050,jan-p10-t1k,1619,0.40122,0.44501
alta-b050,jan-p10-t1k,2233,0.47199,0.51903
alta-b050,jan-p10-t1k,3079,0.55506,0.61617
alta-b050,jan-p10-t1k,4245,0.65254,0.72941
alta-b050,jan-p10-t1k,5854,0.76682,0.84633
alta-b050,jan-p10-t1k,8072,0.89991,0.93919
alta-b050,jan-p10-t1k,10000,1.00000,0.97537
alta-b050,jan-p10-t1k,11130,1.00000,0.98603
alta-b050,jan-p10-t1k,15348,1.00000,0.99836
alta-b050,jan-p10-t1k,21163,1.00000,0.99995
alta-b050,jan-p10-t1k,29182,1.00000,1.00000
alta-b050,jan-p10-t1k,40239,1.00000,1.00000
alta-b050,jan-p10-t1k,55486,1.00000,1.00000
alta-b050,jan-p10-t1k,76510,1.00000,1.00000
alta-b050,jan-p10-t1k,105501,1.00000,1.00000
alta-b050,jan-p10-t1k,145476,1.00000,1.00000
alta-b050,jan-p10-t1k,200598,1.00000,1.00000
alta-b050,jan-p10-t1k,276605,1.00000,1.00000
alta-b050,jan-p10-t1k,381413,1.00000,1.00000
alta-b050,jan-p10-t1k,525933,1.00000,1.00000
alta-b050,jan-p10-t1k,725212,1.00000,1.00000
alta-b050,jan-p10-t1k,1000000,1.00000,1.00000
alta-b050,jan-p20-t1k,1,0.00518,0.00638
alta-b050,jan-p20-t1k,2,0.00874,0.01079
alta-b050,jan-p20-t1k,3,0.01176,0.01467
alta-b050,jan-p20-t1k,4,0.01435,0.01792
alta-b050,jan-p20-t1k,5,0.01657,0.02044
alta-b050,jan-p20-t1k,7,0.02041,0.02526
alta-b050,jan-p20-t1k,9,0.02396,0.02961
alta-b050,jan-p20-t1k,10,0.02557,0.03155
alta-b050,jan-p20-t1k,13,0.02987,0.03657
alta-b050,jan-p20-t1k,18,0.03632,0.04406
alta-b050,jan-p20-t1k,25,0.04397,0.05335
alta-b050,jan-p20-t1k,34,0.05222,0.06322
alta-b050,jan-p20-t1k,47,0.06271,0.07563
alta-b050,jan-p20-t1k,65,0.07491,0.08965
alta-b050,jan-p20-t1k,90,0.08926,0.10574
alta-b050,jan-p20-t1k,100,0.09450,0.11185
alta-b050,jan-p20-t1k,124,0.10608,0.12500
alta-b050,jan-p20-t1k,171,0.12591,0.14608
alta-b050,jan-p20-t1k,236,0.14926,0.17100
alta-b050,jan-p20-t1k,325,0.17642,0.19747
alta-b050,jan-p20-t1k,448,0.20803,0.22665
alta-b050,jan-p20-t1k,618,0.24566,0.25860
alta-b050,jan-p20-t1k,852,0.28954,0.29216
alta-b050,jan-p20-t1k,1000,0.31426,0.31060
alta-b050,jan-p20-t1k,1174,0.34109,0.33199
alta-b050,jan-p20-t1k,1619,0.40122,0.38233
alta-b050,jan-p20-t1k,2233,0.47199,0.44669
alta-b050,jan-p20-t1k,3079,0.55506,0.53250
alta-b050,jan-p20-t1k,4245,0.65254,0.64430
alta-b050,jan-p20-t1k,5854,0.76682,0.78607
alta-b050,jan-p20-t1k,8072,0.89991,0.91697
alta-b050,jan-p20-t1k,10000,1.00000,0.97140
alta-b050,jan-p20-t1k,11130,1.00000,0.98543
alta-b050,jan-p20-t1k,15348,1.00000,0.99903
alta-b050,jan-p20-t1k,21163,1.00000,0.99999
alta-b050,jan-p20-t1k,29182,1.00000,1.00000
alta-b050,jan-p20-t1k,40239,1.00000,1.00000
alta-b050,jan-p20-t1k,55486,1.00000,1.00000
alta-b050,jan-p20-t1k,76510,1.00000,1.00000
alta-b050,jan-p20-t1k,105501,1.00000,1.00000
alta-b050,jan-p20-t1k,145476,1.00000,1.00000
alta-b050,jan-p20-t1k,200598,1.00000,1.00000
alta-b050,jan-p20-t1k,276605,1.00000,1.00000
alta-b050,jan-p20-t1k,381413,1.00000,1.00000
alta-b050,jan-p20-t1k,525933,1.00000,1.00000
alta-b050,jan-p20-t1k,725212,1.00000,1.00000
alta-b050,jan-p20-t1k,1000000,1.00000,1.00000
alta-b050,jan-p01-t10k,1,0.00518,0.01131
alta-b050,jan-p01-t10k,2,0.00874,0.01891
alta-b050,jan-p01-t10k,3,0.01176,0.02447
alta-b050,jan-p01-t10k,4,0.01435,0.02590
alta-b050,jan-p01-t10k,5,0.01657,0.02919
alta-b050,jan-p01-t10k,7,0.02041,0.03618
alta-b050,jan-p01-t10k,9,0.02396,0.04256
alta-b050,jan-p01-t10k,10,0.02557,0.04359
alta-b050,jan-p01-t10k,13,0.02987,0.04996
alta-b050,jan-p01-t10k,18,0.03632,0.06127
alta-b050,jan-p01-t10k,25,0.04397,0.07566
alta-b050,jan-p01-t10k,34,0.05222,0.09190
alta-b050,jan-p01-t10k,47,0.06271,0.11205
alta-b050,jan-p01-t10k,65,0.07491,0.13158
alta-b050,jan-p01-t10k,90,0.08926,0.15892
alta-b050,jan-p01-t10k,100,0.09450,0.16920
alta-b050,jan-p01-t10k,124,0.10608,0.19161
alta-b050,jan-p01-t10k,171,0.12591,0.23047
alta-b050,jan-p01-t10k,236,0.14926,0.27488
alta-b050,jan-p01-t10k,325,0.17642,0.32833
alta-b050,jan-p01-t10k,448,0.20803,0.38836
alta-b050,jan-p01-t10k,618,0.24566,0.45333
alta-b050,jan-p01-t10k,852,0.28954,0.52858
alta-b050,jan-p01-t10k,1000,0.31426,0.57196
alta-b050,jan-p01-t10k,1174,0.34109,0.61822
alta-b050,jan-p01-t10k,1619,0.40122,0.71279
alta-b050,jan-p01-t10k,2233,0.47199,0.81168
alta-b050,jan-p01-t10k,3079,0.55506,0.91406
alta-b050,jan-p01-t10k,4245,0.65254,0.98479
alta-b050,jan-p01-t10k,5854,0.76682,1.00000
alta-b050,jan-p01-t10k,8072,0.89991,1.00000
alta-b050,jan-p01-t10k,10000,1.00000,1.00000
alta-b050,jan-p01-t10k,11130,1.00000,1.00000
alta-b050,jan-p01-t10k,15348,1.00000,1.00000
alta-b050,jan-p01-t10k,21163,1.00000,1.00000
alta-b050,jan-p01-t10k,29182,1.00000,1.00000
alta-b050,jan-p01-t10k,40239,1.00000,1.00000
alta-b050,jan-p01-t10k,55486,1.00000,1.00000
alta-b050,jan-p01-t10k,76510,1.00000,1.00000
alta-b050,jan-p01-t10k,105501,1.00000,1.00000
alta-b050,jan-p01-t10k,145476,1.00000,1.00000
alta-b050,jan-p01-t10k,200598,1.00000,1.00000
alta-b050,jan-p01-t10k,276605,1.00000,1.00000
alta-b050,jan-p01-t10k,381413,1.00000,1.00000
alta-b050,jan-p01-t10k,525933,1.00000,1.00000
alta-b050,jan-p01-t10k,725212,1.00000,1.00000
alta-b050,jan-p01-t10k,1000000,1.00000,1.00000
alta-b050,jan-p10-t10k,1,0.00518,0.00715
alta-b050,jan-p10-t10k,2,0.00874,0.01203
alta-b050,jan-p10-t10k,3,0.01176,0.01623
alta-b050,jan-p10-t10k,4,0.01435,0.01942
alta-b050,jan-p10-t10k,5,0.01657,0.02218
alta-b050,jan-p10-t10k,7,0.02041,0.02746
alta-b050,jan-p10-t10k,9,0.02396,0.03248
alta-b050,jan-p10-t10k,10,0.02557,0.03457
alta-b050,jan-p10-t10k,13,0.02987,0.04028
alta-b050,jan-p10-t10k,18,0.03632,0.04944
alta-b050,jan-p10-t10k,25,0.04397,0.06012
alta-b050,jan-p10-t10k,34,0.05222,0.07194
alta-b050,jan-p10-t10k,47,0.06271,0.08679
alta-b050,jan-p10-t10k,65,0.07491,0.10331
alta-b050,jan-p10-t10k,90,0.08926,0.12379
alta-b050,jan-p10-t10k,100,0.09450,0.13139
alta-b050,jan-p10-t10k,124,0.10608,0.14851
alta-b050,jan-p10-t10k,171,0.12591,0.17569
alta-b050,jan-p10-t10k,236,0.14926,0.20832
alta-b050,jan-p10-t10k,325,0.17642,0.24589
alta-b050,jan-p10-t10k,448,0.20803,0.28975
alta-b050,jan-p10-t10k,618,0.24566,0.33890
alta-b050,jan-p10-t10k,852,0.28954,0.39606
alta-b050,jan-p10-t10k,1000,0.31426,0.42829
alta-b050,jan-p10-t10k,1174,0.34109,0.46241
alta-b050,jan-p10-t10k,1619,0.40122,0.53572
alta-b050,jan-p10-t10k,2233,0.47199,0.61937
alta-b050,jan-p10-t10k,3079,0.55506,0.71237
alta-b050,jan-p10-t10k,4245,0.65254,0.80524
alta-b050,jan-p10-t10k,5854,0.76682,0.88973
alta-b050,jan-p10-t10k,8072,0.89991,0.95978
alta-b050,jan-p10-t10k,10000,1.00000,0.98356
alta-b050,jan-p10-t10k,11130,1.00000,0.99134
alta-b050,jan-p10-t10k,15348,1.00000,0.99920
alta-b050,jan-p10-t10k,21163,1.00000,0.99997
alta-b050,jan-p10-t10k,29182,1.00000,1.00000
alta-b050,jan-p10-t10k,40239,1.00000,1.00000
alta-b050,jan-p10-t10k,55486,1.00000,1.00000
alta-b050,jan-p10-t10k,76510,1.00000,1.00000
alta-b050,jan-p10-t10k,105501,1.00000,1.00000
alta-b050,jan-p10-t10k,145476,1.00000,1.00000
alta-b050,jan-p10-t10k,200598,1.00000,1.00000
alta-b050,jan-p10-t10k,276605,1.00000,1.00000
alta-b050,jan-p10-t10k,381413,1.00000,1.00000
alta-b050,jan-p10-t10k,525933,1.00000,1.00000
alta-b050,jan-p10-t10k,725212,1.00000,1.00000
alta-b050,jan-p10-t10k,1000000,1.00000,1.00000
alta-b050,jan-p20-t10k,1,0.00518,0.00622
alta-b050,jan-p20-t10k,2,0.00874,0.01037
alta-b050,jan-p20-t10k,3,0.01176,0.01392
alta-b050,jan-p20-t10k,4,0.01435,0.01692
alta-b050,jan-p20-t10k,5,0.01657,0.01944
alta-b050,jan-p20-t10k,7,0.02041,0.02401
alta-b050,jan-p20-t10k,9,0.02396,0.02834
alta-b050,jan-p20-t10k,10,0.02557,0.03021
alta-b050,jan-p20-t10k,13,0.02987,0.03553
alta-b050,jan-p20-t10k,18,0.03632,0.04364
alta-b050,jan-p20-t10k,25,0.04397,0.05289
alta-b050,jan-p20-t10k,34,0.05222,0.06289
alta-b050,jan-p20-t10k,47,0.06271,0.07544
alta-b050,jan-p20-t10k,65,0.07491,0.08978
alta-b050,jan-p20-t10k,90,0.08926,0.10679
alta-b050,jan-p20-t10k,100,0.09450,0.11333
alta-b050,jan-p20-t10k,124,0.10608,0.12755
alta-b050,jan-p20-t10k,171,0.12591,0.15100
alta-b050,jan-p20-t10k,236,0.14926,0.17923
alta-b050,jan-p20-t10k,325,0.17642,0.21122
alta-b050,jan-p20-t10k,448,0.20803,0.24874
alta-b050,jan-p20-t10k,618,0.24566,0.29194
alta-b050,jan-p20-t10k,852,0.28954,0.34185
alta-b050,jan-p20-t10k,1000,0.31426,0.36989
alta-b050,jan-p20-t10k,1174,0.34109,0.39979
alta-b050,jan-p20-t10k,1619,0.40122,0.46525
alta-b050,jan-p20-t10k,2233,0.47199,0.54220
alta-b050,jan-p20-t10k,3079,0.55506,0.63104
alta-b050,jan-p20-t10k,4245,0.65254,0.72916
alta-b050,jan-p20-t10k,5854,0.76682,0.83563
alta-b050,jan-p20-t10k,8072,0.89991,0.93526
alta-b050,jan-p20-t10k,10000,1.00000,0.97614
alta-b050,jan-p20-t10k,11130,1.00000,0.98713
alta-b050,jan-p20-t10k,15348,1.00000,0.99914
alta-b050,jan-p20-t10k,21163,1.00000,0.99997
alta-b050,jan-p20-t10k,29182,1.00000,1.00000
alta-b050,jan-p20-t10k,40239,1.00000,1.00000
alta-b050,jan-p20-t10k,55486,1.00000,1.00000
alta-b050,jan-p20-t10k,76510,1.00000,1.00000
alta-b050,jan-p20-t10k,105501,1.00000,1.00000
alta-b050,jan-p20-t10k,145476,1.00000,1.00000
alta-b050,jan-p20-t10k,200598,1.00000,1.00000
alta-b050,jan-p20-t10k,276605,1.00000,1.00000
alta-b050,jan-p20-t10k,381413,1.00000,1.00000
alta-b050,jan-p20-t10k,525933,1.00000,1.00000
alta-b050,jan-p20-t10k,725212,1.00000,1.00000
alta-b050,jan-p20-t10k,1000000,1.00000,1.00000
