cenario,amostra,percentil,sd
baixa-b150,completa,1,0
baixa-b150,completa,2,0
baixa-b150,completa,3,0
baixa-b150,completa,4,0
baixa-b150,completa,5,0
baixa-b150,completa,6,0
baixa-b150,completa,7,0
baixa-b150,completa,8,0
baixa-b150,completa,9,0
baixa-b150,completa,10,0
baixa-b150,completa,11,0
baixa-b150,completa,12,0
baixa-b150,completa,13,0
baixa-b150,completa,14,0
baixa-b150,completa,15,0
baixa-b150,completa,16,0
baixa-b150,completa,17,0
baixa-b150,completa,18,0
baixa-b150,completa,19,0
baixa-b150,completa,20,0
baixa-b150,completa,21,0
baixa-b150,completa,22,0
baixa-b150,completa,23,0
baixa-b150,completa,24,0
baixa-b150,completa,25,0
baixa-b150,completa,26,0
baixa-b150,completa,27,0
baixa-b150,completa,28,0
baixa-b150,completa,29,0
baixa-b150,completa,30,0
baixa-b150,completa,31,0
baixa-b150,completa,32,0
baixa-b150,completa,33,0
baixa-b150,completa,34,0
baixa-b150,completa,35,0
baixa-b150,completa,36,0
baixa-b150,completa,37,0
baixa-b150,completa,38,0
baixa-b150,completa,39,1
baixa-b150,completa,40,1
baixa-b150,completa,41,1
baixa-b150,completa,42,1
baixa-b150,completa,43,1
baixa-b150,completa,44,1
baixa-b150,completa,45,1
baixa-b150,completa,46,1
baixa-b150,completa,47,1
baixa-b150,completa,48,1
baixa-b150,completa,49,1
baixa-b150,completa,50,1
baixa-b150,completa,51,1
baixa-b150,completa,52,1
baixa-b150,completa,53,2
baixa-b150,completa,54,2
baixa-b150,completa,55,2
baixa-b150,completa,56,2
baixa-b150,completa,57,2
baixa-b150,completa,58,2
baixa-b150,completa,59,2
baixa-b150,completa,60,3
baixa-b150,completa,61,3
baixa-b150,completa,62,3
baixa-b150,completa,63,3
baixa-b150,completa,64,3
baixa-b150,completa,65,4
baixa-b150,completa,66,4
baixa-b150,completa,67,4
baixa-b150,completa,68,5
baixa-b150,completa,69,5
baixa-b150,completa,70,5
baixa-b150,completa,71,6
baixa-b150,completa,72,6
baixa-b150,completa,73,7
baixa-b150,completa,74,7
baixa-b150,completa,75,8
baixa-b150,completa,76,9
baixa-b150,completa,77,9
baixa-b150,completa,78,10
baixa-b150,completa,79,12
baixa-b150,completa,80,13
baixa-b150,completa,81,14
baixa-b150,completa,82,16
baixa-b150,completa,83,18
baixa-b150,completa,84,20
baixa-b150,completa,85,23
baixa-b150,completa,86,26
baixa-b150,completa,87,30
baixa-b150,completa,88,35
baixa-b150,completa,89,42
baixa-b150,completa,90,50
baixa-b150,completa,91,61
baixa-b150,completa,92,76
baixa-b150,completa,93,96
baixa-b150,completa,94,126
baixa-b150,completa,95,172
baixa-b150,completa,96,249
baixa-b150,completa,97,399
baixa-b150,completa,98,740
baixa-b150,completa,99,1774
baixa-b150,sis-p01,1,0
baixa-b150,sis-p01,2,0
baixa-b150,sis-p01,3,0
baixa-b150,sis-p01,4,0
baixa-b150,sis-p01,5,0
baixa-b150,sis-p01,6,0
baixa-b150,sis-p01,7,0
baixa-b150,sis-p01,8,0
baixa-b150,sis-p01,9,0
baixa-b150,sis-p01,10,0
baixa-b150,sis-p01,11,1
baixa-b150,sis-p01,12,1
baixa-b150,sis-p01,13,1
baixa-b150,sis-p01,14,1
baixa-b150,sis-p01,15,1
baixa-b150,sis-p01,16,2
baixa-b150,sis-p01,17,2
baixa-b150,sis-p01,18,2
baixa-b150,sis-p01,19,3
baixa-b150,sis-p01,20,3
baixa-b150,sis-p01,21,3
baixa-b150,sis-p01,22,3
baixa-b150,sis-p01,23,4
baixa-b150,sis-p01,24,4
baixa-b150,sis-p01,25,4
baixa-b150,sis-p01,26,5
baixa-b150,sis-p01,27,5
baixa-b150,sis-p01,28,6
baixa-b150,sis-p01,29,6
baixa-b150,sis-p01,30,7
baixa-b150,sis-p01,31,7
baixa-b150,sis-p01,32,8
baixa-b150,sis-p01,33,9
baixa-b150,sis-p01,34,9
baixa-b150,sis-p01,35,10
baixa-b150,sis-p01,36,10
baixa-b150,sis-p01,37,11
baixa-b150,sis-p01,38,12
baixa-b150,sis-p01,39,14
baixa-b150,sis-p01,40,15
baixa-b150,sis-p01,41,16
baixa-b150,sis-p01,42,17
baixa-b150,sis-p01,43,18
baixa-b150,sis-p01,44,20
baixa-b150,sis-p01,45,21
baixa-b150,sis-p01,46,23
baixa-b150,sis-p01,47,25
baixa-b150,sis-p01,48,26
baixa-b150,sis-p01,49,28
baixa-b150,sis-p01,50,31
baixa-b150,sis-p01,51,33
baixa-b150,sis-p01,52,35
baixa-b150,sis-p01,53,39
baixa-b150,sis-p01,54,42
baixa-b150,sis-p01,55,43
baixa-b150,sis-p01,56,46
baixa-b150,sis-p01,57,47
baixa-b150,sis-p01,58,50
baixa-b150,sis-p01,59,54
baixa-b150,sis-p01,60,57
baixa-b150,sis-p01,61,64
baixa-b150,sis-p01,62,69
baixa-b150,sis-p01,63,73
baixa-b150,sis-p01,64,79
baixa-b150,sis-p01,65,84
baixa-b150,sis-p01,66,89
baixa-b150,sis-p01,67,93
baixa-b150,sis-p01,68,102
baixa-b150,sis-p01,69,110
baixa-b150,sis-p01,70,115
baixa-b150,sis-p01,71,124
baixa-b150,sis-p01,72,133
baixa-b150,sis-p01,73,142
baixa-b150,sis-p01,74,151
baixa-b150,sis-p01,75,161
baixa-b150,sis-p01,76,172
baixa-b150,sis-p01,77,184
baixa-b150,sis-p01,78,200
baixa-b150,sis-p01,79,219
baixa-b150,sis-p01,80,232
baixa-b150,sis-p01,81,247
baixa-b150,sis-p01,82,262
baixa-b150,sis-p01,83,276
baixa-b150,sis-p01,84,308
baixa-b150,sis-p01,85,345
baixa-b150,sis-p01,86,369
baixa-b150,sis-p01,87,395
baixa-b150,sis-p01,88,435
baixa-b150,sis-p01,89,485
baixa-b150,sis-p01,90,540
baixa-b150,sis-p01,91,613
baixa-b150,sis-p01,92,669
baixa-b150,sis-p01,93,733
baixa-b150,sis-p01,94,803
baixa-b150,sis-p01,95,875
baixa-b150,sis-p01,96,965
baixa-b150,sis-p01,97,1095
baixa-b150,sis-p01,98,1272
baixa-b150,sis-p01,99,1453
baixa-b150,sis-p10,1,0
baixa-b150,sis-p10,2,0
baixa-b150,sis-p10,3,0
baixa-b150,sis-p10,4,0
baixa-b150,sis-p10,5,0
baixa-b150,sis-p10,6,0
baixa-b150,sis-p10,7,0
baixa-b150,sis-p10,8,0
baixa-b150,sis-p10,9,0
baixa-b150,sis-p10,10,0
baixa-b150,sis-p10,11,0
baixa-b150,sis-p10,12,1
baixa-b150,sis-p10,13,1
baixa-b150,sis-p10,14,1
baixa-b150,sis-p10,15,1
baixa-b150,sis-p10,16,1
baixa-b150,sis-p10,17,1
baixa-b150,sis-p10,18,2
baixa-b150,sis-p10,19,2
baixa-b150,sis-p10,20,2
baixa-b150,sis-p10,21,2
baixa-b150,sis-p10,22,2
baixa-b150,sis-p10,23,3
baixa-b150,sis-p10,24,3
baixa-b150,sis-p10,25,3
baixa-b150,sis-p10,26,4
baixa-b150,sis-p10,27,4
baixa-b150,sis-p10,28,4
baixa-b150,sis-p10,29,5
baixa-b150,sis-p10,30,5
baixa-b150,sis-p10,31,5
baixa-b150,sis-p10,32,6
baixa-b150,sis-p10,33,6
baixa-b150,sis-p10,34,7
baixa-b150,sis-p10,35,8
baixa-b150,sis-p10,36,8
baixa-b150,sis-p10,37,9
baixa-b150,sis-p10,38,9
baixa-b150,sis-p10,39,10
baixa-b150,sis-p10,40,11
baixa-b150,sis-p10,41,12
baixa-b150,sis-p10,42,13
baixa-b150,sis-p10,43,14
baixa-b150,sis-p10,44,15
baixa-b150,sis-p10,45,16
baixa-b150,sis-p10,46,17
baixa-b150,sis-p10,47,18
baixa-b150,sis-p10,48,19
baixa-b150,sis-p10,49,21
baixa-b150,sis-p10,50,22
baixa-b150,sis-p10,51,24
baixa-b150,sis-p10,52,26
baixa-b150,sis-p10,53,28
baixa-b150,sis-p10,54,30
baixa-b150,sis-p10,55,32
baixa-b150,sis-p10,56,34
baixa-b150,sis-p10,57,37
baixa-b150,sis-p10,58,40
baixa-b150,sis-p10,59,43
baixa-b150,sis-p10,60,47
baixa-b150,sis-p10,61,50
baixa-b150,sis-p10,62,54
baixa-b150,sis-p10,63,58
baixa-b150,sis-p10,64,62
baixa-b150,sis-p10,65,67
baixa-b150,sis-p10,66,72
baixa-b150,sis-p10,67,78
baixa-b150,sis-p10,68,84
baixa-b150,sis-p10,69,91
baixa-b150,sis-p10,70,99
baixa-b150,sis-p10,71,107
baixa-b150,sis-p10,72,116
baixa-b150,sis-p10,73,126
baixa-b150,sis-p10,74,138
baixa-b150,sis-p10,75,150
baixa-b150,sis-p10,76,164
baixa-b150,sis-p10,77,181
baixa-b150,sis-p10,78,199
baixa-b150,sis-p10,79,218
baixa-b150,sis-p10,80,241
baixa-b150,sis-p10,81,266
baixa-b150,sis-p10,82,298
baixa-b150,sis-p10,83,332
baixa-b150,sis-p10,84,372
baixa-b150,sis-p10,85,417
baixa-b150,sis-p10,86,469
baixa-b150,sis-p10,87,532
baixa-b150,sis-p10,88,600
baixa-b150,sis-p10,89,685
baixa-b150,sis-p10,90,780
baixa-b150,sis-p10,91,906
baixa-b150,sis-p10,92,1056
baixa-b150,sis-p10,93,1235
baixa-b150,sis-p10,94,1475
baixa-b150,sis-p10,95,1820
baixa-b150,sis-p10,96,2219
baixa-b150,sis-p10,97,2823
baixa-b150,sis-p10,98,3617
baixa-b150,sis-p10,99,4832
baixa-b150,sis-p20,1,0
baixa-b150,sis-p20,2,0
baixa-b150,sis-p20,3,0
baixa-b150,sis-p20,4,0
baixa-b150,sis-p20,5,0
baixa-b150,sis-p20,6,0
baixa-b150,sis-p20,7,0
baixa-b150,sis-p20,8,0
baixa-b150,sis-p20,9,0
baixa-b150,sis-p20,10,0
baixa-b150,sis-p20,11,0
baixa-b150,sis-p20,12,0
baixa-b150,sis-p20,13,0
baixa-b150,sis-p20,14,0
baixa-b150,sis-p20,15,1
baixa-b150,sis-p20,16,1
baixa-b150,sis-p20,17,1
baixa-b150,sis-p20,18,1
baixa-b150,sis-p20,19,1
baixa-b150,sis-p20,20,1
baixa-b150,sis-p20,21,1
baixa-b150,sis-p20,22,1
baixa-b150,sis-p20,23,2
baixa-b150,sis-p20,24,2
baixa-b150,sis-p20,25,2
baixa-b150,sis-p20,26,2
baixa-b150,sis-p20,27,2
baixa-b150,sis-p20,28,2
baixa-b150,sis-p20,29,3
baixa-b150,sis-p20,30,3
baixa-b150,sis-p20,31,3
baixa-b150,sis-p20,32,3
baixa-b150,sis-p20,33,4
baixa-b150,sis-p20,34,4
baixa-b150,sis-p20,35,4
baixa-b150,sis-p20,36,4
baixa-b150,sis-p20,37,5
baixa-b150,sis-p20,38,5
baixa-b150,sis-p20,39,6
baixa-b150,sis-p20,40,6
baixa-b150,sis-p20,41,6
baixa-b150,sis-p20,42,7
baixa-b150,sis-p20,43,7
baixa-b150,sis-p20,44,8
baixa-b150,sis-p20,45,8
baixa-b150,sis-p20,46,9
baixa-b150,sis-p20,47,10
baixa-b150,sis-p20,48,10
baixa-b150,sis-p20,49,11
baixa-b150,sis-p20,50,12
baixa-b150,sis-p20,51,13
baixa-b150,sis-p20,52,14
baixa-b150,sis-p20,53,15
baixa-b150,sis-p20,54,16
baixa-b150,sis-p20,55,17
baixa-b150,sis-p20,56,18
baixa-b150,sis-p20,57,19
baixa-b150,sis-p20,58,21
baixa-b150,sis-p20,59,22
baixa-b150,sis-p20,60,24
baixa-b150,sis-p20,61,26
baixa-b150,sis-p20,62,28
baixa-b150,sis-p20,63,30
baixa-b150,sis-p20,64,32
baixa-b150,sis-p20,65,35
baixa-b150,sis-p20,66,37
baixa-b150,sis-p20,67,40
baixa-b150,sis-p20,68,44
baixa-b150,sis-p20,69,47
baixa-b150,sis-p20,70,51
baixa-b150,sis-p20,71,56
baixa-b150,sis-p20,72,61
baixa-b150,sis-p20,73,66
baixa-b150,sis-p20,74,72
baixa-b150,sis-p20,75,79
baixa-b150,sis-p20,76,86
baixa-b150,sis-p20,77,94
baixa-b150,sis-p20,78,104
baixa-b150,sis-p20,79,115
baixa-b150,sis-p20,80,127
baixa-b150,sis-p20,81,141
baixa-b150,sis-p20,82,157
baixa-b150,sis-p20,83,175
baixa-b150,sis-p20,84,198
baixa-b150,sis-p20,85,224
baixa-b150,sis-p20,86,256
baixa-b150,sis-p20,87,293
baixa-b150,sis-p20,88,337
baixa-b150,sis-p20,89,393
baixa-b150,sis-p20,90,462
baixa-b150,sis-p20,91,550
baixa-b150,sis-p20,92,662
baixa-b150,sis-p20,93,800
baixa-b150,sis-p20,94,993
baixa-b150,sis-p20,95,1259
baixa-b150,sis-p20,96,1630
baixa-b150,sis-p20,97,2210
baixa-b150,sis-p20,98,3134
baixa-b150,sis-p20,99,4730
baixa-b150,jan-p01-t1k,1,0
baixa-b150,jan-p01-t1k,2,0
baixa-b150,jan-p01-t1k,3,0
baixa-b150,jan-p01-t1k,4,0
baixa-b150,jan-p01-t1k,5,0
baixa-b150,jan-p01-t1k,6,0
baixa-b150,jan-p01-t1k,7,0
baixa-b150,jan-p01-t1k,8,0
baixa-b150,jan-p01-t1k,9,0
baixa-b150,jan-p01-t1k,10,0
baixa-b150,jan-p01-t1k,11,0
baixa-b150,jan-p01-t1k,12,0
baixa-b150,jan-p01-t1k,13,0
baixa-b150,jan-p01-t1k,14,0
baixa-b150,jan-p01-t1k,15,0
baixa-b150,jan-p01-t1k,16,0
baixa-b150,jan-p01-t1k,17,0
baixa-b150,jan-p01-t1k,18,0
baixa-b150,jan-p01-t1k,19,0
baixa-b150,jan-p01-t1k,20,0
baixa-b150,jan-p01-t1k,21,0
baixa-b150,jan-p01-t1k,22,0
baixa-b150,jan-p01-t1k,23,0
baixa-b150,jan-p01-t1k,24,0
baixa-b150,jan-p01-t1k,25,0
baixa-b150,jan-p01-t1k,26,0
baixa-b150,jan-p01-t1k,27,0
baixa-b150,jan-p01-t1k,28,0
baixa-b150,jan-p01-t1k,29,0
baixa-b150,jan-p01-t1k,30,0
baixa-b150,jan-p01-t1k,31,0
baixa-b150,jan-p01-t1k,32,0
baixa-b150,jan-p01-t1k,33,0
baixa-b150,jan-p01-t1k,34,0
baixa-b150,jan-p01-t1k,35,0
baixa-b150,jan-p01-t1k,36,0
baixa-b150,jan-p01-t1k,37,0
baixa-b150,jan-p01-t1k,38,0
baixa-b150,jan-p01-t1k,39,0
baixa-b150,jan-p01-t1k,40,0
baixa-b150,jan-p01-t1k,41,0
baixa-b150,jan-p01-t1k,42,0
baixa-b150,jan-p01-t1k,43,1
baixa-b150,jan-p01-t1k,44,1
baixa-b150,jan-p01-t1k,45,1
baixa-b150,jan-p01-t1k,46,1
baixa-b150,jan-p01-t1k,47,1
baixa-b150,jan-p01-t1k,48,1
baixa-b150,jan-p01-t1k,49,1
baixa-b150,jan-p01-t1k,50,1
baixa-b150,jan-p01-t1k,51,1
baixa-b150,jan-p01-t1k,52,1
baixa-b150,jan-p01-t1k,53,1
baixa-b150,jan-p01-t1k,54,1
baixa-b150,jan-p01-t1k,55,1
baixa-b150,jan-p01-t1k,56,1
baixa-b150,jan-p01-t1k,57,2
baixa-b150,jan-p01-t1k,58,2
baixa-b150,jan-p01-t1k,59,2
baixa-b150,jan-p01-t1k,60,2
baixa-b150,jan-p01-t1k,61,2
baixa-b150,jan-p01-t1k,62,2
baixa-b150,jan-p01-t1k,63,2
baixa-b150,jan-p01-t1k,64,2
baixa-b150,jan-p01-t1k,65,2
baixa-b150,jan-p01-t1k,66,3
baixa-b150,jan-p01-t1k,67,3
baixa-b150,jan-p01-t1k,68,3
baixa-b150,jan-p01-t1k,69,3
baixa-b150,jan-p01-t1k,70,3
baixa-b150,jan-p01-t1k,71,4
baixa-b150,jan-p01-t1k,72,4
baixa-b150,jan-p01-t1k,73,4
baixa-b150,jan-p01-t1k,74,4
baixa-b150,jan-p01-t1k,75,5
baixa-b150,jan-p01-t1k,76,5
baixa-b150,jan-p01-t1k,77,5
baixa-b150,jan-p01-t1k,78,6
baixa-b150,jan-p01-t1k,79,6
baixa-b150,jan-p01-t1k,80,7
baixa-b150,jan-p01-t1k,81,7
baixa-b150,jan-p01-t1k,82,8
baixa-b150,jan-p01-t1k,83,9
baixa-b150,jan-p01-t1k,84,9
baixa-b150,jan-p01-t1k,85,10
baixa-b150,jan-p01-t1k,86,11
baixa-b150,jan-p01-t1k,87,12
baixa-b150,jan-p01-t1k,88,14
baixa-b150,jan-p01-t1k,89,15
baixa-b150,jan-p01-t1k,90,17
baixa-b150,jan-p01-t1k,91,19
baixa-b150,jan-p01-t1k,92,21
baixa-b150,jan-p01-t1k,93,24
baixa-b150,jan-p01-t1k,94,27
baixa-b150,jan-p01-t1k,95,31
baixa-b150,jan-p01-t1k,96,36
baixa-b150,jan-p01-t1k,97,43
baixa-b150,jan-p01-t1k,98,53
baixa-b150,jan-p01-t1k,99,76
baixa-b150,jan-p10-t1k,1,0
baixa-b150,jan-p10-t1k,2,0
baixa-b150,jan-p10-t1k,3,0
baixa-b150,jan-p10-t1k,4,0
baixa-b150,jan-p10-t1k,5,0
baixa-b150,jan-p10-t1k,6,0
baixa-b150,jan-p10-t1k,7,0
baixa-b150,jan-p10-t1k,8,0
baixa-b150,jan-p10-t1k,9,0
baixa-b150,jan-p10-t1k,10,0
baixa-b150,jan-p10-t1k,11,0
baixa-b150,jan-p10-t1k,12,0
baixa-b150,jan-p10-t1k,13,0
baixa-b150,jan-p10-t1k,14,0
baixa-b150,jan-p10-t1k,15,0
baixa-b150,jan-p10-t1k,16,0
baixa-b150,jan-p10-t1k,17,0
baixa-b150,jan-p10-t1k,18,0
baixa-b150,jan-p10-t1k,19,0
baixa-b150,jan-p10-t1k,20,0
baixa-b150,jan-p10-t1k,21,0
baixa-b150,jan-p10-t1k,22,0
baixa-b150,jan-p10-t1k,23,0
baixa-b150,jan-p10-t1k,24,0
baixa-b150,jan-p10-t1k,25,0
baixa-b150,jan-p10-t1k,26,0
baixa-b150,jan-p10-t1k,27,0
baixa-b150,jan-p10-t1k,28,0
baixa-b150,jan-p10-t1k,29,0
baixa-b150,jan-p10-t1k,30,0
baixa-b150,jan-p10-t1k,31,0
baixa-b150,jan-p10-t1k,32,0
baixa-b150,jan-p10-t1k,33,0
baixa-b150,jan-p10-t1k,34,0
baixa-b150,jan-p10-t1k,35,0
baixa-b150,jan-p10-t1k,36,0
baixa-b150,jan-p10-t1k,37,0
baixa-b150,jan-p10-t1k,38,0
baixa-b150,jan-p10-t1k,39,0
baixa-b150,jan-p10-t1k,40,0
baixa-b150,jan-p10-t1k,41,0
baixa-b150,jan-p10-t1k,42,1
baixa-b150,jan-p10-t1k,43,1
baixa-b150,jan-p10-t1k,44,1
baixa-b150,jan-p10-t1k,45,1
baixa-b150,jan-p10-t1k,46,1
baixa-b150,jan-p10-t1k,47,1
baixa-b150,jan-p10-t1k,48,1
baixa-b150,jan-p10-t1k,49,1
baixa-b150,jan-p10-t1k,50,1
baixa-b150,jan-p10-t1k,51,1
baixa-b150,jan-p10-t1k,52,1
baixa-b150,jan-p10-t1k,53,1
baixa-b150,jan-p10-t1k,54,1
baixa-b150,jan-p10-t1k,55,1
baixa-b150,jan-p10-t1k,56,1
baixa-b150,jan-p10-t1k,57,2
baixa-b150,jan-p10-t1k,58,2
baixa-b150,jan-p10-t1k,59,2
baixa-b150,jan-p10-t1k,60,2
baixa-b150,jan-p10-t1k,61,2
baixa-b150,jan-p10-t1k,62,2
baixa-b150,jan-p10-t1k,63,2
baixa-b150,jan-p10-t1k,64,2
baixa-b150,jan-p10-t1k,65,3
baixa-b150,jan-p10-t1k,66,3
baixa-b150,jan-p10-t1k,67,3
baixa-b150,jan-p10-t1k,68,3
baixa-b150,jan-p10-t1k,69,3
baixa-b150,jan-p10-t1k,70,4
baixa-b150,jan-p10-t1k,71,4
baixa-b150,jan-p10-t1k,72,4
baixa-b150,jan-p10-t1k,73,4
baixa-b150,jan-p10-t1k,74,5
baixa-b150,jan-p10-t1k,75,5
baixa-b150,jan-p10-t1k,76,5
baixa-b150,jan-p10-t1k,77,6
baixa-b150,jan-p10-t1k,78,6
baixa-b150,jan-p10-t1k,79,7
baixa-b150,jan-p10-t1k,80,7
baixa-b150,jan-p10-t1k,81,8
baixa-b150,jan-p10-t1k,82,9
baixa-b150,jan-p10-t1k,83,9
baixa-b150,jan-p10-t1k,84,10
baixa-b150,jan-p10-t1k,85,11
baixa-b150,jan-p10-t1k,86,12
baixa-b150,jan-p10-t1k,87,14
baixa-b150,jan-p10-t1k,88,15
baixa-b150,jan-p10-t1k,89,17
baixa-b150,jan-p10-t1k,90,19
baixa-b150,jan-p10-t1k,91,21
baixa-b150,jan-p10-t1k,92,24
baixa-b150,jan-p10-t1k,93,28
baixa-b150,jan-p10-t1k,94,32
baixa-b150,jan-p10-t1k,95,39
baixa-b150,jan-p10-t1k,96,47
baixa-b150,jan-p10-t1k,97,60
baixa-b150,jan-p10-t1k,98,86
baixa-b150,jan-p10-t1k,99,216
baixa-b150,jan-p20-t1k,1,0
baixa-b150,jan-p20-t1k,2,0
baixa-b150,jan-p20-t1k,3,0
baixa-b150,jan-p20-t1k,4,0
baixa-b150,jan-p20-t1k,5,0
baixa-b150,jan-p20-t1k,6,0
baixa-b150,jan-p20-t1k,7,0
baixa-b150,jan-p20-t1k,8,0
baixa-b150,jan-p20-t1k,9,0
baixa-b150,jan-p20-t1k,10,0
baixa-b150,jan-p20-t1k,11,0
baixa-b150,jan-p20-t1k,12,0
baixa-b150,jan-p20-t1k,13,0
baixa-b150,jan-p20-t1k,14,0
baixa-b150,jan-p20-t1k,15,0
baixa-b150,jan-p20-t1k,16,0
baixa-b150,jan-p20-t1k,17,0
baixa-b150,jan-p20-t1k,18,0
baixa-b150,jan-p20-t1k,19,0
baixa-b150,jan-p20-t1k,20,0
baixa-b150,jan-p20-t1k,21,0
baixa-b150,jan-p20-t1k,22,0
baixa-b150,jan-p20-t1k,23,0
baixa-b150,jan-p20-t1k,24,0
baixa-b150,jan-p20-t1k,25,0
baixa-b150,jan-p20-t1k,26,0
baixa-b150,jan-p20-t1k,27,0
baixa-b150,jan-p20-t1k,28,0
baixa-b150,jan-p20-t1k,29,0
baixa-b150,jan-p20-t1k,30,0
baixa-b150,jan-p20-t1k,31,0
baixa-b150,jan-p20-t1k,32,0
baixa-b150,jan-p20-t1k,33,0
baixa-b150,jan-p20-t1k,34,0
baixa-b150,jan-p20-t1k,35,0
baixa-b150,jan-p20-t1k,36,0
baixa-b150,jan-p20-t1k,37,0
baixa-b150,jan-p20-t1k,38,0
baixa-b150,jan-p20-t1k,39,0
baixa-b150,jan-p20-t1k,40,0
baixa-b150,jan-p20-t1k,41,0
baixa-b150,jan-p20-t1k,42,1
baixa-b150,jan-p20-t1k,43,1
baixa-b150,jan-p20-t1k,44,1
baixa-b150,jan-p20-t1k,45,1
baixa-b150,jan-p20-t1k,46,1
baixa-b150,jan-p20-t1k,47,1
baixa-b150,jan-p20-t1k,48,1
baixa-b150,jan-p20-t1k,49,1
baixa-b150,jan-p20-t1k,50,1
baixa-b150,jan-p20-t1k,51,1
baixa-b150,jan-p20-t1k,52,1
baixa-b150,jan-p20-t1k,53,1
baixa-b150,jan-p20-t1k,54,1
baixa-b150,jan-p20-t1k,55,1
baixa-b150,jan-p20-t1k,56,2
baixa-b150,jan-p20-t1k,57,2
baixa-b150,jan-p20-t1k,58,2
baixa-b150,jan-p20-t1k,59,2
baixa-b150,jan-p20-t1k,60,2
baixa-b150,jan-p20-t1k,61,2
baixa-b150,jan-p20-t1k,62,2
baixa-b150,jan-p20-t1k,63,2
baixa-b150,jan-p20-t1k,64,3
baixa-b150,jan-p20-t1k,65,3
baixa-b150,jan-p20-t1k,66,3
baixa-b150,jan-p20-t1k,67,3
baixa-b150,jan-p20-t1k,68,3
baixa-b150,jan-p20-t1k,69,4
baixa-b150,jan-p20-t1k,70,4
baixa-b150,jan-p20-t1k,71,4
baixa-b150,jan-p20-t1k,72,4
baixa-b150,jan-p20-t1k,73,5
baixa-b150,jan-p20-t1k,74,5
baixa-b150,jan-p20-t1k,75,5
baixa-b150,jan-p20-t1k,76,6
baixa-b150,jan-p20-t1k,77,6
baixa-b150,jan-p20-t1k,78,7
baixa-b150,jan-p20-t1k,79,7
baixa-b150,jan-p20-t1k,80,8
baixa-b150,jan-p20-t1k,81,9
baixa-b150,jan-p20-t1k,82,10
baixa-b150,jan-p20-t1k,83,10
baixa-b150,jan-p20-t1k,84,12
baixa-b150,jan-p20-t1k,85,13
baixa-b150,jan-p20-t1k,86,14
baixa-b150,jan-p20-t1k,87,16
baixa-b150,jan-p20-t1k,88,18
baixa-b150,jan-p20-t1k,89,20
baixa-b150,jan-p20-t1k,90,23
baixa-b150,jan-p20-t1k,91,26
baixa-b150,jan-p20-t1k,92,30
baixa-b150,jan-p20-t1k,93,36
baixa-b150,jan-p20-t1k,94,43
baixa-b150,jan-p20-t1k,95,54
baixa-b150,jan-p20-t1k,96,72
baixa-b150,jan-p20-t1k,97,106
baixa-b150,jan-p20-t1k,98,238
baixa-b150,jan-p20-t1k,99,746
baixa-b150,jan-p01-t10k,1,0
baixa-b150,jan-p01-t10k,2,0
baixa-b150,jan-p01-t10k,3,0
baixa-b150,jan-p01-t10k,4,0
baixa-b150,jan-p01-t10k,5,0
baixa-b150,jan-p01-t10k,6,0
baixa-b150,jan-p01-t10k,7,0
baixa-b150,jan-p01-t10k,8,0
baixa-b150,jan-p01-t10k,9,0
baixa-b150,jan-p01-t10k,10,0
baixa-b150,jan-p01-t10k,11,0
baixa-b150,jan-p01-t10k,12,0
baixa-b150,jan-p01-t10k,13,0
baixa-b150,jan-p01-t10k,14,0
baixa-b150,jan-p01-t10k,15,0
baixa-b150,jan-p01-t10k,16,0
baixa-b150,jan-p01-t10k,17,0
baixa-b150,jan-p01-t10k,18,0
baixa-b150,jan-p01-t10k,19,0
baixa-b150,jan-p01-t10k,20,0
baixa-b150,jan-p01-t10k,21,0
baixa-b150,jan-p01-t10k,22,0
baixa-b150,jan-p01-t10k,23,0
baixa-b150,jan-p01-t10k,24,0
baixa-b150,jan-p01-t10k,25,0
baixa-b150,jan-p01-t10k,26,0
baixa-b150,jan-p01-t10k,27,0
baixa-b150,jan-p01-t10k,28,0
baixa-b150,jan-p01-t10k,29,0
baixa-b150,jan-p01-t10k,30,0
baixa-b150,jan-p01-t10k,31,0
baixa-b150,jan-p01-t10k,32,0
baixa-b150,jan-p01-t10k,33,0
baixa-b150,jan-p01-t10k,34,0
baixa-b150,jan-p01-t10k,35,0
baixa-b150,jan-p01-t10k,36,0
baixa-b150,jan-p01-t10k,37,0
baixa-b150,jan-p01-t10k,38,0
baixa-b150,jan-p01-t10k,39,0
baixa-b150,jan-p01-t10k,40,1
baixa-b150,jan-p01-t10k,41,1
baixa-b150,jan-p01-t10k,42,1
baixa-b150,jan-p01-t10k,43,1
baixa-b150,jan-p01-t10k,44,1
baixa-b150,jan-p01-t10k,45,1
baixa-b150,jan-p01-t10k,46,1
baixa-b150,jan-p01-t10k,47,1
baixa-b150,jan-p01-t10k,48,1
baixa-b150,jan-p01-t10k,49,1
baixa-b150,jan-p01-t10k,50,1
baixa-b150,jan-p01-t10k,51,1
baixa-b150,jan-p01-t10k,52,1
baixa-b150,jan-p01-t10k,53,1
baixa-b150,jan-p01-t10k,54,2
baixa-b150,jan-p01-t10k,55,2
baixa-b150,jan-p01-t10k,56,2
baixa-b150,jan-p01-t10k,57,2
baixa-b150,jan-p01-t10k,58,2
baixa-b150,jan-p01-t10k,59,2
baixa-b150,jan-p01-t10k,60,2
baixa-b150,jan-p01-t10k,61,2
baixa-b150,jan-p01-t10k,62,3
baixa-b150,jan-p01-t10k,63,3
baixa-b150,jan-p01-t10k,64,3
baixa-b150,jan-p01-t10k,65,3
baixa-b150,jan-p01-t10k,66,3
baixa-b150,jan-p01-t10k,67,4
baixa-b150,jan-p01-t10k,68,4
baixa-b150,jan-p01-t10k,69,4
baixa-b150,jan-p01-t10k,70,4
baixa-b150,jan-p01-t10k,71,5
baixa-b150,jan-p01-t10k,72,5
baixa-b150,jan-p01-t10k,73,6
baixa-b150,jan-p01-t10k,74,6
baixa-b150,jan-p01-t10k,75,7
baixa-b150,jan-p01-t10k,76,7
baixa-b150,jan-p01-t10k,77,8
baixa-b150,jan-p01-t10k,78,8
baixa-b150,jan-p01-t10k,79,9
baixa-b150,jan-p01-t10k,80,10
baixa-b150,jan-p01-t10k,81,11
baixa-b150,jan-p01-t10k,82,12
baixa-b150,jan-p01-t10k,83,14
baixa-b150,jan-p01-t10k,84,15
baixa-b150,jan-p01-t10k,85,17
baixa-b150,jan-p01-t10k,86,19
baixa-b150,jan-p01-t10k,87,22
baixa-b150,jan-p01-t10k,88,25
baixa-b150,jan-p01-t10k,89,28
baixa-b150,jan-p01-t10k,90,33
baixa-b150,jan-p01-t10k,91,38
baixa-b150,jan-p01-t10k,92,47
baixa-b150,jan-p01-t10k,93,57
baixa-b150,jan-p01-t10k,94,67
baixa-b150,jan-p01-t10k,95,81
baixa-b150,jan-p01-t10k,96,101
baixa-b150,jan-p01-t10k,97,131
baixa-b150,jan-p01-t10k,98,183
baixa-b150,jan-p01-t10k,99,290
baixa-b150,jan-p10-t10k,1,0
baixa-b150,jan-p10-t10k,2,0
baixa-b150,jan-p10-t10k,3,0
baixa-b150,jan-p10-t10k,4,0
baixa-b150,jan-p10-t10k,5,0
baixa-b150,jan-p10-t10k,6,0
baixa-b150,jan-p10-t10k,7,0
baixa-b150,jan-p10-t10k,8,0
baixa-b150,jan-p10-t10k,9,0
baixa-b150,jan-p10-t10k,10,0
baixa-b150,jan-p10-t10k,11,0
baixa-b150,jan-p10-t10k,12,0
baixa-b150,jan-p10-t10k,13,0
baixa-b150,jan-p10-t10k,14,0
baixa-b150,jan-p10-t10k,15,0
baixa-b150,jan-p10-t10k,16,0
baixa-b150,jan-p10-t10k,17,0
baixa-b150,jan-p10-t10k,18,0
baixa-b150,jan-p10-t10k,19,0
baixa-b150,jan-p10-t10k,20,0
baixa-b150,jan-p10-t10k,21,0
baixa-b150,jan-p10-t10k,22,0
baixa-b150,jan-p10-t10k,23,0
baixa-b150,jan-p10-t10k,24,0
baixa-b150,jan-p10-t10k,25,0
baixa-b150,jan-p10-t10k,26,0
baixa-b150,jan-p10-t10k,27,0
baixa-b150,jan-p10-t10k,28,0
baixa-b150,jan-p10-t10k,29,0
baixa-b150,jan-p10-t10k,30,0
baixa-b150,jan-p10-t10k,31,0
baixa-b150,jan-p10-t10k,32,0
baixa-b150,jan-p10-t10k,33,0
baixa-b150,jan-p10-t10k,34,0
baixa-b150,jan-p10-t10k,35,0
baixa-b150,jan-p10-t10k,36,0
baixa-b150,jan-p10-t10k,37,0
baixa-b150,jan-p10-t10k,38,0
baixa-b150,jan-p10-t10k,39,0
baixa-b150,jan-p10-t10k,40,0
baixa-b150,jan-p10-t10k,41,1
baixa-b150,jan-p10-t10k,42,1
baixa-b150,jan-p10-t10k,43,1
baixa-b150,jan-p10-t10k,44,1
baixa-b150,jan-p10-t10k,45,1
baixa-b150,jan-p10-t10k,46,1
baixa-b150,jan-p10-t10k,47,1
baixa-b150,jan-p10-t10k,48,1
baixa-b150,jan-p10-t10k,49,1
baixa-b150,jan-p10-t10k,50,1
baixa-b150,jan-p10-t10k,51,1
baixa-b150,jan-p10-t10k,52,1
baixa-b150,jan-p10-t10k,53,1
baixa-b150,jan-p10-t10k,54,1
baixa-b150,jan-p10-t10k,55,2
baixa-b150,jan-p10-t10k,56,2
baixa-b150,jan-p10-t10k,57,2
baixa-b150,jan-p10-t10k,58,2
baixa-b150,jan-p10-t10k,59,2
baixa-b150,jan-p10-t10k,60,2
baixa-b150,jan-p10-t10k,61,2
baixa-b150,jan-p10-t10k,62,3
baixa-b150,jan-p10-t10k,63,3
baixa-b150,jan-p10-t10k,64,3
baixa-b150,jan-p10-t10k,65,3
baixa-b150,jan-p10-t10k,66,3
baixa-b150,jan-p10-t10k,67,4
baixa-b150,jan-p10-t10k,68,4
baixa-b150,jan-p10-t10k,69,4
baixa-b150,jan-p10-t10k,70,4
baixa-b150,jan-p10-t10k,71,5
baixa-b150,jan-p10-t10k,72,5
baixa-b150,jan-p10-t10k,73,6
baixa-b150,jan-p10-t10k,74,6
baixa-b150,jan-p10-t10k,75,6
baixa-b150,jan-p10-t10k,76,7
baixa-b150,jan-p10-t10k,77,8
baixa-b150,jan-p10-t10k,78,8
baixa-b150,jan-p10-t10k,79,9
baixa-b150,jan-p10-t10k,80,10
baixa-b150,jan-p10-t10k,81,11
baixa-b150,jan-p10-t10k,82,12
baixa-b150,jan-p10-t10k,83,13
baixa-b150,jan-p10-t10k,84,15
baixa-b150,jan-p10-t10k,85,16
baixa-b150,jan-p10-t10k,86,18
baixa-b150,jan-p10-t10k,87,21
baixa-b150,jan-p10-t10k,88,24
baixa-b150,jan-p10-t10k,89,27
baixa-b150,jan-p10-t10k,90,31
baixa-b150,jan-p10-t10k,91,36
baixa-b150,jan-p10-t10k,92,43
baixa-b150,jan-p10-t10k,93,52
baixa-b150,jan-p10-t10k,94,63
baixa-b150,jan-p10-t10k,95,79
baixa-b150,jan-p10-t10k,96,100
baixa-b150,jan-p10-t10k,97,133
baixa-b150,jan-p10-t10k,98,187
baixa-b150,jan-p10-t10k,99,303
baixa-b150,jan-p20-t10k,1,0
baixa-b150,jan-p20-t10k,2,0
baixa-b150,jan-p20-t10k,3,0
baixa-b150,jan-p20-t10k,4,0
baixa-b150,jan-p20-t10k,5,0
baixa-b150,jan-p20-t10k,6,0
baixa-b150,jan-p20-t10k,7,0
baixa-b150,jan-p20-t10k,8,0
baixa-b150,jan-p20-t10k,9,0
baixa-b150,jan-p20-t10k,10,0
baixa-b150,jan-p20-t10k,11,0
baixa-b150,jan-p20-t10k,12,0
baixa-b150,jan-p20-t10k,13,0
baixa-b150,jan-p20-t10k,14,0
baixa-b150,jan-p20-t10k,15,0
baixa-b150,jan-p20-t10k,16,0
baixa-b150,jan-p20-t10k,17,0
baixa-b150,jan-p20-t10k,18,0
baixa-b150,jan-p20-t10k,19,0
baixa-b150,jan-p20-t10k,20,0
baixa-b150,jan-p20-t10k,21,0
baixa-b150,jan-p20-t10k,22,0
baixa-b150,jan-p20-t10k,23,0
baixa-b150,jan-p20-t10k,24,0
baixa-b150,jan-p20-t10k,25,0
baixa-b150,jan-p20-t10k,26,0
baixa-b150,jan-p20-t10k,27,0
baixa-b150,jan-p20-t10k,28,0
baixa-b150,jan-p20-t10k,29,0
baixa-b150,jan-p20-t10k,30,0
baixa-b150,jan-p20-t10k,31,0
baixa-b150,jan-p20-t10k,32,0
baixa-b150,jan-p20-t10k,33,0
baixa-b150,jan-p20-t10k,34,0
baixa-b150,jan-p20-t10k,35,0
baixa-b150,jan-p20-t10k,36,0
baixa-b150,jan-p20-t10k,37,0
baixa-b150,jan-p20-t10k,38,0
baixa-b150,jan-p20-t10k,39,0
baixa-b150,jan-p20-t10k,40,1
baixa-b150,jan-p20-t10k,41,1
baixa-b150,jan-p20-t10k,42,1
baixa-b150,jan-p20-t10k,43,1
baixa-b150,jan-p20-t10k,44,1
baixa-b150,jan-p20-t10k,45,1
baixa-b150,jan-p20-t10k,46,1
baixa-b150,jan-p20-t10k,47,1
baixa-b150,jan-p20-t10k,48,1
baixa-b150,jan-p20-t10k,49,1
baixa-b150,jan-p20-t10k,50,1
baixa-b150,jan-p20-t10k,51,1
baixa-b150,jan-p20-t10k,52,1
baixa-b150,jan-p20-t10k,53,1
baixa-b150,jan-p20-t10k,54,2
baixa-b150,jan-p20-t10k,55,2
baixa-b150,jan-p20-t10k,56,2
baixa-b150,jan-p20-t10k,57,2
baixa-b150,jan-p20-t10k,58,2
baixa-b150,jan-p20-t10k,59,2
baixa-b150,jan-p20-t10k,60,2
baixa-b150,jan-p20-t10k,61,2
baixa-b150,jan-p20-t10k,62,3
baixa-b150,jan-p20-t10k,63,3
baixa-b150,jan-p20-t10k,64,3
baixa-b150,jan-p20-t10k,65,3
baixa-b150,jan-p20-t10k,66,3
baixa-b150,jan-p20-t10k,67,4
baixa-b150,jan-p20-t10k,68,4
baixa-b150,jan-p20-t10k,69,4
baixa-b150,jan-p20-t10k,70,4
baixa-b150,jan-p20-t10k,71,5
baixa-b150,jan-p20-t10k,72,5
baixa-b150,jan-p20-t10k,73,6
baixa-b150,jan-p20-t10k,74,6
baixa-b150,jan-p20-t10k,75,7
baixa-b150,jan-p20-t10k,76,7
baixa-b150,jan-p20-t10k,77,8
baixa-b150,jan-p20-t10k,78,8
baixa-b150,jan-p20-t10k,79,9
baixa-b150,jan-p20-t10k,80,10
baixa-b150,jan-p20-t10k,81,11
baixa-b150,jan-p20-t10k,82,12
baixa-b150,jan-p20-t10k,83,14
baixa-b150,jan-p20-t10k,84,15
baixa-b150,jan-p20-t10k,85,17
baixa-b150,jan-p20-t10k,86,19
baixa-b150,jan-p20-t10k,87,21
baixa-b150,jan-p20-t10k,88,24
baixa-b150,jan-p20-t10k,89,28
baixa-b150,jan-p20-t10k,90,32
baixa-b150,jan-p20-t10k,91,38
baixa-b150,jan-p20-t10k,92,45
baixa-b150,jan-p20-t10k,93,54
baixa-b150,jan-p20-t10k,94,67
baixa-b150,jan-p20-t10k,95,84
baixa-b150,jan-p20-t10k,96,108
baixa-b150,jan-p20-t10k,97,146
baixa-b150,jan-p20-t10k,98,214
baixa-b150,jan-p20-t10k,99,377
media-b100,completa,1,0
media-b100,completa,2,0
media-b100,completa,3,0
media-b100,completa,4,0
media-b100,completa,5,0
media-b100,completa,6,0
media-b100,completa,7,0
media-b100,completa,8,0
media-b100,completa,9,0
media-b100,completa,10,0
media-b100,completa,11,1
media-b100,completa,12,1
media-b100,completa,13,1
media-b100,completa,14,1
media-b100,completa,15,1
media-b100,completa,16,2
media-b100,completa,17,2
media-b100,completa,18,2
media-b100,completa,19,3
media-b100,completa,20,3
media-b100,completa,21,3
media-b100,completa,22,4
media-b100,completa,23,4
media-b100,completa,24,5
media-b100,completa,25,5
media-b100,completa,26,6
media-b100,completa,27,7
media-b100,completa,28,8
media-b100,completa,29,8
media-b100,completa,30,9
media-b100,completa,31,10
media-b100,completa,32,12
media-b100,completa,33,13
media-b100,completa,34,14
media-b100,completa,35,16
media-b100,completa,36,18
media-b100,completa,37,19
media-b100,completa,38,22
media-b100,completa,39,24
media-b100,completa,40,26
media-b100,completa,41,29
media-b100,completa,42,32
media-b100,completa,43,36
media-b100,completa,44,40
media-b100,completa,45,44
media-b100,completa,46,48
media-b100,completa,47,53
media-b100,completa,48,59
media-b100,completa,49,65
media-b100,completa,50,72
media-b100,completa,51,79
media-b100,completa,52,88
media-b100,completa,53,97
media-b100,completa,54,107
media-b100,completa,55,118
media-b100,completa,56,130
media-b100,completa,57,143
media-b100,completa,58,158
media-b100,completa,59,174
media-b100,completa,60,192
media-b100,completa,61,212
media-b100,completa,62,234
media-b100,completa,63,259
media-b100,completa,64,285
media-b100,completa,65,314
media-b100,completa,66,346
media-b100,completa,67,382
media-b100,completa,68,420
media-b100,completa,69,464
media-b100,completa,70,511
media-b100,completa,71,563
media-b100,completa,72,622
media-b100,completa,73,687
media-b100,completa,74,758
media-b100,completa,75,837
media-b100,completa,76,921
media-b100,completa,77,1014
media-b100,completa,78,1118
media-b100,completa,79,1233
media-b100,completa,80,1362
media-b100,completa,81,1503
media-b100,completa,82,1660
media-b100,completa,83,1830
media-b100,completa,84,2016
media-b100,completa,85,2224
media-b100,completa,86,2451
media-b100,completa,87,2705
media-b100,completa,88,2981
media-b100,completa,89,3292
media-b100,completa,90,3632
media-b100,completa,91,4006
media-b100,completa,92,4430
media-b100,completa,93,4896
media-b100,completa,94,5403
media-b100,completa,95,5958
media-b100,completa,96,6590
media-b100,completa,97,7310
media-b100,completa,98,8118
media-b100,completa,99,9006
media-b100,sis-p01,1,0
media-b100,sis-p01,2,1
media-b100,sis-p01,3,2
media-b100,sis-p01,4,4
media-b100,sis-p01,5,5
media-b100,sis-p01,6,8
media-b100,sis-p01,7,12
media-b100,sis-p01,8,16
media-b100,sis-p01,9,20
media-b100,sis-p01,10,25
media-b100,sis-p01,11,29
media-b100,sis-p01,12,33
media-b100,sis-p01,13,40
media-b100,sis-p01,14,48
media-b100,sis-p01,15,52
media-b100,sis-p01,16,58
media-b100,sis-p01,17,69
media-b100,sis-p01,18,75
media-b100,sis-p01,19,82
media-b100,sis-p01,20,92
media-b100,sis-p01,21,100
media-b100,sis-p01,22,108
media-b100,sis-p01,23,116
media-b100,sis-p01,24,130
media-b100,sis-p01,25,142
media-b100,sis-p01,26,150
media-b100,sis-p01,27,163
media-b100,sis-p01,28,169
media-b100,sis-p01,29,182
media-b100,sis-p01,30,197
media-b100,sis-p01,31,208
media-b100,sis-p01,32,230
media-b100,sis-p01,33,246
media-b100,sis-p01,34,263
media-b100,sis-p01,35,279
media-b100,sis-p01,36,296
media-b100,sis-p01,37,313
media-b100,sis-p01,38,327
media-b100,sis-p01,39,335
media-b100,sis-p01,40,359
media-b100,sis-p01,41,375
media-b100,sis-p01,42,395
media-b100,sis-p01,43,414
media-b100,sis-p01,44,427
media-b100,sis-p01,45,448
media-b100,sis-p01,46,462
media-b100,sis-p01,47,477
media-b100,sis-p01,48,495
media-b100,sis-p01,49,513
media-b100,sis-p01,50,539
media-b100,sis-p01,51,561
media-b100,sis-p01,52,581
media-b100,sis-p01,53,605
media-b100,sis-p01,54,639
media-b100,sis-p01,55,660
media-b100,sis-p01,56,674
media-b100,sis-p01,57,686
media-b100,sis-p01,58,710
media-b100,sis-p01,59,730
media-b100,sis-p01,60,752
media-b100,sis-p01,61,774
media-b100,sis-p01,62,800
media-b100,sis-p01,63,819
media-b100,sis-p01,64,851
media-b100,sis-p01,65,874
media-b100,sis-p01,66,906
media-b100,sis-p01,67,932
media-b100,sis-p01,68,959
media-b100,sis-p01,69,988
media-b100,sis-p01,70,1009
media-b100,sis-p01,71,1028
media-b100,sis-p01,72,1054
media-b100,sis-p01,73,1088
media-b100,sis-p01,74,1129
media-b100,sis-p01,75,1166
media-b100,sis-p01,76,1209
media-b100,sis-p01,77,1248
media-b100,sis-p01,78,1288
media-b100,sis-p01,79,1310
media-b100,sis-p01,80,1361
media-b100,sis-p01,81,1411
media-b100,sis-p01,82,1445
media-b100,sis-p01,83,1493
media-b100,sis-p01,84,1553
media-b100,sis-p01,85,1623
media-b100,sis-p01,86,1679
media-b100,sis-p01,87,1720
media-b100,sis-p01,88,1787
media-b100,sis-p01,89,1889
media-b100,sis-p01,90,1994
media-b100,sis-p01,91,2094
media-b100,sis-p01,92,2161
media-b100,sis-p01,93,2233
media-b100,sis-p01,94,2310
media-b100,sis-p01,95,2397
media-b100,sis-p01,96,2651
media-b100,sis-p01,97,2859
media-b100,sis-p01,98,3168
media-b100,sis-p01,99,3563
media-b100,sis-p10,1,0
media-b100,sis-p10,2,0
media-b100,sis-p10,3,1
media-b100,sis-p10,4,2
media-b100,sis-p10,5,3
media-b100,sis-p10,6,4
media-b100,sis-p10,7,6
media-b100,sis-p10,8,9
media-b100,sis-p10,9,11
media-b100,sis-p10,10,14
media-b100,sis-p10,11,18
media-b100,sis-p10,12,23
media-b100,sis-p10,13,28
media-b100,sis-p10,14,34
media-b100,sis-p10,15,41
media-b100,sis-p10,16,49
media-b100,sis-p10,17,57
media-b100,sis-p10,18,67
media-b100,sis-p10,19,79
media-b100,sis-p10,20,92
media-b100,sis-p10,21,105
media-b100,sis-p10,22,119
media-b100,sis-p10,23,134
media-b100,sis-p10,24,150
media-b100,sis-p10,25,170
media-b100,sis-p10,26,190
media-b100,sis-p10,27,212
media-b100,sis-p10,28,235
media-b100,sis-p10,29,261
media-b100,sis-p10,30,290
media-b100,sis-p10,31,320
media-b100,sis-p10,32,350
media-b100,sis-p10,33,383
media-b100,sis-p10,34,417
media-b100,sis-p10,35,455
media-b100,sis-p10,36,493
media-b100,sis-p10,37,531
media-b100,sis-p10,38,574
media-b100,sis-p10,39,619
media-b100,sis-p10,40,664
media-b100,sis-p10,41,711
media-b100,sis-p10,42,758
media-b100,sis-p10,43,806
media-b100,sis-p10,44,862
media-b100,sis-p10,45,916
media-b100,sis-p10,46,975
media-b100,sis-p10,47,1035
media-b100,sis-p10,48,1096
media-b100,sis-p10,49,1159
media-b100,sis-p10,50,1219
media-b100,sis-p10,51,1289
media-b100,sis-p10,52,1360
media-b100,sis-p10,53,1427
media-b100,sis-p10,54,1501
media-b100,sis-p10,55,1580
media-b100,sis-p10,56,1655
media-b100,sis-p10,57,1743
media-b100,sis-p10,58,1827
media-b100,sis-p10,59,1917
media-b100,sis-p10,60,2001
media-b100,sis-p10,61,2089
media-b100,sis-p10,62,2181
media-b100,sis-p10,63,2267
media-b100,sis-p10,64,2359
media-b100,sis-p10,65,2456
media-b100,sis-p10,66,2552
media-b100,sis-p10,67,2660
media-b100,sis-p10,68,2755
media-b100,sis-p10,69,2865
media-b100,sis-p10,70,2977
media-b100,sis-p10,71,3090
media-b100,sis-p10,72,3214
media-b100,sis-p10,73,3328
media-b100,sis-p10,74,3446
media-b100,sis-p10,75,3579
media-b100,sis-p10,76,3702
media-b100,sis-p10,77,3822
media-b100,sis-p10,78,3940
media-b100,sis-p10,79,4070
media-b100,sis-p10,80,4196
media-b100,sis-p10,81,4336
media-b100,sis-p10,82,4475
media-b100,sis-p10,83,4611
media-b100,sis-p10,84,4753
media-b100,sis-p10,85,4900
media-b100,sis-p10,86,5046
media-b100,sis-p10,87,5192
media-b100,sis-p10,88,5337
media-b100,sis-p10,89,5504
media-b100,sis-p10,90,5708
media-b100,sis-p10,91,5934
media-b100,sis-p10,92,6188
media-b100,sis-p10,93,6466
media-b100,sis-p10,94,6774
media-b100,sis-p10,95,7142
media-b100,sis-p10,96,7561
media-b100,sis-p10,97,8108
media-b100,sis-p10,98,8834
media-b100,sis-p10,99,10056
media-b100,sis-p20,1,0
media-b100,sis-p20,2,0
media-b100,sis-p20,3,0
media-b100,sis-p20,4,1
media-b100,sis-p20,5,1
media-b100,sis-p20,6,2
media-b100,sis-p20,7,3
media-b100,sis-p20,8,4
media-b100,sis-p20,9,5
media-b100,sis-p20,10,7
media-b100,sis-p20,11,8
media-b100,sis-p20,12,10
media-b100,sis-p20,13,13
media-b100,sis-p20,14,16
media-b100,sis-p20,15,19
media-b100,sis-p20,16,22
media-b100,sis-p20,17,26
media-b100,sis-p20,18,31
media-b100,sis-p20,19,36
media-b100,sis-p20,20,43
media-b100,sis-p20,21,49
media-b100,sis-p20,22,56
media-b100,sis-p20,23,64
media-b100,sis-p20,24,73
media-b100,sis-p20,25,83
media-b100,sis-p20,26,94
media-b100,sis-p20,27,107
media-b100,sis-p20,28,120
media-b100,sis-p20,29,136
media-b100,sis-p20,30,151
media-b100,sis-p20,31,168
media-b100,sis-p20,32,186
media-b100,sis-p20,33,206
media-b100,sis-p20,34,228
media-b100,sis-p20,35,251
media-b100,sis-p20,36,276
media-b100,sis-p20,37,305
media-b100,sis-p20,38,334
media-b100,sis-p20,39,366
media-b100,sis-p20,40,399
media-b100,sis-p20,41,433
media-b100,sis-p20,42,472
media-b100,sis-p20,43,512
media-b100,sis-p20,44,552
media-b100,sis-p20,45,597
media-b100,sis-p20,46,644
media-b100,sis-p20,47,692
media-b100,sis-p20,48,744
media-b100,sis-p20,49,800
media-b100,sis-p20,50,856
media-b100,sis-p20,51,914
media-b100,sis-p20,52,976
media-b100,sis-p20,53,1045
media-b100,sis-p20,54,1115
media-b100,sis-p20,55,1184
media-b100,sis-p20,56,1257
media-b100,sis-p20,57,1334
media-b100,sis-p20,58,1417
media-b100,sis-p20,59,1503
media-b100,sis-p20,60,1588
media-b100,sis-p20,61,1678
media-b100,sis-p20,62,1771
media-b100,sis-p20,63,1868
media-b100,sis-p20,64,1969
media-b100,sis-p20,65,2078
media-b100,sis-p20,66,2186
media-b100,sis-p20,67,2298
media-b100,sis-p20,68,2416
media-b100,sis-p20,69,2537
media-b100,sis-p20,70,2666
media-b100,sis-p20,71,2796
media-b100,sis-p20,72,2933
media-b100,sis-p20,73,3065
media-b100,sis-p20,74,3208
media-b100,sis-p20,75,3351
media-b100,sis-p20,76,3494
media-b100,sis-p20,77,3653
media-b100,sis-p20,78,3808
media-b100,sis-p20,79,3970
media-b100,sis-p20,80,4136
media-b100,sis-p20,81,4308
media-b100,sis-p20,82,4496
media-b100,sis-p20,83,4688
media-b100,sis-p20,84,4878
media-b100,sis-p20,85,5068
media-b100,sis-p20,86,5268
media-b100,sis-p20,87,5471
media-b100,sis-p20,88,5678
media-b100,sis-p20,89,5895
media-b100,sis-p20,90,6116
media-b100,sis-p20,91,6348
media-b100,sis-p20,92,6585
media-b100,sis-p20,93,6826
media-b100,sis-p20,94,7056
media-b100,sis-p20,95,7307
media-b100,sis-p20,96,7649
media-b100,sis-p20,97,8155
media-b100,sis-p20,98,8842
media-b100,sis-p20,99,9966
media-b100,jan-p01-t1k,1,0
media-b100,jan-p01-t1k,2,0
media-b100,jan-p01-t1k,3,0
media-b100,jan-p01-t1k,4,0
media-b100,jan-p01-t1k,5,0
media-b100,jan-p01-t1k,6,0
media-b100,jan-p01-t1k,7,0
media-b100,jan-p01-t1k,8,0
media-b100,jan-p01-t1k,9,0
media-b100,jan-p01-t1k,10,0
media-b100,jan-p01-t1k,11,0
media-b100,jan-p01-t1k,12,0
media-b100,jan-p01-t1k,13,0
media-b100,jan-p01-t1k,14,0
media-b100,jan-p01-t1k,15,0
media-b100,jan-p01-t1k,16,0
media-b100,jan-p01-t1k,17,0
media-b100,jan-p01-t1k,18,1
media-b100,jan-p01-t1k,19,1
media-b100,jan-p01-t1k,20,1
media-b100,jan-p01-t1k,21,1
media-b100,jan-p01-t1k,22,1
media-b100,jan-p01-t1k,23,1
media-b100,jan-p01-t1k,24,1
media-b100,jan-p01-t1k,25,1
media-b100,jan-p01-t1k,26,2
media-b100,jan-p01-t1k,27,2
media-b100,jan-p01-t1k,28,2
media-b100,jan-p01-t1k,29,2
media-b100,jan-p01-t1k,30,2
media-b100,jan-p01-t1k,31,2
media-b100,jan-p01-t1k,32,3
media-b100,jan-p01-t1k,33,3
media-b100,jan-p01-t1k,34,3
media-b100,jan-p01-t1k,35,3
media-b100,jan-p01-t1k,36,4
media-b100,jan-p01-t1k,37,4
media-b100,jan-p01-t1k,38,4
media-b100,jan-p01-t1k,39,5
media-b100,jan-p01-t1k,40,5
media-b100,jan-p01-t1k,41,5
media-b100,jan-p01-t1k,42,6
media-b100,jan-p01-t1k,43,6
media-b100,jan-p01-t1k,44,6
media-b100,jan-p01-t1k,45,7
media-b100,jan-p01-t1k,46,7
media-b100,jan-p01-t1k,47,8
media-b100,jan-p01-t1k,48,9
media-b100,jan-p01-t1k,49,9
media-b100,jan-p01-t1k,50,10
media-b100,jan-p01-t1k,51,11
media-b100,jan-p01-t1k,52,12
media-b100,jan-p01-t1k,53,13
media-b100,jan-p01-t1k,54,13
media-b100,jan-p01-t1k,55,14
media-b100,jan-p01-t1k,56,15
media-b100,jan-p01-t1k,57,16
media-b100,jan-p01-t1k,58,17
media-b100,jan-p01-t1k,59,19
media-b100,jan-p01-t1k,60,20
media-b100,jan-p01-t1k,61,21
media-b100,jan-p01-t1k,62,23
media-b100,jan-p01-t1k,63,24
media-b100,jan-p01-t1k,64,26
media-b100,jan-p01-t1k,65,28
media-b100,jan-p01-t1k,66,30
media-b100,jan-p01-t1k,67,32
media-b100,jan-p01-t1k,68,34
media-b100,jan-p01-t1k,69,36
media-b100,jan-p01-t1k,70,39
media-b100,jan-p01-t1k,71,41
media-b100,jan-p01-t1k,72,44
media-b100,jan-p01-t1k,73,47
media-b100,jan-p01-t1k,74,50
media-b100,jan-p01-t1k,75,53
media-b100,jan-p01-t1k,76,58
media-b100,jan-p01-t1k,77,61
media-b100,jan-p01-t1k,78,65
media-b100,jan-p01-t1k,79,69
media-b100,jan-p01-t1k,80,74
media-b100,jan-p01-t1k,81,80
media-b100,jan-p01-t1k,82,86
media-b100,jan-p01-t1k,83,93
media-b100,jan-p01-t1k,84,100
media-b100,jan-p01-t1k,85,106
media-b100,jan-p01-t1k,86,115
media-b100,jan-p01-t1k,87,125
media-b100,jan-p01-t1k,88,135
media-b100,jan-p01-t1k,89,146
media-b100,jan-p01-t1k,90,159
media-b100,jan-p01-t1k,91,174
media-b100,jan-p01-t1k,92,192
media-b100,jan-p01-t1k,93,209
media-b100,jan-p01-t1k,94,240
media-b100,jan-p01-t1k,95,269
media-b100,jan-p01-t1k,96,311
media-b100,jan-p01-t1k,97,368
media-b100,jan-p01-t1k,98,473
media-b100,jan-p01-t1k,99,742
media-b100,jan-p10-t1k,1,0
media-b100,jan-p10-t1k,2,0
media-b100,jan-p10-t1k,3,0
media-b100,jan-p10-t1k,4,0
media-b100,jan-p10-t1k,5,0
media-b100,jan-p10-t1k,6,0
media-b100,jan-p10-t1k,7,0
media-b100,jan-p10-t1k,8,0
media-b100,jan-p10-t1k,9,0
media-b100,jan-p10-t1k,10,0
media-b100,jan-p10-t1k,11,0
media-b100,jan-p10-t1k,12,0
media-b100,jan-p10-t1k,13,0
media-b100,jan-p10-t1k,14,1
media-b100,jan-p10-t1k,15,1
media-b100,jan-p10-t1k,16,1
media-b100,jan-p10-t1k,17,1
media-b100,jan-p10-t1k,18,1
media-b100,jan-p10-t1k,19,1
media-b100,jan-p10-t1k,20,1
media-b100,jan-p10-t1k,21,2
media-b100,jan-p10-t1k,22,2
media-b100,jan-p10-t1k,23,2
media-b100,jan-p10-t1k,24,2
media-b100,jan-p10-t1k,25,3
media-b100,jan-p10-t1k,26,3
media-b100,jan-p10-t1k,27,3
media-b100,jan-p10-t1k,28,4
media-b100,jan-p10-t1k,29,4
media-b100,jan-p10-t1k,30,4
media-b100,jan-p10-t1k,31,5
media-b100,jan-p10-t1k,32,5
media-b100,jan-p10-t1k,33,6
media-b100,jan-p10-t1k,34,6
media-b100,jan-p10-t1k,35,7
media-b100,jan-p10-t1k,36,7
media-b100,jan-p10-t1k,37,8
media-b100,jan-p10-t1k,38,9
media-b100,jan-p10-t1k,39,10
media-b100,jan-p10-t1k,40,10
media-b100,jan-p10-t1k,41,11
media-b100,jan-p10-t1k,42,12
media-b100,jan-p10-t1k,43,13
media-b100,jan-p10-t1k,44,15
media-b100,jan-p10-t1k,45,16
media-b100,jan-p10-t1k,46,17
media-b100,jan-p10-t1k,47,19
media-b100,jan-p10-t1k,48,20
media-b100,jan-p10-t1k,49,22
media-b100,jan-p10-t1k,50,24
media-b100,jan-p10-t1k,51,26
media-b100,jan-p10-t1k,52,28
media-b100,jan-p10-t1k,53,31
media-b100,jan-p10-t1k,54,33
media-b100,jan-p10-t1k,55,36
media-b100,jan-p10-t1k,56,39
media-b100,jan-p10-t1k,57,43
media-b100,jan-p10-t1k,58,47
media-b100,jan-p10-t1k,59,51
media-b100,jan-p10-t1k,60,55
media-b100,jan-p10-t1k,61,60
media-b100,jan-p10-t1k,62,65
media-b100,jan-p10-t1k,63,71
media-b100,jan-p10-t1k,64,78
media-b100,jan-p10-t1k,65,85
media-b100,jan-p10-t1k,66,93
media-b100,jan-p10-t1k,67,102
media-b100,jan-p10-t1k,68,111
media-b100,jan-p10-t1k,69,122
media-b100,jan-p10-t1k,70,134
media-b100,jan-p10-t1k,71,148
media-b100,jan-p10-t1k,72,162
media-b100,jan-p10-t1k,73,180
media-b100,jan-p10-t1k,74,201
media-b100,jan-p10-t1k,75,226
media-b100,jan-p10-t1k,76,256
media-b100,jan-p10-t1k,77,297
media-b100,jan-p10-t1k,78,345
media-b100,jan-p10-t1k,79,424
media-b100,jan-p10-t1k,80,537
media-b100,jan-p10-t1k,81,654
media-b100,jan-p10-t1k,82,793
media-b100,jan-p10-t1k,83,946
media-b100,jan-p10-t1k,84,1126
media-b100,jan-p10-t1k,85,1307
media-b100,jan-p10-t1k,86,1506
media-b100,jan-p10-t1k,87,1704
media-b100,jan-p10-t1k,88,1941
media-b100,jan-p10-t1k,89,2171
media-b100,jan-p10-t1k,90,2425
media-b100,jan-p10-t1k,91,2674
media-b100,jan-p10-t1k,92,2941
media-b100,jan-p10-t1k,93,3205
media-b100,jan-p10-t1k,94,3504
media-b100,jan-p10-t1k,95,3872
media-b100,jan-p10-t1k,96,4361
media-b100,jan-p10-t1k,97,4949
media-b100,jan-p10-t1k,98,5659
media-b100,jan-p10-t1k,99,6882
media-b100,jan-p20-t1k,1,0
media-b100,jan-p20-t1k,2,0
media-b100,jan-p20-t1k,3,0
media-b100,jan-p20-t1k,4,0
media-b100,jan-p20-t1k,5,0
media-b100,jan-p20-t1k,6,0
media-b100,jan-p20-t1k,7,0
media-b100,jan-p20-t1k,8,0
media-b100,jan-p20-t1k,9,0
media-b100,jan-p20-t1k,10,0
media-b100,jan-p20-t1k,11,0
media-b100,jan-p20-t1k,12,0
media-b100,jan-p20-t1k,13,1
media-b100,jan-p20-t1k,14,1
media-b100,jan-p20-t1k,15,1
media-b100,jan-p20-t1k,16,1
media-b100,jan-p20-t1k,17,1
media-b100,jan-p20-t1k,18,1
media-b100,jan-p20-t1k,19,2
media-b100,jan-p20-t1k,20,2
media-b100,jan-p20-t1k,21,2
media-b100,jan-p20-t1k,22,2
media-b100,jan-p20-t1k,23,3
media-b100,jan-p20-t1k,24,3
media-b100,jan-p20-t1k,25,4
media-b100,jan-p20-t1k,26,4
media-b100,jan-p20-t1k,27,4
media-b100,jan-p20-t1k,28,5
media-b100,jan-p20-t1k,29,5
media-b100,jan-p20-t1k,30,6
media-b100,jan-p20-t1k,31,6
media-b100,jan-p20-t1k,32,7
media-b100,jan-p20-t1k,33,8
media-b100,jan-p20-t1k,34,9
media-b100,jan-p20-t1k,35,10
media-b100,jan-p20-t1k,36,10
media-b100,jan-p20-t1k,37,11
media-b100,jan-p20-t1k,38,13
media-b100,jan-p20-t1k,39,14
media-b100,jan-p20-t1k,40,15
media-b100,jan-p20-t1k,41,17
media-b100,jan-p20-t1k,42,18
media-b100,jan-p20-t1k,43,20
media-b100,jan-p20-t1k,44,22
media-b100,jan-p20-t1k,45,24
media-b100,jan-p20-t1k,46,26
media-b100,jan-p20-t1k,47,29
media-b100,jan-p20-t1k,48,31
media-b100,jan-p20-t1k,49,34
media-b100,jan-p20-t1k,50,38
media-b100,jan-p20-t1k,51,41
media-b100,jan-p20-t1k,52,45
media-b100,jan-p20-t1k,53,50
media-b100,jan-p20-t1k,54,54
media-b100,jan-p20-t1k,55,60
media-b100,jan-p20-t1k,56,65
media-b100,jan-p20-t1k,57,72
media-b100,jan-p20-t1k,58,79
media-b100,jan-p20-t1k,59,87
media-b100,jan-p20-t1k,60,96
media-b100,jan-p20-t1k,61,106
media-b100,jan-p20-t1k,62,118
media-b100,jan-p20-t1k,63,130
media-b100,jan-p20-t1k,64,145
media-b100,jan-p20-t1k,65,161
media-b100,jan-p20-t1k,66,180
media-b100,jan-p20-t1k,67,202
media-b100,jan-p20-t1k,68,228
media-b100,jan-p20-t1k,69,261
media-b100,jan-p20-t1k,70,299
media-b100,jan-p20-t1k,71,350
media-b100,jan-p20-t1k,72,417
media-b100,jan-p20-t1k,73,507
media-b100,jan-p20-t1k,74,603
media-b100,jan-p20-t1k,75,714
media-b100,jan-p20-t1k,76,836
media-b100,jan-p20-t1k,77,971
media-b100,jan-p20-t1k,78,1108
media-b100,jan-p20-t1k,79,1263
media-b100,jan-p20-t1k,80,1426
media-b100,jan-p20-t1k,81,1604
media-b100,jan-p20-t1k,82,1807
media-b100,jan-p20-t1k,83,2014
media-b100,jan-p20-t1k,84,2237
media-b100,jan-p20-t1k,85,2463
media-b100,jan-p20-t1k,86,2701
media-b100,jan-p20-t1k,87,2959
media-b100,jan-p20-t1k,88,3230
media-b100,jan-p20-t1k,89,3518
media-b100,jan-p20-t1k,90,3800
media-b100,jan-p20-t1k,91,4107
media-b100,jan-p20-t1k,92,4420
media-b100,jan-p20-t1k,93,4731
media-b100,jan-p20-t1k,94,5078
media-b100,jan-p20-t1k,95,5436
media-b100,jan-p20-t1k,96,5864
media-b100,jan-p20-t1k,97,6419
media-b100,jan-p20-t1k,98,7238
media-b100,jan-p20-t1k,99,8515
media-b100,jan-p01-t10k,1,0
media-b100,jan-p01-t10k,2,0
media-b100,jan-p01-t10k,3,0
media-b100,jan-p01-t10k,4,0
media-b100,jan-p01-t10k,5,0
media-b100,jan-p01-t10k,6,0
media-b100,jan-p01-t10k,7,0
media-b100,jan-p01-t10k,8,0
media-b100,jan-p01-t10k,9,0
media-b100,jan-p01-t10k,10,0
media-b100,jan-p01-t10k,11,0
media-b100,jan-p01-t10k,12,0
media-b100,jan-p01-t10k,13,1
media-b100,jan-p01-t10k,14,1
media-b100,jan-p01-t10k,15,1
media-b100,jan-p01-t10k,16,1
media-b100,jan-p01-t10k,17,1
media-b100,jan-p01-t10k,18,1
media-b100,jan-p01-t10k,19,1
media-b100,jan-p01-t10k,20,2
media-b100,jan-p01-t10k,21,2
media-b100,jan-p01-t10k,22,2
media-b100,jan-p01-t10k,23,2
media-b100,jan-p01-t10k,24,3
media-b100,jan-p01-t10k,25,3
media-b100,jan-p01-t10k,26,3
media-b100,jan-p01-t10k,27,4
media-b100,jan-p01-t10k,28,4
media-b100,jan-p01-t10k,29,4
media-b100,jan-p01-t10k,30,5
media-b100,jan-p01-t10k,31,5
media-b100,jan-p01-t10k,32,6
media-b100,jan-p01-t10k,33,6
media-b100,jan-p01-t10k,34,7
media-b100,jan-p01-t10k,35,8
media-b100,jan-p01-t10k,36,8
media-b100,jan-p01-t10k,37,9
media-b100,jan-p01-t10k,38,10
media-b100,jan-p01-t10k,39,10
media-b100,jan-p01-t10k,40,11
media-b100,jan-p01-t10k,41,12
media-b100,jan-p01-t10k,42,13
media-b100,jan-p01-t10k,43,14
media-b100,jan-p01-t10k,44,15
media-b100,jan-p01-t10k,45,17
media-b100,jan-p01-t10k,46,18
media-b100,jan-p01-t10k,47,20
media-b100,jan-p01-t10k,48,21
media-b100,jan-p01-t10k,49,23
media-b100,jan-p01-t10k,50,25
media-b100,jan-p01-t10k,51,27
media-b100,jan-p01-t10k,52,29
media-b100,jan-p01-t10k,53,31
media-b100,jan-p01-t10k,54,34
media-b100,jan-p01-t10k,55,37
media-b100,jan-p01-t10k,56,40
media-b100,jan-p01-t10k,57,44
media-b100,jan-p01-t10k,58,48
media-b100,jan-p01-t10k,59,52
media-b100,jan-p01-t10k,60,55
media-b100,jan-p01-t10k,61,60
media-b100,jan-p01-t10k,62,64
media-b100,jan-p01-t10k,63,69
media-b100,jan-p01-t10k,64,75
media-b100,jan-p01-t10k,65,81
media-b100,jan-p01-t10k,66,87
media-b100,jan-p01-t10k,67,94
media-b100,jan-p01-t10k,68,101
media-b100,jan-p01-t10k,69,110
media-b100,jan-p01-t10k,70,120
media-b100,jan-p01-t10k,71,130
media-b100,jan-p01-t10k,72,142
media-b100,jan-p01-t10k,73,153
media-b100,jan-p01-t10k,74,165
media-b100,jan-p01-t10k,75,177
media-b100,jan-p01-t10k,76,192
media-b100,jan-p01-t10k,77,207
media-b100,jan-p01-t10k,78,224
media-b100,jan-p01-t10k,79,242
media-b100,jan-p01-t10k,80,263
media-b100,jan-p01-t10k,81,287
media-b100,jan-p01-t10k,82,307
media-b100,jan-p01-t10k,83,335
media-b100,jan-p01-t10k,84,364
media-b100,jan-p01-t10k,85,400
media-b100,jan-p01-t10k,86,436
media-b100,jan-p01-t10k,87,480
media-b100,jan-p01-t10k,88,524
media-b100,jan-p01-t10k,89,574
media-b100,jan-p01-t10k,90,641
media-b100,jan-p01-t10k,91,696
media-b100,jan-p01-t10k,92,769
media-b100,jan-p01-t10k,93,834
media-b100,jan-p01-t10k,94,931
media-b100,jan-p01-t10k,95,1026
media-b100,jan-p01-t10k,96,1166
media-b100,jan-p01-t10k,97,1306
media-b100,jan-p01-t10k,98,1509
media-b100,jan-p01-t10k,99,1756
media-b100,jan-p10-t10k,1,0
media-b100,jan-p10-t10k,2,0
media-b100,jan-p10-t10k,3,0
media-b100,jan-p10-t10k,4,0
media-b100,jan-p10-t10k,5,0
media-b100,jan-p10-t10k,6,0
media-b100,jan-p10-t10k,7,0
media-b100,jan-p10-t10k,8,0
media-b100,jan-p10-t10k,9,0
media-b100,jan-p10-t10k,10,0
media-b100,jan-p10-t10k,11,0
media-b100,jan-p10-t10k,12,0
media-b100,jan-p10-t10k,13,1
media-b100,jan-p10-t10k,14,1
media-b100,jan-p10-t10k,15,1
media-b100,jan-p10-t10k,16,1
media-b100,jan-p10-t10k,17,1
media-b100,jan-p10-t10k,18,1
media-b100,jan-p10-t10k,19,2
media-b100,jan-p10-t10k,20,2
media-b100,jan-p10-t10k,21,2
media-b100,jan-p10-t10k,22,2
media-b100,jan-p10-t10k,23,3
media-b100,jan-p10-t10k,24,3
media-b100,jan-p10-t10k,25,3
media-b100,jan-p10-t10k,26,4
media-b100,jan-p10-t10k,27,4
media-b100,jan-p10-t10k,28,4
media-b100,jan-p10-t10k,29,5
media-b100,jan-p10-t10k,30,5
media-b100,jan-p10-t10k,31,6
media-b100,jan-p10-t10k,32,7
media-b100,jan-p10-t10k,33,7
media-b100,jan-p10-t10k,34,8
media-b100,jan-p10-t10k,35,9
media-b100,jan-p10-t10k,36,9
media-b100,jan-p10-t10k,37,10
media-b100,jan-p10-t10k,38,11
media-b100,jan-p10-t10k,39,12
media-b100,jan-p10-t10k,40,13
media-b100,jan-p10-t10k,41,15
media-b100,jan-p10-t10k,42,16
media-b100,jan-p10-t10k,43,18
media-b100,jan-p10-t10k,44,19
media-b100,jan-p10-t10k,45,21
media-b100,jan-p10-t10k,46,23
media-b100,jan-p10-t10k,47,25
media-b100,jan-p10-t10k,48,27
media-b100,jan-p10-t10k,49,29
media-b100,jan-p10-t10k,50,32
media-b100,jan-p10-t10k,51,35
media-b100,jan-p10-t10k,52,38
media-b100,jan-p10-t10k,53,42
media-b100,jan-p10-t10k,54,45
media-b100,jan-p10-t10k,55,49
media-b100,jan-p10-t10k,56,54
media-b100,jan-p10-t10k,57,58
media-b100,jan-p10-t10k,58,63
media-b100,jan-p10-t10k,59,69
media-b100,jan-p10-t10k,60,75
media-b100,jan-p10-t10k,61,81
media-b100,jan-p10-t10k,62,88
media-b100,jan-p10-t10k,63,96
media-b100,jan-p10-t10k,64,104
media-b100,jan-p10-t10k,65,114
media-b100,jan-p10-t10k,66,125
media-b100,jan-p10-t10k,67,135
media-b100,jan-p10-t10k,68,147
media-b100,jan-p10-t10k,69,160
media-b100,jan-p10-t10k,70,174
media-b100,jan-p10-t10k,71,190
media-b100,jan-p10-t10k,72,207
media-b100,jan-p10-t10k,73,226
media-b100,jan-p10-t10k,74,245
media-b100,jan-p10-t10k,75,268
media-b100,jan-p10-t10k,76,291
media-b100,jan-p10-t10k,77,317
media-b100,jan-p10-t10k,78,347
media-b100,jan-p10-t10k,79,380
media-b100,jan-p10-t10k,80,417
media-b100,jan-p10-t10k,81,456
media-b100,jan-p10-t10k,82,500
media-b100,jan-p10-t10k,83,545
media-b100,jan-p10-t10k,84,600
media-b100,jan-p10-t10k,85,660
media-b100,jan-p10-t10k,86,725
media-b100,jan-p10-t10k,87,798
media-b100,jan-p10-t10k,88,880
media-b100,jan-p10-t10k,89,970
media-b100,jan-p10-t10k,90,1079
media-b100,jan-p10-t10k,91,1211
media-b100,jan-p10-t10k,92,1362
media-b100,jan-p10-t10k,93,1544
media-b100,jan-p10-t10k,94,1762
media-b100,jan-p10-t10k,95,2031
media-b100,jan-p10-t10k,96,2410
media-b100,jan-p10-t10k,97,2956
media-b100,jan-p10-t10k,98,3655
media-b100,jan-p10-t10k,99,4740
media-b100,jan-p20-t10k,1,0
media-b100,jan-p20-t10k,2,0
media-b100,jan-p20-t10k,3,0
media-b100,jan-p20-t10k,4,0
media-b100,jan-p20-t10k,5,0
media-b100,jan-p20-t10k,6,0
media-b100,jan-p20-t10k,7,0
media-b100,jan-p20-t10k,8,0
media-b100,jan-p20-t10k,9,0
media-b100,jan-p20-t10k,10,0
media-b100,jan-p20-t10k,11,0
media-b100,jan-p20-t10k,12,1
media-b100,jan-p20-t10k,13,1
media-b100,jan-p20-t10k,14,1
media-b100,jan-p20-t10k,15,1
media-b100,jan-p20-t10k,16,1
media-b100,jan-p20-t10k,17,1
media-b100,jan-p20-t10k,18,2
media-b100,jan-p20-t10k,19,2
media-b100,jan-p20-t10k,20,2
media-b100,jan-p20-t10k,21,2
media-b100,jan-p20-t10k,22,3
media-b100,jan-p20-t10k,23,3
media-b100,jan-p20-t10k,24,3
media-b100,jan-p20-t10k,25,4
media-b100,jan-p20-t10k,26,4
media-b100,jan-p20-t10k,27,5
media-b100,jan-p20-t10k,28,5
media-b100,jan-p20-t10k,29,6
media-b100,jan-p20-t10k,30,6
media-b100,jan-p20-t10k,31,7
media-b100,jan-p20-t10k,32,8
media-b100,jan-p20-t10k,33,9
media-b100,jan-p20-t10k,34,9
media-b100,jan-p20-t10k,35,10
media-b100,jan-p20-t10k,36,11
media-b100,jan-p20-t10k,37,12
media-b100,jan-p20-t10k,38,14
media-b100,jan-p20-t10k,39,15
media-b100,jan-p20-t10k,40,17
media-b100,jan-p20-t10k,41,18
media-b100,jan-p20-t10k,42,20
media-b100,jan-p20-t10k,43,22
media-b100,jan-p20-t10k,44,24
media-b100,jan-p20-t10k,45,26
media-b100,jan-p20-t10k,46,29
media-b100,jan-p20-t10k,47,31
media-b100,jan-p20-t10k,48,34
media-b100,jan-p20-t10k,49,37
media-b100,jan-p20-t10k,50,41
media-b100,jan-p20-t10k,51,45
media-b100,jan-p20-t10k,52,49
media-b100,jan-p20-t10k,53,54
media-b100,jan-p20-t10k,54,59
media-b100,jan-p20-t10k,55,64
media-b100,jan-p20-t10k,56,70
media-b100,jan-p20-t10k,57,76
media-b100,jan-p20-t10k,58,83
media-b100,jan-p20-t10k,59,91
media-b100,jan-p20-t10k,60,100
media-b100,jan-p20-t10k,61,109
media-b100,jan-p20-t10k,62,120
media-b100,jan-p20-t10k,63,131
media-b100,jan-p20-t10k,64,143
media-b100,jan-p20-t10k,65,155
media-b100,jan-p20-t10k,66,170
media-b100,jan-p20-t10k,67,186
media-b100,jan-p20-t10k,68,203
media-b100,jan-p20-t10k,69,222
media-b100,jan-p20-t10k,70,244
media-b100,jan-p20-t10k,71,267
media-b100,jan-p20-t10k,72,292
media-b100,jan-p20-t10k,73,320
media-b100,jan-p20-t10k,74,352
media-b100,jan-p20-t10k,75,387
media-b100,jan-p20-t10k,76,426
media-b100,jan-p20-t10k,77,468
media-b100,jan-p20-t10k,78,516
media-b100,jan-p20-t10k,79,569
media-b100,jan-p20-t10k,80,627
media-b100,jan-p20-t10k,81,693
media-b100,jan-p20-t10k,82,765
media-b100,jan-p20-t10k,83,848
media-b100,jan-p20-t10k,84,939
media-b100,jan-p20-t10k,85,1044
media-b100,jan-p20-t10k,86,1169
media-b100,jan-p20-t10k,87,1315
media-b100,jan-p20-t10k,88,1483
media-b100,jan-p20-t10k,89,1683
media-b100,jan-p20-t10k,90,1915
media-b100,jan-p20-t10k,91,2191
media-b100,jan-p20-t10k,92,2539
media-b100,jan-p20-t10k,93,2942
media-b100,jan-p20-t10k,94,3362
media-b100,jan-p20-t10k,95,3792
media-b100,jan-p20-t10k,96,4312
media-b100,jan-p20-t10k,97,4933
media-b100,jan-p20-t10k,98,5775
media-b100,jan-p20-t10k,99,7150
alta-b050,completa,1,2
alta-b050,completa,2,6
alta-b050,completa,3,13
alta-b050,completa,4,21
alta-b050,completa,5,31
alta-b050,completa,6,43
alta-b050,completa,7,57
alta-b050,completa,8,73
alta-b050,completa,9,91
alta-b050,completa,10,111
alta-b050,completa,11,132
alta-b050,completa,12,156
alta-b050,completa,13,181
alta-b050,completa,14,208
alta-b050,completa,15,238
alta-b050,completa,16,269
alta-b050,completa,17,302
alta-b050,completa,18,337
alta-b050,completa,19,375
alta-b050,completa,20,414
alta-b050,completa,21,456
alta-b050,completa,22,498
alta-b050,completa,23,543
alta-b050,completa,24,590
alta-b050,completa,25,639
alta-b050,completa,26,690
alta-b050,completa,27,743
alta-b050,completa,28,798
alta-b050,completa,29,854
alta-b050,completa,30,913
alta-b050,completa,31,973
alta-b050,completa,32,1036
alta-b050,completa,33,1100
alta-b050,completa,34,1166
alta-b050,completa,35,1235
alta-b050,completa,36,1305
alta-b050,completa,37,1379
alta-b050,completa,38,1453
alta-b050,completa,39,1531
alta-b050,completa,40,1609
alta-b050,completa,41,1689
alta-b050,completa,42,1770
alta-b050,completa,43,1854
alta-b050,completa,44,1942
alta-b050,completa,45,2030
alta-b050,completa,46,2121
alta-b050,completa,47,2214
alta-b050,completa,48,2308
alta-b050,completa,49,2403
alta-b050,completa,50,2501
alta-b050,completa,51,2600
alta-b050,completa,52,2704
alta-b050,completa,53,2809
alta-b050,completa,54,2915
alta-b050,completa,55,3023
alta-b050,completa,56,3132
alta-b050,completa,57,3244
alta-b050,completa,58,3356
alta-b050,completa,59,3471
alta-b050,completa,60,3590
alta-b050,completa,61,3711
alta-b050,completa,62,3835
alta-b050,completa,63,3959
alta-b050,completa,64,4085
alta-b050,completa,65,4212
alta-b050,completa,66,4340
alta-b050,completa,67,4472
alta-b050,completa,68,4605
alta-b050,completa,69,4741
alta-b050,completa,70,4879
alta-b050,completa,71,5018
alta-b050,completa,72,5162
alta-b050,completa,73,5308
alta-b050,completa,74,5456
alta-b050,completa,75,5605
alta-b050,completa,76,5754
alta-b050,completa,77,5903
alta-b050,completa,78,6056
alta-b050,completa,79,6213
alta-b050,completa,80,6376
alta-b050,completa,81,6537
alta-b050,completa,82,6701
alta-b050,completa,83,6866
alta-b050,completa,84,7031
alta-b050,completa,85,7199
alta-b050,completa,86,7368
alta-b050,completa,87,7542
alta-b050,completa,88,7717
alta-b050,completa,89,7894
alta-b050,completa,90,8073
alta-b050,completa,91,8256
alta-b050,completa,92,8442
alta-b050,completa,93,8628
alta-b050,completa,94,8813
alta-b050,completa,95,9001
alta-b050,completa,96,9194
alta-b050,completa,97,9395
alta-b050,completa,98,9597
alta-b050,completa,99,9797
alta-b050,sis-p01,1,6
alta-b050,sis-p01,2,11
alta-b050,sis-p01,3,20
alta-b050,sis-p01,4,31
alta-b050,sis-p01,5,44
alta-b050,sis-p01,6,59
alta-b050,sis-p01,7,68
alta-b050,sis-p01,8,84
alta-b050,sis-p01,9,97
alta-b050,sis-p01,10,113
alta-b050,sis-p01,11,125
alta-b050,sis-p01,12,137
alta-b050,sis-p01,13,151
alta-b050,sis-p01,14,161
alta-b050,sis-p01,15,173
alta-b050,sis-p01,16,183
alta-b050,sis-p01,17,194
alta-b050,sis-p01,18,206
alta-b050,sis-p01,19,234
alta-b050,sis-p01,20,246
alta-b050,sis-p01,21,259
alta-b050,sis-p01,22,276
alta-b050,sis-p01,23,291
alta-b050,sis-p01,24,312
alta-b050,sis-p01,25,320
alta-b050,sis-p01,26,330
alta-b050,sis-p01,27,340
alta-b050,sis-p01,28,355
alta-b050,sis-p01,29,368
alta-b050,sis-p01,30,378
alta-b050,sis-p01,31,391
alta-b050,sis-p01,32,403
alta-b050,sis-p01,33,417
alta-b050,sis-p01,34,429
alta-b050,sis-p01,35,446
alta-b050,sis-p01,36,466
alta-b050,sis-p01,37,479
alta-b050,sis-p01,38,490
alta-b050,sis-p01,39,503
alta-b050,sis-p01,40,519
alta-b050,sis-p01,41,541
alta-b050,sis-p01,42,563
alta-b050,sis-p01,43,578
alta-b050,sis-p01,44,607
alta-b050,sis-p01,45,623
alta-b050,sis-p01,46,646
alta-b050,sis-p01,47,663
alta-b050,sis-p01,48,674
alta-b050,sis-p01,49,698
alta-b050,sis-p01,50,714
alta-b050,sis-p01,51,739
alta-b050,sis-p01,52,755
alta-b050,sis-p01,53,789
alta-b050,sis-p01,54,811
alta-b050,sis-p01,55,830
alta-b050,sis-p01,56,858
alta-b050,sis-p01,57,884
alta-b050,sis-p01,58,916
alta-b050,sis-p01,59,940
alta-b050,sis-p01,60,963
alta-b050,sis-p01,61,990
alta-b050,sis-p01,62,1025
alta-b050,sis-p01,63,1055
alta-b050,sis-p01,64,1088
alta-b050,sis-p01,65,1117
alta-b050,sis-p01,66,1147
alta-b050,sis-p01,67,1193
alta-b050,sis-p01,68,1219
alta-b050,sis-p01,69,1240
alta-b050,sis-p01,70,1264
alta-b050,sis-p01,71,1303
alta-b050,sis-p01,72,1347
alta-b050,sis-p01,73,1399
alta-b050,sis-p01,74,1447
alta-b050,sis-p01,75,1477
alta-b050,sis-p01,76,1516
alta-b050,sis-p01,77,1572
alta-b050,sis-p01,78,1616
alta-b050,sis-p01,79,1659
alta-b050,sis-p01,80,1707
alta-b050,sis-p01,81,1759
alta-b050,sis-p01,82,1853
alta-b050,sis-p01,83,1907
alta-b050,sis-p01,84,1966
alta-b050,sis-p01,85,2007
alta-b050,sis-p01,86,2102
alta-b050,sis-p01,87,2158
alta-b050,sis-p01,88,2241
alta-b050,sis-p01,89,2355
alta-b050,sis-p01,90,2436
alta-b050,sis-p01,91,2520
alta-b050,sis-p01,92,2629
alta-b050,sis-p01,93,2713
alta-b050,sis-p01,94,2807
alta-b050,sis-p01,95,2937
alta-b050,sis-p01,96,3174
alta-b050,sis-p01,97,3325
alta-b050,sis-p01,98,3600
alta-b050,sis-p01,99,4139
alta-b050,sis-p10,1,6
alta-b050,sis-p10,2,20
alta-b050,sis-p10,3,40
alta-b050,sis-p10,4,65
alta-b050,sis-p10,5,96
alta-b050,sis-p10,6,130
alta-b050,sis-p10,7,168
alta-b050,sis-p10,8,211
alta-b050,sis-p10,9,256
alta-b050,sis-p10,10,304
alta-b050,sis-p10,11,352
alta-b050,sis-p10,12,403
alta-b050,sis-p10,13,458
alta-b050,sis-p10,14,515
alta-b050,sis-p10,15,573
alta-b050,sis-p10,16,632
alta-b050,sis-p10,17,688
alta-b050,sis-p10,18,748
alta-b050,sis-p10,19,807
alta-b050,sis-p10,20,865
alta-b050,sis-p10,21,929
alta-b050,sis-p10,22,997
alta-b050,sis-p10,23,1065
alta-b050,sis-p10,24,1136
alta-b050,sis-p10,25,1201
alta-b050,sis-p10,26,1271
alta-b050,sis-p10,27,1335
alta-b050,sis-p10,28,1405
alta-b050,sis-p10,29,1475
alta-b050,sis-p10,30,1543
alta-b050,sis-p10,31,1612
alta-b050,sis-p10,32,1677
alta-b050,sis-p10,33,1750
alta-b050,sis-p10,34,1817
alta-b050,sis-p10,35,1886
alta-b050,sis-p10,36,1959
alta-b050,sis-p10,37,2025
alta-b050,sis-p10,38,2098
alta-b050,sis-p10,39,2177
alta-b050,sis-p10,40,2245
alta-b050,sis-p10,41,2309
alta-b050,sis-p10,42,2384
alta-b050,sis-p10,43,2457
alta-b050,sis-p10,44,2525
alta-b050,sis-p10,45,2600
alta-b050,sis-p10,46,2674
alta-b050,sis-p10,47,2744
alta-b050,sis-p10,48,2820
alta-b050,sis-p10,49,2897
alta-b050,sis-p10,50,2971
alta-b050,sis-p10,51,3049
alta-b050,sis-p10,52,3122
alta-b050,sis-p10,53,3203
alta-b050,sis-p10,54,3283
alta-b050,sis-p10,55,3359
alta-b050,sis-p10,56,3437
alta-b050,sis-p10,57,3510
alta-b050,sis-p10,58,3592
alta-b050,sis-p10,59,3671
alta-b050,sis-p10,60,3753
alta-b050,sis-p10,61,3840
alta-b050,sis-p10,62,3922
alta-b050,sis-p10,63,4005
alta-b050,sis-p10,64,4095
alta-b050,sis-p10,65,4190
alta-b050,sis-p10,66,4278
alta-b050,sis-p10,67,4370
alta-b050,sis-p10,68,4464
alta-b050,sis-p10,69,4566
alta-b050,sis-p10,70,4657
alta-b050,sis-p10,71,4762
alta-b050,sis-p10,72,4861
alta-b050,sis-p10,73,4970
alta-b050,sis-p10,74,5078
alta-b050,sis-p10,75,5199
alta-b050,sis-p10,76,5317
alta-b050,sis-p10,77,5438
alta-b050,sis-p10,78,5565
alta-b050,sis-p10,79,5695
alta-b050,sis-p10,80,5824
alta-b050,sis-p10,81,5964
alta-b050,sis-p10,82,6105
alta-b050,sis-p10,83,6242
alta-b050,sis-p10,84,6399
alta-b050,sis-p10,85,6558
alta-b050,sis-p10,86,6737
alta-b050,sis-p10,87,6909
alta-b050,sis-p10,88,7103
alta-b050,sis-p10,89,7299
alta-b050,sis-p10,90,7522
alta-b050,sis-p10,91,7752
alta-b050,sis-p10,92,8011
alta-b050,sis-p10,93,8301
alta-b050,sis-p10,94,8639
alta-b050,sis-p10,95,9024
alta-b050,sis-p10,96,9456
alta-b050,sis-p10,97,10027
alta-b050,sis-p10,98,10829
alta-b050,sis-p10,99,12160
alta-b050,sis-p20,1,5
alta-b050,sis-p20,2,17
alta-b050,sis-p20,3,33
alta-b050,sis-p20,4,53
alta-b050,sis-p20,5,78
alta-b050,sis-p20,6,108
alta-b050,sis-p20,7,142
alta-b050,sis-p20,8,179
alta-b050,sis-p20,9,221
alta-b050,sis-p20,10,264
alta-b050,sis-p20,11,312
alta-b050,sis-p20,12,367
alta-b050,sis-p20,13,422
alta-b050,sis-p20,14,479
alta-b050,sis-p20,15,539
alta-b050,sis-p20,16,597
alta-b050,sis-p20,17,657
alta-b050,sis-p20,18,721
alta-b050,sis-p20,19,788
alta-b050,sis-p20,20,857
alta-b050,sis-p20,21,925
alta-b050,sis-p20,22,997
alta-b050,sis-p20,23,1070
alta-b050,sis-p20,24,1146
alta-b050,sis-p20,25,1220
alta-b050,sis-p20,26,1295
alta-b050,sis-p20,27,1373
alta-b050,sis-p20,28,1449
alta-b050,sis-p20,29,1531
alta-b050,sis-p20,30,1608
alta-b050,sis-p20,31,1688
alta-b050,sis-p20,32,1770
alta-b050,sis-p20,33,1858
alta-b050,sis-p20,34,1944
alta-b050,sis-p20,35,2031
alta-b050,sis-p20,36,2117
alta-b050,sis-p20,37,2203
alta-b050,sis-p20,38,2291
alta-b050,sis-p20,39,2378
alta-b050,sis-p20,40,2468
alta-b050,sis-p20,41,2560
alta-b050,sis-p20,42,2652
alta-b050,sis-p20,43,2743
alta-b050,sis-p20,44,2835
alta-b050,sis-p20,45,2925
alta-b050,sis-p20,46,3014
alta-b050,sis-p20,47,3106
alta-b050,sis-p20,48,3196
alta-b050,sis-p20,49,3286
alta-b050,sis-p20,50,3379
alta-b050,sis-p20,51,3472
alta-b050,sis-p20,52,3563
alta-b050,sis-p20,53,3656
alta-b050,sis-p20,54,3752
alta-b050,sis-p20,55,3847
alta-b050,sis-p20,56,3941
alta-b050,sis-p20,57,4039
alta-b050,sis-p20,58,4135
alta-b050,sis-p20,59,4228
alta-b050,sis-p20,60,4323
alta-b050,sis-p20,61,4422
alta-b050,sis-p20,62,4518
alta-b050,sis-p20,63,4616
alta-b050,sis-p20,64,4720
alta-b050,sis-p20,65,4821
alta-b050,sis-p20,66,4918
alta-b050,sis-p20,67,5019
alta-b050,sis-p20,68,5117
alta-b050,sis-p20,69,5215
alta-b050,sis-p20,70,5314
alta-b050,sis-p20,71,5410
alta-b050,sis-p20,72,5512
alta-b050,sis-p20,73,5614
alta-b050,sis-p20,74,5714
alta-b050,sis-p20,75,5819
alta-b050,sis-p20,76,5935
alta-b050,sis-p20,77,6055
alta-b050,sis-p20,78,6179
alta-b050,sis-p20,79,6304
alta-b050,sis-p20,80,6430
alta-b050,sis-p20,81,6561
alta-b050,sis-p20,82,6695
alta-b050,sis-p20,83,6832
alta-b050,sis-p20,84,6979
alta-b050,sis-p20,85,7118
alta-b050,sis-p20,86,7277
alta-b050,sis-p20,87,7444
alta-b050,sis-p20,88,7612
alta-b050,sis-p20,89,7794
alta-b050,sis-p20,90,7989
alta-b050,sis-p20,91,8190
alta-b050,sis-p20,92,8415
alta-b050,sis-p20,93,8668
alta-b050,sis-p20,94,8944
alta-b050,sis-p20,95,9282
alta-b050,sis-p20,96,9654
alta-b050,sis-p20,97,10129
alta-b050,sis-p20,98,10771
alta-b050,sis-p20,99,11771
alta-b050,jan-p01-t1k,1,0
alta-b050,jan-p01-t1k,2,0
alta-b050,jan-p01-t1k,3,1
alta-b050,jan-p01-t1k,4,2
alta-b050,jan-p01-t1k,5,2
alta-b050,jan-p01-t1k,6,4
alta-b050,jan-p01-t1k,7,6
alta-b050,jan-p01-t1k,8,7
alta-b050,jan-p01-t1k,9,8
alta-b050,jan-p01-t1k,10,10
alta-b050,jan-p01-t1k,11,12
alta-b050,jan-p01-t1k,12,14
alta-b050,jan-p01-t1k,13,16
alta-b050,jan-p01-t1k,14,18
alta-b050,jan-p01-t1k,15,20
alta-b050,jan-p01-t1k,16,23
alta-b050,jan-p01-t1k,17,26
alta-b050,jan-p01-t1k,18,29
alta-b050,jan-p01-t1k,19,33
alta-b050,jan-p01-t1k,20,35
alta-b050,jan-p01-t1k,21,38
alta-b050,jan-p01-t1k,22,42
alta-b050,jan-p01-t1k,23,45
alta-b050,jan-p01-t1k,24,47
alta-b050,jan-p01-t1k,25,51
alta-b050,jan-p01-t1k,26,54
alta-b050,jan-p01-t1k,27,58
alta-b050,jan-p01-t1k,28,63
alta-b050,jan-p01-t1k,29,67
alta-b050,jan-p01-t1k,30,71
alta-b050,jan-p01-t1k,31,78
alta-b050,jan-p01-t1k,32,85
alta-b050,jan-p01-t1k,33,90
alta-b050,jan-p01-t1k,34,95
alta-b050,jan-p01-t1k,35,101
alta-b050,jan-p01-t1k,36,107
alta-b050,jan-p01-t1k,37,110
alta-b050,jan-p01-t1k,38,115
alta-b050,jan-p01-t1k,39,120
alta-b050,jan-p01-t1k,40,128
alta-b050,jan-p01-t1k,41,134
alta-b050,jan-p01-t1k,42,141
alta-b050,jan-p01-t1k,43,151
alta-b050,jan-p01-t1k,44,158
alta-b050,jan-p01-t1k,45,168
alta-b050,jan-p01-t1k,46,176
alta-b050,jan-p01-t1k,47,183
alta-b050,jan-p01-t1k,48,192
alta-b050,jan-p01-t1k,49,200
alta-b050,jan-p01-t1k,50,211
alta-b050,jan-p01-t1k,51,220
alta-b050,jan-p01-t1k,52,230
alta-b050,jan-p01-t1k,53,241
alta-b050,jan-p01-t1k,54,249
alta-b050,jan-p01-t1k,55,260
alta-b050,jan-p01-t1k,56,274
alta-b050,jan-p01-t1k,57,287
alta-b050,jan-p01-t1k,58,299
alta-b050,jan-p01-t1k,59,309
alta-b050,jan-p01-t1k,60,320
alta-b050,jan-p01-t1k,61,337
alta-b050,jan-p01-t1k,62,350
alta-b050,jan-p01-t1k,63,362
alta-b050,jan-p01-t1k,64,375
alta-b050,jan-p01-t1k,65,392
alta-b050,jan-p01-t1k,66,405
alta-b050,jan-p01-t1k,67,416
alta-b050,jan-p01-t1k,68,437
alta-b050,jan-p01-t1k,69,449
alta-b050,jan-p01-t1k,70,473
alta-b050,jan-p01-t1k,71,497
alta-b050,jan-p01-t1k,72,521
alta-b050,jan-p01-t1k,73,545
alta-b050,jan-p01-t1k,74,573
alta-b050,jan-p01-t1k,75,611
alta-b050,jan-p01-t1k,76,627
alta-b050,jan-p01-t1k,77,660
alta-b050,jan-p01-t1k,78,699
alta-b050,jan-p01-t1k,79,747
alta-b050,jan-p01-t1k,80,804
alta-b050,jan-p01-t1k,81,844
alta-b050,jan-p01-t1k,82,915
alta-b050,jan-p01-t1k,83,972
alta-b050,jan-p01-t1k,84,1035
alta-b050,jan-p01-t1k,85,1101
alta-b050,jan-p01-t1k,86,1178
alta-b050,jan-p01-t1k,87,1281
alta-b050,jan-p01-t1k,88,1416
alta-b050,jan-p01-t1k,89,1499
alta-b050,jan-p01-t1k,90,1602
alta-b050,jan-p01-t1k,91,1677
alta-b050,jan-p01-t1k,92,1778
alta-b050,jan-p01-t1k,93,1883
alta-b050,jan-p01-t1k,94,1996
alta-b050,jan-p01-t1k,95,2179
alta-b050,jan-p01-t1k,96,2475
alta-b050,jan-p01-t1k,97,2669
alta-b050,jan-p01-t1k,98,3045
alta-b050,jan-p01-t1k,99,3592
alta-b050,jan-p10-t1k,1,1
alta-b050,jan-p10-t1k,2,3
alta-b050,jan-p10-t1k,3,6
alta-b050,jan-p10-t1k,4,10
alta-b050,jan-p10-t1k,5,15
alta-b050,jan-p10-t1k,6,21
alta-b050,jan-p10-t1k,7,28
alta-b050,jan-p10-t1k,8,36
alta-b050,jan-p10-t1k,9,44
alta-b050,jan-p10-t1k,10,53
alta-b050,jan-p10-t1k,11,64
alta-b050,jan-p10-t1k,12,76
alta-b050,jan-p10-t1k,13,91
alta-b050,jan-p10-t1k,14,104
alta-b050,jan-p10-t1k,15,119
alta-b050,jan-p10-t1k,16,135
alta-b050,jan-p10-t1k,17,154
alta-b050,jan-p10-t1k,18,173
alta-b050,jan-p10-t1k,19,194
alta-b050,jan-p10-t1k,20,216
alta-b050,jan-p10-t1k,21,240
alta-b050,jan-p10-t1k,22,266
alta-b050,jan-p10-t1k,23,294
alta-b050,jan-p10-t1k,24,325
alta-b050,jan-p10-t1k,25,358
alta-b050,jan-p10-t1k,26,394
alta-b050,jan-p10-t1k,27,432
alta-b050,jan-p10-t1k,28,471
alta-b050,jan-p10-t1k,29,517
alta-b050,jan-p10-t1k,30,564
alta-b050,jan-p10-t1k,31,618
alta-b050,jan-p10-t1k,32,675
alta-b050,jan-p10-t1k,33,740
alta-b050,jan-p10-t1k,34,809
alta-b050,jan-p10-t1k,35,882
alta-b050,jan-p10-t1k,36,957
alta-b050,jan-p10-t1k,37,1030
alta-b050,jan-p10-t1k,38,1104
alta-b050,jan-p10-t1k,39,1183
alta-b050,jan-p10-t1k,40,1259
alta-b050,jan-p10-t1k,41,1337
alta-b050,jan-p10-t1k,42,1412
alta-b050,jan-p10-t1k,43,1492
alta-b050,jan-p10-t1k,44,1576
alta-b050,jan-p10-t1k,45,1659
alta-b050,jan-p10-t1k,46,1740
alta-b050,jan-p10-t1k,47,1821
alta-b050,jan-p10-t1k,48,1902
alta-b050,jan-p10-t1k,49,1982
alta-b050,jan-p10-t1k,50,2068
alta-b050,jan-p10-t1k,51,2152
alta-b050,jan-p10-t1k,52,2242
alta-b050,jan-p10-t1k,53,2321
alta-b050,jan-p10-t1k,54,2410
alta-b050,jan-p10-t1k,55,2497
alta-b050,jan-p10-t1k,56,2583
alta-b050,jan-p10-t1k,57,2667
alta-b050,jan-p10-t1k,58,2758
alta-b050,jan-p10-t1k,59,2843
alta-b050,jan-p10-t1k,60,2935
alta-b050,jan-p10-t1k,61,3021
alta-b050,jan-p10-t1k,62,3113
alta-b050,jan-p10-t1k,63,3205
alta-b050,jan-p10-t1k,64,3302
alta-b050,jan-p10-t1k,65,3404
alta-b050,jan-p10-t1k,66,3501
alta-b050,jan-p10-t1k,67,3605
alta-b050,jan-p10-t1k,68,3705
alta-b050,jan-p10-t1k,69,3813
alta-b050,jan-p10-t1k,70,3920
alta-b050,jan-p10-t1k,71,4029
alta-b050,jan-p10-t1k,72,4144
alta-b050,jan-p10-t1k,73,4251
alta-b050,jan-p10-t1k,74,4357
alta-b050,jan-p10-t1k,75,4474
alta-b050,jan-p10-t1k,76,4596
alta-b050,jan-p10-t1k,77,4715
alta-b050,jan-p10-t1k,78,4847
alta-b050,jan-p10-t1k,79,4980
alta-b050,jan-p10-t1k,80,5104
alta-b050,jan-p10-t1k,81,5250
alta-b050,jan-p10-t1k,82,5398
alta-b050,jan-p10-t1k,83,5562
alta-b050,jan-p10-t1k,84,5740
alta-b050,jan-p10-t1k,85,5918
alta-b050,jan-p10-t1k,86,6099
alta-b050,jan-p10-t1k,87,6290
alta-b050,jan-p10-t1k,88,6495
alta-b050,jan-p10-t1k,89,6701
alta-b050,jan-p10-t1k,90,6936
alta-b050,jan-p10-t1k,91,7193
alta-b050,jan-p10-t1k,92,7462
alta-b050,jan-p10-t1k,93,7753
alta-b050,jan-p10-t1k,94,8100
alta-b050,jan-p10-t1k,95,8474
alta-b050,jan-p10-t1k,96,8973
alta-b050,jan-p10-t1k,97,9582
alta-b050,jan-p10-t1k,98,10408
alta-b050,jan-p10-t1k,99,11838
alta-b050,jan-p20-t1k,1,1
alta-b050,jan-p20-t1k,2,4
alta-b050,jan-p20-t1k,3,9
alta-b050,jan-p20-t1k,4,15
alta-b050,jan-p20-t1k,5,22
alta-b050,jan-p20-t1k,6,30
alta-b050,jan-p20-t1k,7,41
alta-b050,jan-p20-t1k,8,52
alta-b050,jan-p20-t1k,9,65
alta-b050,jan-p20-t1k,10,80
alta-b050,jan-p20-t1k,11,96
alta-b050,jan-p20-t1k,12,114
alta-b050,jan-p20-t1k,13,134
alta-b050,jan-p20-t1k,14,156
alta-b050,jan-p20-t1k,15,180
alta-b050,jan-p20-t1k,16,205
alta-b050,jan-p20-t1k,17,233
alta-b050,jan-p20-t1k,18,263
alta-b050,jan-p20-t1k,19,298
alta-b050,jan-p20-t1k,20,335
alta-b050,jan-p20-t1k,21,374
alta-b050,jan-p20-t1k,22,417
alta-b050,jan-p20-t1k,23,463
alta-b050,jan-p20-t1k,24,514
alta-b050,jan-p20-t1k,25,568
alta-b050,jan-p20-t1k,26,625
alta-b050,jan-p20-t1k,27,690
alta-b050,jan-p20-t1k,28,760
alta-b050,jan-p20-t1k,29,835
alta-b050,jan-p20-t1k,30,914
alta-b050,jan-p20-t1k,31,994
alta-b050,jan-p20-t1k,32,1076
alta-b050,jan-p20-t1k,33,1157
alta-b050,jan-p20-t1k,34,1237
alta-b050,jan-p20-t1k,35,1324
alta-b050,jan-p20-t1k,36,1412
alta-b050,jan-p20-t1k,37,1503
alta-b050,jan-p20-t1k,38,1597
alta-b050,jan-p20-t1k,39,1687
alta-b050,jan-p20-t1k,40,1780
alta-b050,jan-p20-t1k,41,1874
alta-b050,jan-p20-t1k,42,1967
alta-b050,jan-p20-t1k,43,2067
alta-b050,jan-p20-t1k,44,2164
alta-b050,jan-p20-t1k,45,2267
alta-b050,jan-p20-t1k,46,2363
alta-b050,jan-p20-t1k,47,2460
alta-b050,jan-p20-t1k,48,2559
alta-b050,jan-p20-t1k,49,2656
alta-b050,jan-p20-t1k,50,2755
alta-b050,jan-p20-t1k,51,2853
alta-b050,jan-p20-t1k,52,2952
alta-b050,jan-p20-t1k,53,3054
alta-b050,jan-p20-t1k,54,3152
alta-b050,jan-p20-t1k,55,3253
alta-b050,jan-p20-t1k,56,3357
alta-b050,jan-p20-t1k,57,3462
alta-b050,jan-p20-t1k,58,3566
alta-b050,jan-p20-t1k,59,3674
alta-b050,jan-p20-t1k,60,3780
alta-b050,jan-p20-t1k,61,3884
alta-b050,jan-p20-t1k,62,3991
alta-b050,jan-p20-t1k,63,4093
alta-b050,jan-p20-t1k,64,4200
alta-b050,jan-p20-t1k,65,4306
alta-b050,jan-p20-t1k,66,4412
alta-b050,jan-p20-t1k,67,4522
alta-b050,jan-p20-t1k,68,4629
alta-b050,jan-p20-t1k,69,4740
alta-b050,jan-p20-t1k,70,4849
alta-b050,jan-p20-t1k,71,4957
alta-b050,jan-p20-t1k,72,5063
alta-b050,jan-p20-t1k,73,5175
alta-b050,jan-p20-t1k,74,5285
alta-b050,jan-p20-t1k,75,5403
alta-b050,jan-p20-t1k,76,5520
alta-b050,jan-p20-t1k,77,5642
alta-b050,jan-p20-t1k,78,5774
alta-b050,jan-p20-t1k,79,5903
alta-b050,jan-p20-t1k,80,6045
alta-b050,jan-p20-t1k,81,6182
alta-b050,jan-p20-t1k,82,6325
alta-b050,jan-p20-t1k,83,6473
alta-b050,jan-p20-t1k,84,6624
alta-b050,jan-p20-t1k,85,6780
alta-b050,jan-p20-t1k,86,6946
alta-b050,jan-p20-t1k,87,7121
alta-b050,jan-p20-t1k,88,7297
alta-b050,jan-p20-t1k,89,7485
alta-b050,jan-p20-t1k,90,7691
alta-b050,jan-p20-t1k,91,7904
alta-b050,jan-p20-t1k,92,8150
alta-b050,jan-p20-t1k,93,8405
alta-b050,jan-p20-t1k,94,8699
alta-b050,jan-p20-t1k,95,9036
alta-b050,jan-p20-t1k,96,9424
alta-b050,jan-p20-t1k,97,9908
alta-b050,jan-p20-t1k,98,10612
alta-b050,jan-p20-t1k,99,11731
alta-b050,jan-p01-t10k,1,0
alta-b050,jan-p01-t10k,2,2
alta-b050,jan-p01-t10k,3,5
alta-b050,jan-p01-t10k,4,8
alta-b050,jan-p01-t10k,5,13
alta-b050,jan-p01-t10k,6,17
alta-b050,jan-p01-t10k,7,22
alta-b050,jan-p01-t10k,8,27
alta-b050,jan-p01-t10k,9,33
alta-b050,jan-p01-t10k,10,39
alta-b050,jan-p01-t10k,11,45
alta-b050,jan-p01-t10k,12,52
alta-b050,jan-p01-t10k,13,63
alta-b050,jan-p01-t10k,14,74
alta-b050,jan-p01-t10k,15,80
alta-b050,jan-p01-t10k,16,91
alta-b050,jan-p01-t10k,17,100
alta-b050,jan-p01-t10k,18,113
alta-b050,jan-p01-t10k,19,121
alta-b050,jan-p01-t10k,20,131
alta-b050,jan-p01-t10k,21,140
alta-b050,jan-p01-t10k,22,153
alta-b050,jan-p01-t10k,23,169
alta-b050,jan-p01-t10k,24,185
alta-b050,jan-p01-t10k,25,196
alta-b050,jan-p01-t10k,26,210
alta-b050,jan-p01-t10k,27,225
alta-b050,jan-p01-t10k,28,244
alta-b050,jan-p01-t10k,29,262
alta-b050,jan-p01-t10k,30,276
alta-b050,jan-p01-t10k,31,297
alta-b050,jan-p01-t10k,32,313
alta-b050,jan-p01-t10k,33,326
alta-b050,jan-p01-t10k,34,342
alta-b050,jan-p01-t10k,35,364
alta-b050,jan-p01-t10k,36,385
alta-b050,jan-p01-t10k,37,408
alta-b050,jan-p01-t10k,38,429
alta-b050,jan-p01-t10k,39,450
alta-b050,jan-p01-t10k,40,473
alta-b050,jan-p01-t10k,41,494
alta-b050,jan-p01-t10k,42,520
alta-b050,jan-p01-t10k,43,545
alta-b050,jan-p01-t10k,44,577
alta-b050,jan-p01-t10k,45,605
alta-b050,jan-p01-t10k,46,632
alta-b050,jan-p01-t10k,47,663
alta-b050,jan-p01-t10k,48,701
alta-b050,jan-p01-t10k,49,725
alta-b050,jan-p01-t10k,50,752
alta-b050,jan-p01-t10k,51,790
alta-b050,jan-p01-t10k,52,824
alta-b050,jan-p01-t10k,53,856
alta-b050,jan-p01-t10k,54,886
alta-b050,jan-p01-t10k,55,920
alta-b050,jan-p01-t10k,56,954
alta-b050,jan-p01-t10k,57,991
alta-b050,jan-p01-t10k,58,1033
alta-b050,jan-p01-t10k,59,1069
alta-b050,jan-p01-t10k,60,1098
alta-b050,jan-p01-t10k,61,1136
alta-b050,jan-p01-t10k,62,1178
alta-b050,jan-p01-t10k,63,1221
alta-b050,jan-p01-t10k,64,1269
alta-b050,jan-p01-t10k,65,1320
alta-b050,jan-p01-t10k,66,1362
alta-b050,jan-p01-t10k,67,1410
alta-b050,jan-p01-t10k,68,1448
alta-b050,jan-p01-t10k,69,1497
alta-b050,jan-p01-t10k,70,1549
alta-b050,jan-p01-t10k,71,1604
alta-b050,jan-p01-t10k,72,1658
alta-b050,jan-p01-t10k,73,1709
alta-b050,jan-p01-t10k,74,1766
alta-b050,jan-p01-t10k,75,1826
alta-b050,jan-p01-t10k,76,1893
alta-b050,jan-p01-t10k,77,1961
alta-b050,jan-p01-t10k,78,2042
alta-b050,jan-p01-t10k,79,2103
alta-b050,jan-p01-t10k,80,2165
alta-b050,jan-p01-t10k,81,2216
alta-b050,jan-p01-t10k,82,2277
alta-b050,jan-p01-t10k,83,2339
alta-b050,jan-p01-t10k,84,2413
alta-b050,jan-p01-t10k,85,2501
alta-b050,jan-p01-t10k,86,2585
alta-b050,jan-p01-t10k,87,2657
alta-b050,jan-p01-t10k,88,2741
alta-b050,jan-p01-t10k,89,2834
alta-b050,jan-p01-t10k,90,2912
alta-b050,jan-p01-t10k,91,3005
alta-b050,jan-p01-t10k,92,3150
alta-b050,jan-p01-t10k,93,3273
alta-b050,jan-p01-t10k,94,3415
alta-b050,jan-p01-t10k,95,3572
alta-b050,jan-p01-t10k,96,3717
alta-b050,jan-p01-t10k,97,3892
alta-b050,jan-p01-t10k,98,4120
alta-b050,jan-p01-t10k,99,4405
alta-b050,jan-p10-t10k,1,1
alta-b050,jan-p10-t10k,2,4
alta-b050,jan-p10-t10k,3,8
alta-b050,jan-p10-t10k,4,12
alta-b050,jan-p10-t10k,5,18
alta-b050,jan-p10-t10k,6,24
alta-b050,jan-p10-t10k,7,32
alta-b050,jan-p10-t10k,8,41
alta-b050,jan-p10-t10k,9,50
alta-b050,jan-p10-t10k,10,61
alta-b050,jan-p10-t10k,11,72
alta-b050,jan-p10-t10k,12,85
alta-b050,jan-p10-t10k,13,98
alta-b050,jan-p10-t10k,14,111
alta-b050,jan-p10-t10k,15,126
alta-b050,jan-p10-t10k,16,143
alta-b050,jan-p10-t10k,17,161
alta-b050,jan-p10-t10k,18,177
alta-b050,jan-p10-t10k,19,198
alta-b050,jan-p10-t10k,20,217
alta-b050,jan-p10-t10k,21,239
alta-b050,jan-p10-t10k,22,262
alta-b050,jan-p10-t10k,23,286
alta-b050,jan-p10-t10k,24,310
alta-b050,jan-p10-t10k,25,335
alta-b050,jan-p10-t10k,26,362
alta-b050,jan-p10-t10k,27,390
alta-b050,jan-p10-t10k,28,419
alta-b050,jan-p10-t10k,29,448
alta-b050,jan-p10-t10k,30,480
alta-b050,jan-p10-t10k,31,514
alta-b050,jan-p10-t10k,32,548
alta-b050,jan-p10-t10k,33,584
alta-b050,jan-p10-t10k,34,621
alta-b050,jan-p10-t10k,35,661
alta-b050,jan-p10-t10k,36,701
alta-b050,jan-p10-t10k,37,739
alta-b050,jan-p10-t10k,38,781
alta-b050,jan-p10-t10k,39,825
alta-b050,jan-p10-t10k,40,868
alta-b050,jan-p10-t10k,41,915
alta-b050,jan-p10-t10k,42,960
alta-b050,jan-p10-t10k,43,1008
alta-b050,jan-p10-t10k,44,1058
alta-b050,jan-p10-t10k,45,1107
alta-b050,jan-p10-t10k,46,1160
alta-b050,jan-p10-t10k,47,1216
alta-b050,jan-p10-t10k,48,1273
alta-b050,jan-p10-t10k,49,1337
alta-b050,jan-p10-t10k,50,1396
alta-b050,jan-p10-t10k,51,1452
alta-b050,jan-p10-t10k,52,1514
alta-b050,jan-p10-t10k,53,1578
alta-b050,jan-p10-t10k,54,1645
alta-b050,jan-p10-t10k,55,1709
alta-b050,jan-p10-t10k,56,1779
alta-b050,jan-p10-t10k,57,1849
alta-b050,jan-p10-t10k,58,1923
alta-b050,jan-p10-t10k,59,2002
alta-b050,jan-p10-t10k,60,2081
alta-b050,jan-p10-t10k,61,2159
alta-b050,jan-p10-t10k,62,2238
alta-b050,jan-p10-t10k,63,2315
alta-b050,jan-p10-t10k,64,2401
alta-b050,jan-p10-t10k,65,2490
alta-b050,jan-p10-t10k,66,2573
alta-b050,jan-p10-t10k,67,2665
alta-b050,jan-p10-t10k,68,2757
alta-b050,jan-p10-t10k,69,2851
alta-b050,jan-p10-t10k,70,2953
alta-b050,jan-p10-t10k,71,3054
alta-b050,jan-p10-t10k,72,3159
alta-b050,jan-p10-t10k,73,3273
alta-b050,jan-p10-t10k,74,3392
alta-b050,jan-p10-t10k,75,3512
alta-b050,jan-p10-t10k,76,3631
alta-b050,jan-p10-t10k,77,3760
alta-b050,jan-p10-t10k,78,3894
alta-b050,jan-p10-t10k,79,4027
alta-b050,jan-p10-t10k,80,4170
alta-b050,jan-p10-t10k,81,4317
alta-b050,jan-p10-t10k,82,4467
alta-b050,jan-p10-t10k,83,4624
alta-b050,jan-p10-t10k,84,4792
alta-b050,jan-p10-t10k,85,4979
alta-b050,jan-p10-t10k,86,5191
alta-b050,jan-p10-t10k,87,5408
alta-b050,jan-p10-t10k,88,5633
alta-b050,jan-p10-t10k,89,5860
alta-b050,jan-p10-t10k,90,6099
alta-b050,jan-p10-t10k,91,6355
alta-b050,jan-p10-t10k,92,6627
alta-b050,jan-p10-t10k,93,6913
alta-b050,jan-p10-t10k,94,7225
alta-b050,jan-p10-t10k,95,7606
alta-b050,jan-p10-t10k,96,8078
alta-b050,jan-p10-t10k,97,8732
alta-b050,jan-p10-t10k,98,9575
alta-b050,jan-p10-t10k,99,10872
alta-b050,jan-p20-t10k,1,1
alta-b050,jan-p20-t10k,2,5
alta-b050,jan-p20-t10k,3,9
alta-b050,jan-p20-t10k,4,15
alta-b050,jan-p20-t10k,5,22
alta-b050,jan-p20-t10k,6,31
alta-b050,jan-p20-t10k,7,41
alta-b050,jan-p20-t10k,8,52
alta-b050,jan-p20-t10k,9,65
alta-b050,jan-p20-t10k,10,79
alta-b050,jan-p20-t10k,11,94
alta-b050,jan-p20-t10k,12,111
alta-b050,jan-p20-t10k,13,128
alta-b050,jan-p20-t10k,14,148
alta-b050,jan-p20-t10k,15,169
alta-b050,jan-p20-t10k,16,190
alta-b050,jan-p20-t10k,17,213
alta-b050,jan-p20-t10k,18,238
alta-b050,jan-p20-t10k,19,263
alta-b050,jan-p20-t10k,20,291
alta-b050,jan-p20-t10k,21,321
alta-b050,jan-p20-t10k,22,352
alta-b050,jan-p20-t10k,23,385
alta-b050,jan-p20-t10k,24,417
alta-b050,jan-p20-t10k,25,452
alta-b050,jan-p20-t10k,26,489
alta-b050,jan-p20-t10k,27,527
alta-b050,jan-p20-t10k,28,569
alta-b050,jan-p20-t10k,29,609
alta-b050,jan-p20-t10k,30,653
alta-b050,jan-p20-t10k,31,696
alta-b050,jan-p20-t10k,32,742
alta-b050,jan-p20-t10k,33,791
alta-b050,jan-p20-t10k,34,842
alta-b050,jan-p20-t10k,35,893
alta-b050,jan-p20-t10k,36,947
alta-b050,jan-p20-t10k,37,1000
alta-b050,jan-p20-t10k,38,1058
alta-b050,jan-p20-t10k,39,1115
alta-b050,jan-p20-t10k,40,1175
alta-b050,jan-p20-t10k,41,1237
alta-b050,jan-p20-t10k,42,1303
alta-b050,jan-p20-t10k,43,1371
alta-b050,jan-p20-t10k,44,1438
alta-b050,jan-p20-t10k,45,1510
alta-b050,jan-p20-t10k,46,1580
alta-b050,jan-p20-t10k,47,1653
alta-b050,jan-p20-t10k,48,1726
alta-b050,jan-p20-t10k,49,1801
alta-b050,jan-p20-t10k,50,1879
alta-b050,jan-p20-t10k,51,1959
alta-b050,jan-p20-t10k,52,2042
alta-b050,jan-p20-t10k,53,2123
alta-b050,jan-p20-t10k,54,2211
alta-b050,jan-p20-t10k,55,2299
alta-b050,jan-p20-t10k,56,2390
alta-b050,jan-p20-t10k,57,2480
alta-b050,jan-p20-t10k,58,2570
alta-b050,jan-p20-t10k,59,2666
alta-b050,jan-p20-t10k,60,2765
alta-b050,jan-p20-t10k,61,2867
alta-b050,jan-p20-t10k,62,2966
alta-b050,jan-p20-t10k,63,3067
alta-b050,jan-p20-t10k,64,3175
alta-b050,jan-p20-t10k,65,3290
alta-b050,jan-p20-t10k,66,3397
alta-b050,jan-p20-t10k,67,3511
alta-b050,jan-p20-t10k,68,3629
alta-b050,jan-p20-t10k,69,3743
alta-b050,jan-p20-t10k,70,3868
alta-b050,jan-p20-t10k,71,3994
alta-b050,jan-p20-t10k,72,4125
alta-b050,jan-p20-t10k,73,4255
alta-b050,jan-p20-t10k,74,4395
alta-b050,jan-p20-t10k,75,4529
alta-b050,jan-p20-t10k,76,4670
alta-b050,jan-p20-t10k,77,4813
alta-b050,jan-p20-t10k,78,4958
alta-b050,jan-p20-t10k,79,5112
alta-b050,jan-p20-t10k,80,5268
alta-b050,jan-p20-t10k,81,5429
alta-b050,jan-p20-t10k,82,5591
alta-b050,jan-p20-t10k,83,5757
alta-b050,jan-p20-t10k,84,5930
alta-b050,jan-p20-t10k,85,6105
alta-b050,jan-p20-t10k,86,6291
alta-b050,jan-p20-t10k,87,6480
alta-b050,jan-p20-t10k,88,6674
alta-b050,jan-p20-t10k,89,6881
alta-b050,jan-p20-t10k,90,7104
alta-b050,jan-p20-t10k,91,7350
alta-b050,jan-p20-t10k,92,7603
alta-b050,jan-p20-t10k,93,7896
alta-b050,jan-p20-t10k,94,8232
alta-b050,jan-p20-t10k,95,8634
alta-b050,jan-p20-t10k,96,9068
alta-b050,jan-p20-t10k,97,9586
alta-b050,jan-p20-t10k,98,10335
alta-b050,jan-p20-t10k,99,11502
